"sku","brand","brand_price_tier","model_name","gender_group","list_price","offer_price","is_polarized","is_on_sale","snapshot_date"
"192337010255","Celine","luxury","CL4002UN","women",480,480,0,0,"2026-09-27"
"192337010842","Celine","luxury","CL4004IN","women",530,530,1,0,"2026-09-27"
"192337010903","Celine","luxury","CL4005In","women",480,480,0,0,"2026-09-27"
"192337046803","Celine","luxury","CL40130I","women",510,510,0,0,"2026-09-27"
"192337062926","DIOR","luxury","DiorBlackSuit R2I","men",460,460,0,0,"2026-09-27"
"192337063183","DIOR","luxury","DiorBlackSuit RI","men",490,490,0,0,"2026-09-27"
"192337063411","DIOR","luxury","DiorXtrem MU","men",670,670,0,0,"2026-09-27"
"192337065309","DIOR","luxury","CD40021U","women",420,420,0,0,"2026-09-27"
"192337065699","DIOR","luxury","30Montaigne SU","women",580,580,0,0,"2026-09-27"
"192337065705","DIOR","luxury","30Montaigne SU","women",620,620,0,0,"2026-09-27"
"192337070341","DIOR","luxury","WilDior S2U","women",420,420,0,0,"2026-09-27"
"192337071102","DIOR","luxury","30Montaigne BU","women",620,620,0,0,"2026-09-27"
"192337076077","DIOR","luxury","DiorClub V1U 31B8","women",860,860,0,0,"2026-09-27"
"192337077180","Loewe","luxury","LW40064U","unisex",440,440,0,0,"2026-09-27"
"192337079337","DIOR","luxury","DiorClub M1U 31B8","women",730,730,0,0,"2026-09-27"
"192337081002","Celine","luxury","CL40193I","unisex",460,460,0,0,"2026-09-27"
"192337081071","Celine","luxury","CL40194U","women",550,550,0,0,"2026-09-27"
"192337086946","Fendi","luxury","FE40009I","women",440,440,0,0,"2026-09-27"
"192337087028","Fendi","luxury","FE40011U","women",470,470,0,0,"2026-09-27"
"192337087073","Fendi","luxury","FE40012U","women",470,470,0,0,"2026-09-27"
"192337087097","Fendi","luxury","FE40013U","women",550,550,0,0,"2026-09-27"
"192337091896","DIOR","luxury","DiorB23 S1I","men",470,470,0,0,"2026-09-27"
"192337093098","Celine","luxury","CL40187I","women",460,460,0,0,"2026-09-27"
"192337093104","Celine","luxury","CL4055IN","women",480,480,0,0,"2026-09-27"
"192337095726","DIOR","luxury","CD40072U","women",660,660,0,0,"2026-09-27"
"192337105388","Loewe","luxury","LW40088U","unisex",440,440,0,0,"2026-09-27"
"192337105548","Celine","luxury","CL40216U","women",550,550,0,0,"2026-09-27"
"192337107863","Celine","luxury","CL40235U","women",600,600,0,0,"2026-09-27"
"192337108006","DIOR","luxury","DiorClub M4U","women",730,730,0,0,"2026-09-27"
"192337108013","DIOR","luxury","DiorMidnight B1","women",460,460,0,0,"2026-09-27"
"192337108068","DIOR","luxury","DiorMidnight S1","women",460,460,0,0,"2026-09-27"
"192337110757","Celine","luxury","CL40226U","women",550,550,0,0,"2026-09-27"
"192337111150","Celine","luxury","CL4003IN","women",480,480,0,0,"2026-09-27"
"192337112591","DIOR","luxury","Dior B23 S3","men",470,470,0,0,"2026-09-27"
"192337112683","DIOR","luxury","CD Diamond S2","men",750,750,0,0,"2026-09-27"
"192337112690","DIOR","luxury","CD Diamond S2I","men",730,730,0,0,"2026-09-27"
"192337112829","DIOR","luxury","MissDior B2U","women",490,490,0,0,"2026-09-27"
"192337113284","DIOR","luxury","DiorPacific S1U","women",500,500,0,0,"2026-09-27"
"192337114472","Fendi","luxury","FE40066U","women",570,570,0,0,"2026-09-27"
"192337114526","Fendi","luxury","FE40067U","women",570,570,0,0,"2026-09-27"
"192337117626","DIOR","luxury","Dior B27 S1I","men",470,470,0,0,"2026-09-27"
"192337117756","Fendi","luxury","FE4075US","women",570,570,0,0,"2026-09-27"
"192337118579","Loewe","luxury","Anagram LW40101I","women",440,440,0,0,"2026-09-27"
"192337119040","DIOR","luxury","30Montaigne S7U","women",650,650,0,0,"2026-09-27"
"192337119088","DIOR","luxury","30Montaigne M1U","women",610,610,0,0,"2026-09-27"
"192337119095","DIOR","luxury","DiorSignature B4I","women",590,590,0,0,"2026-09-27"
"192337119170","DIOR","luxury","MissDior B5I","women",490,490,0,0,"2026-09-27"
"192337119217","DIOR","luxury","MissDior S1U","women",490,490,0,0,"2026-09-27"
"192337119224","DIOR","luxury","Missdior S1U","women",490,490,0,0,"2026-09-27"
"192337121326","Celine","luxury","CL40238U","women",550,550,0,0,"2026-09-27"
"192337121371","Celine","luxury","CL40239F","women",550,550,0,0,"2026-09-27"
"192337121562","Celine","luxury","CL40248I","men",480,480,0,0,"2026-09-27"
"192337122972","Fendi","luxury","FE40078I","men",490,490,0,0,"2026-09-27"
"192337125645","Fendi","luxury","FE4082US","women",570,570,0,0,"2026-09-27"
"192337130540","DIOR","luxury","CDsu","men",600,600,0,0,"2026-09-27"
"192337130625","DIOR","luxury","Indior S1I","men",440,440,0,0,"2026-09-27"
"192337130748","DIOR","luxury","DiorB23 S1I","men",520,520,0,0,"2026-09-27"
"192337130847","DIOR","luxury","CDdiamonda1U","men",850,850,0,0,"2026-09-27"
"192337130977","DIOR","luxury","Diorpacific S2U","women",520,520,0,0,"2026-09-27"
"192337130984","DIOR","luxury","Lady 9522 R2I","women",630,630,0,0,"2026-09-27"
"192337131028","DIOR","luxury","Lady9522S1I","women",630,630,0,0,"2026-09-27"
"192337132155","DIOR","luxury","30Montaigne SU","women",580,580,0,0,"2026-09-27"
"192337132216","DIOR","luxury","WilDior S2U","women",390,390,0,0,"2026-09-27"
"192337132230","DIOR","luxury","WilDior S2U","women",420,420,0,0,"2026-09-27"
"192337132612","DIOR","luxury","30MontaigneS7U","women",650,650,0,0,"2026-09-27"
"192337132728","Loewe","luxury","Paulaibiza2","men",560,560,0,0,"2026-09-27"
"192337133282","Celine","luxury","Metaltriomphe","women",600,600,0,0,"2026-09-27"
"192337134227","Fendi","luxury","FE40098I","women",490,490,0,0,"2026-09-27"
"192337134395","Celine","luxury","Triomphe","women",550,550,0,0,"2026-09-27"
"192337134821","DIOR","luxury","DiorClubv1U","women",860,860,0,0,"2026-09-27"
"192337134906","DIOR","luxury","DiorClubm1U","women",730,730,0,0,"2026-09-27"
"192337135309","DIOR","luxury","Diorblacksuit R6U Dm40112U","men",480,480,0,0,"2026-09-27"
"192337135804","DIOR","luxury","CD Diamond S5I","men",660,660,0,0,"2026-09-27"
"192337135842","DIOR","luxury","CD Diamond R2I","men",730,730,0,0,"2026-09-27"
"192337136146","DIOR","luxury","Diorblacksuit S3I Dm40032I","men",460,460,0,0,"2026-09-27"
"192337136160","DIOR","luxury","CD Diamond S2I","men",730,730,0,0,"2026-09-27"
"192337136191","DIOR","luxury","CD Diamond S4U","men",850,850,0,0,"2026-09-27"
"192337136368","Loewe","luxury","Paulas Ibiza LW40064U","unisex",440,440,0,0,"2026-09-27"
"192337136399","Loewe","luxury","Paulas Ibiza LW40108I","men",560,560,0,0,"2026-09-27"
"192337137457","DIOR","luxury","DiorHighLight S1I","women",490,490,0,0,"2026-09-27"
"192337137570","DIOR","luxury","DiorSignature B7I","women",590,590,0,0,"2026-09-27"
"192337137600","DIOR","luxury","DiorSignature B7I","women",590,590,0,0,"2026-09-27"
"192337137709","DIOR","luxury","DIORBLACKSUITS11I","men",490,490,0,0,"2026-09-27"
"192337138478","Loewe","luxury","Chunky Anagram LW40114I","women",440,440,0,0,"2026-09-27"
"192337138492","Loewe","luxury","LW40115U","women",490,490,0,0,"2026-09-27"
"192337139727","Fendi","luxury","Fendi Roma Fe40100I","women",380,380,0,0,"2026-09-27"
"192337142918","DIOR","luxury","30Montaigne S8U","women",560,560,0,0,"2026-09-27"
"192337143274","DIOR","luxury","DiorBlackSuit Ri","men",550,550,1,0,"2026-09-27"
"192337143359","DIOR","luxury","DiorBlackSuit R7U","men",480,480,0,0,"2026-09-27"
"192337143465","DIOR","luxury","Diorxplorer S1U","men",860,860,0,0,"2026-09-27"
"192337143502","DIOR","luxury","Diorblacksuit Xl S1I Dm40064I","men",550,550,0,0,"2026-09-27"
"192337145582","DIOR","luxury","DiorSignature B1U","women",590,590,0,0,"2026-09-27"
"192337145803","DIOR","luxury","Lady 9522 R2I","women",630,630,0,0,"2026-09-27"
"192337147296","Fendi","luxury","Fendi Roma Fe40101I","women",380,380,0,0,"2026-09-27"
"192337149559","DIOR","luxury","Diorblacksuit S12I Dm40125I","men",460,460,0,0,"2026-09-27"
"192337149627","DIOR","luxury","Cd Icon S1I Dm40122I","men",560,560,0,0,"2026-09-27"
"192337149702","DIOR","luxury","Cd Diamond S6I Dm40124I","men",750,750,0,0,"2026-09-27"
"192337149764","DIOR","luxury","Dior3D M1U Dm40126U","men",970,970,0,0,"2026-09-27"
"192337149788","DIOR","luxury","Dior3D S1I Dm40127I","men",660,660,1,0,"2026-09-27"
"192337149832","DIOR","luxury","Diorblacksuit S11I Dm40087I","men",490,490,0,0,"2026-09-27"
"192337150388","DIOR","luxury","CDior B2U","women",690,690,0,0,"2026-09-27"
"192337150401","DIOR","luxury","CDior B1U","women",630,630,0,0,"2026-09-27"
"192337150456","DIOR","luxury","Cdior B3U Cd40143U","women",710,710,0,0,"2026-09-27"
"192337150739","DIOR","luxury","30Montaigne S11I Cd40144I","women",860,860,0,0,"2026-09-27"
"192337150746","DIOR","luxury","Diorsignature S6U Cd40145U","women",590,590,0,0,"2026-09-27"
"192337150784","DIOR","luxury","30Montaigne B3U Cd40146U","women",610,610,0,0,"2026-09-27"
"192337150821","DIOR","luxury","Lady 95.22 B1I Cd40147I","women",630,630,0,0,"2026-09-27"
"192337150982","DIOR","luxury","Cdior S1I Cd40149I","women",690,690,0,0,"2026-09-27"
"192337151057","DIOR","luxury","Fildior S1U Cd40151U","women",610,610,0,0,"2026-09-27"
"192337151392","DIOR","luxury","30Montaigne S7U Cd40101U","women",610,610,0,0,"2026-09-27"
"192337151828","Fendi","luxury","Fendi Sky Fe40115U","men",530,530,0,0,"2026-09-27"
"192337153129","Fendi","luxury","Fendi Roma Fe40125I","women",380,380,0,0,"2026-09-27"
"192337156120","Loewe","luxury","Anagram Lw40127I","women",440,440,0,0,"2026-09-27"
"192337156168","Loewe","luxury","Anagram Lw40129U","women",440,440,0,0,"2026-09-27"
"192337160271","Celine","luxury","Metal Triomphe CL40281U","men",600,600,0,0,"2026-09-27"
"192337164651","Celine","luxury","Triomphe CL40282U","women",580,580,0,0,"2026-09-27"
"192337165054","Loewe","luxury","Think LW40133I","women",360,360,0,0,"2026-09-27"
"192337165078","Loewe","luxury","Thin LW40133I","women",360,360,0,0,"2026-09-27"
"192337165511","DIOR","luxury","CD Icon S3I DM40131I","men",550,550,0,0,"2026-09-27"
"192337165665","DIOR","luxury","Diorblacksuit S13I DM40136I","men",460,460,0,0,"2026-09-27"
"192337167232","DIOR","luxury","Dm40109I","men",660,660,0,0,"2026-09-27"
"192337167379","DIOR","luxury","Diorpacific B2I Cd40157I","women",520,520,0,0,"2026-09-27"
"192337168345","DIOR","luxury","Diorclub M7U CD40152U","women",730,730,0,0,"2026-09-27"
"192337168376","DIOR","luxury","CD Chain M1U CD40153U","women",650,650,0,0,"2026-09-27"
"192337168420","DIOR","luxury","CDior S2I CD40154I","women",690,690,0,0,"2026-09-27"
"192337168468","DIOR","luxury","30Montaigne B4I CD40155I","women",860,860,0,0,"2026-09-27"
"192337168475","DIOR","luxury","30Montaigne B5U CD40156U","women",600,600,0,0,"2026-09-27"
"192337168482","DIOR","luxury","30Montaigne B5U CD40156U","women",560,560,0,0,"2026-09-27"
"192337169946","DIOR","luxury","Diorpacific S1UCD40098U","women",490,490,0,0,"2026-09-27"
"192337171543","Celine","luxury","Bold 3 Dots CL40287U","women",480,480,0,0,"2026-09-27"
"192337173714","DIOR","luxury","Dm40141I","men",620,620,0,0,"2026-09-27"
"192337173738","DIOR","luxury","Dm40141I","men",550,550,0,0,"2026-09-27"
"192337173783","DIOR","luxury","Dm40143U","men",490,490,0,0,"2026-09-27"
"192337174490","DIOR","luxury","Dm40136I","men",460,460,0,0,"2026-09-27"
"192337175770","DIOR","luxury","Cd40162U","women",610,610,0,0,"2026-09-27"
"192337175862","DIOR","luxury","Cd40164I","women",620,620,0,0,"2026-09-27"
"192337175886","DIOR","luxury","Diorcannage Cd40165U","women",570,570,0,0,"2026-09-27"
"192337176678","Fendi","luxury","Fe40140U","women",490,490,0,0,"2026-09-27"
"192337176715","DIOR","luxury","Diorclub V1U","women",720,720,0,0,"2026-09-27"
"192337176722","DIOR","luxury","Cd40041U","women",720,720,0,0,"2026-09-27"
"192337176739","DIOR","luxury","Cd40113U","women",490,490,0,0,"2026-09-27"
"192337176753","DIOR","luxury","Cd40123I","women",490,490,0,0,"2026-09-27"
"192337176876","DIOR","luxury","Diormeteor B1I CD40167I","women",590,590,0,0,"2026-09-27"
"192337176913","DIOR","luxury","Diornuit S1I Cd40168I","women",530,530,0,0,"2026-09-27"
"192337176968","DIOR","luxury","CD40091I","women",450,450,0,0,"2026-09-27"
"192337178238","DIOR","luxury","DiorMidnight S1I CD40092I","women",450,450,0,0,"2026-09-27"
"192337178917","Loewe","luxury","Lw40144U","men",390,390,0,0,"2026-09-27"
"192337178962","Loewe","luxury","Lw40145I","women",440,440,0,0,"2026-09-27"
"192337179136","Loewe","luxury","LW40147I","women",360,360,0,0,"2026-09-27"
"192337180880","DIOR","luxury","Dior Cannage CD40172U","women",570,570,0,0,"2026-09-27"
"192337181290","DIOR","luxury","DiorSignature S11I CD40171I","women",590,590,0,0,"2026-09-27"
"192337181320","DIOR","luxury","Cd40171I","women",590,590,0,0,"2026-09-27"
"192337181962","Celine","luxury","CL40293U","women",600,600,0,0,"2026-09-27"
"192337183195","DIOR","luxury","CD40176I","women",590,590,0,0,"2026-09-27"
"192337183232","DIOR","luxury","Cd40175I","women",900,900,0,0,"2026-09-27"
"192337183348","DIOR","luxury","Dm40146U","men",690,690,0,0,"2026-09-27"
"192337183386","DIOR","luxury","Dm40148I","men",480,480,0,0,"2026-09-27"
"192337183423","DIOR","luxury","Dm40052I","men",470,470,0,0,"2026-09-27"
"192337183461","DIOR","luxury","Dm40083I","men",750,750,0,0,"2026-09-27"
"192337183621","Fendi","luxury","Fe40144I","men",390,390,0,0,"2026-09-27"
"192337184208","Celine","luxury","Triomphe Metal CL40235U","women",600,600,0,0,"2026-09-27"
"192337185830","DIOR","luxury","CD40178I","women",460,460,0,0,"2026-09-27"
"192337186301","DIOR","luxury","Cd40168I","women",500,500,0,0,"2026-09-27"
"192337186530","DIOR","luxury","Cd40127U","women",580,580,0,0,"2026-09-27"
"192337186578","DIOR","luxury","CD40101U","women",650,650,0,0,"2026-09-27"
"192337187025","Celine","luxury","CL40304U","women",550,550,0,0,"2026-09-27"
"192337197260","DIOR","luxury","Dm40026U","men",650,650,0,0,"2026-09-27"
"192337197277","DIOR","luxury","Dm40026U","men",570,570,0,0,"2026-09-27"
"192337198748","DIOR","luxury","Dioroblique S1I","men",590,590,0,0,"2026-09-27"
"192337198786","DIOR","luxury","Dioroblique S2I","men",590,590,0,0,"2026-09-27"
"192337198809","DIOR","luxury","Dioroblique S2I","men",690,690,0,0,"2026-09-27"
"192337198847","DIOR","luxury","Diorblacksuit S15I","men",490,490,0,0,"2026-09-27"
"192337198885","DIOR","luxury","Diortag R1I","men",550,550,0,0,"2026-09-27"
"192337199660","Loewe","luxury","Anagram LW40154U","women",470,470,0,0,"2026-09-27"
"192337200137","Loewe","luxury","Slim LW40157U","women",360,360,0,0,"2026-09-27"
"192337200823","DIOR","luxury","30Montaigne B6I","women",650,650,0,0,"2026-09-27"
"192337200960","DIOR","luxury","Diormidnight S4I","women",460,460,0,0,"2026-09-27"
"192337201035","DIOR","luxury","Verydior S1I","women",650,650,0,0,"2026-09-27"
"192337201110","DIOR","luxury","Diorcannage B1U","women",570,570,0,0,"2026-09-27"
"192337201219","DIOR","luxury","Diorsignature S13I","women",590,590,0,0,"2026-09-27"
"192337201271","DIOR","luxury","Neodior A1U","men",690,690,0,0,"2026-09-27"
"192337201301","DIOR","luxury","Cd40182I","women",570,570,0,0,"2026-09-27"
"192337201356","DIOR","luxury","MissDior S2I CD40183I","women",570,570,0,0,"2026-09-27"
"192337202421","DIOR","luxury","CD Diamond S9U","men",690,690,0,0,"2026-09-27"
"192337202858","DIOR","luxury","Cd40180U","women",720,720,0,0,"2026-09-27"
"192337204487","Fendi","luxury","Ff Diamonds FE40161I","women",490,490,0,0,"2026-09-27"
"192337213700","Celine","luxury","Triomphe CL40308U","women",550,550,0,0,"2026-09-27"
"192337225383","DIOR","luxury","Christinan Dior Label S1I","women",650,650,0,0,"2026-09-27"
"192337225390","DIOR","luxury","Christian Dior Label S1I","women",650,650,0,0,"2026-09-27"
"192337225451","DIOR","luxury","CD Diamond R5U","women",690,690,0,0,"2026-09-27"
"192337225482","DIOR","luxury","CD Diamond S11U","men",690,690,0,0,"2026-09-27"
"192337226571","DIOR","luxury","CDior S3U","women",650,650,0,0,"2026-09-27"
"192337226632","DIOR","luxury","CDIOR B5U","women",650,650,0,0,"2026-09-27"
"192337226694","DIOR","luxury","Diorglow B1I","women",610,610,0,0,"2026-09-27"
"192337227035","DIOR","luxury","Verydior S2I","men",600,600,0,0,"2026-09-27"
"192337228025","DIOR","luxury","Diortribales B1I","women",720,720,0,0,"2026-09-27"
"192337228681","DIOR","luxury","Diorpacific B3U","women",500,500,0,0,"2026-09-27"
"192337228889","Fendi","luxury","Fendi First Crystal FE4172US","women",570,570,0,0,"2026-09-27"
"192337228896","Fendi","luxury","Fendi First Crystal FE4172US","women",620,620,0,0,"2026-09-27"
"192337228995","DIOR","luxury","30Montaigne B5U","women",600,600,0,0,"2026-09-27"
"192337229244","Celine","luxury","Celine 3 Dots CL40321I","women",510,510,0,0,"2026-09-27"
"192337232862","DIOR","luxury","Diorpacific R1I","women",480,480,0,0,"2026-09-27"
"192337232909","DIOR","luxury","Diorpacific S3I","women",480,480,0,0,"2026-09-27"
"192337233968","DIOR","luxury","Diorblacksuit S17U","men",480,480,0,0,"2026-09-27"
"192337234040","DIOR","luxury","Dior Oblique S3I","men",590,590,0,0,"2026-09-27"
"192337234071","DIOR","luxury","Diorblacksuit S16I","men",460,460,0,0,"2026-09-27"
"192337234699","Fendi","luxury","Fendi First Crystal FE4075US","women",570,570,0,0,"2026-09-27"
"192337235924","DIOR","luxury","CDICON S2I","men",560,560,0,0,"2026-09-27"
"192337237386","DIOR","luxury","Diorsignature S14I","women",590,590,0,0,"2026-09-27"
"192337237560","DIOR","luxury","Diorpacific B4I","women",520,520,0,0,"2026-09-27"
"192337238888","DIOR","luxury","CD40170U","women",590,590,0,0,"2026-09-27"
"192337240140","Loewe","luxury","Anagram Lw40174I","women",440,440,0,0,"2026-09-27"
"192337240164","Loewe","luxury","Anagram Lw40175U","women",470,470,0,0,"2026-09-27"
"192337240348","Loewe","luxury","Signature Lw40179U","women",520,520,0,0,"2026-09-27"
"192337241826","Celine","luxury","Celine Triomphe CL40323U","unisex",550,550,0,0,"2026-09-27"
"192337242021","Celine","luxury","Metal Triomphe CL40325U","unisex",600,600,0,0,"2026-09-27"
"192337242038","Celine","luxury","Celine 3 Dots CL40324U","unisex",480,480,0,0,"2026-09-27"
"192337242830","Celine","luxury","CL40235U","men",600,600,0,0,"2026-09-27"
"192337249471","DIOR","luxury","Christian Dior Label R1I","men",650,650,0,0,"2026-09-27"
"192337249587","DIOR","luxury","CD Icon A1I","men",520,520,0,0,"2026-09-27"
"192337249662","DIOR","luxury","CD Icon S4I","men",520,520,0,0,"2026-09-27"
"192337250200","DIOR","luxury","30Montaigne S14I","women",650,650,0,0,"2026-09-27"
"192337250255","DIOR","luxury","Diormidnight B3I","women",460,460,0,0,"2026-09-27"
"192337250347","DIOR","luxury","Diorglow B2I","women",560,560,0,0,"2026-09-27"
"192337266997","Celine","luxury","CL40194U","men",550,550,0,0,"2026-09-27"
"192337272356","Fendi","luxury","FF Squared FE40183I","men",390,390,0,0,"2026-09-27"
"192337272516","DIOR","luxury","Cdior B6I","women",620,620,0,0,"2026-09-27"
"192337272547","DIOR","luxury","Cdior S5I","women",620,620,0,0,"2026-09-27"
"192337272622","DIOR","luxury","Diorcannage CD40210U","women",570,570,0,0,"2026-09-27"
"192337275470","DIOR","luxury","Diorcannage CD40209U","women",540,540,0,0,"2026-09-27"
"192337275692","DIOR","luxury","Diorbutterfly S2I","women",520,520,0,0,"2026-09-27"
"192337276101","DIOR","luxury","Diorsignature B1U Cd40139U","women",590,590,0,0,"2026-09-27"
"192337285622","DIOR","luxury","Dior Oblique S4I","men",620,620,0,0,"2026-09-27"
"192337285646","DIOR","luxury","Diortailoring N1I","men",640,640,0,0,"2026-09-27"
"192337285677","DIOR","luxury","Diortailoring S1I","men",640,640,0,0,"2026-09-27"
"192337285691","DIOR","luxury","Diorblacksuit S18U","men",480,480,0,0,"2026-09-27"
"192337287244","DIOR","luxury","30Montaigne B7I","women",810,810,0,0,"2026-09-27"
"192337289866","Loewe","luxury","Anagram Lw40181I","women",440,440,0,0,"2026-09-27"
"192337289897","Loewe","luxury","Anagram Lw40182U","women",420,420,0,0,"2026-09-27"
"192337290015","Loewe","luxury","Slim Lw40185I","women",360,360,0,0,"2026-09-27"
"192337290039","Loewe","luxury","Slim Lw40186I","women",440,440,0,0,"2026-09-27"
"192337290718","Fendi","luxury","Fendi Selleria FE40191I","men",460,460,0,0,"2026-09-27"
"192337291241","DIOR","luxury","Dm40019U","men",480,480,0,0,"2026-09-27"
"192337291722","DIOR","luxury","Diortreasure CD40231I","women",660,660,0,0,"2026-09-27"
"192337291746","DIOR","luxury","Diortreasure R1I","women",660,660,0,0,"2026-09-27"
"192337291852","DIOR","luxury","Diortreasure S1I","women",660,660,0,0,"2026-09-27"
"192337291883","DIOR","luxury","Diortribales B2U","women",690,690,0,0,"2026-09-27"
"192337291937","DIOR","luxury","Petit Cd S1I","women",490,490,0,0,"2026-09-27"
"192337291975","DIOR","luxury","Petit Cd S2I","men",490,490,0,0,"2026-09-27"
"192337293849","Loewe","luxury","Signature Lw40193U","men",560,560,0,0,"2026-09-27"
"192337293955","Loewe","luxury","Anagram Lw40194I","women",560,560,0,0,"2026-09-27"
"192337294358","Celine","luxury","Triomphe CL40330U","women",560,560,0,0,"2026-09-27"
"192337294389","Celine","luxury","Triomphe CL40331U","women",560,560,0,0,"2026-09-27"
"192337294464","Celine","luxury","Celine 3 Dots CL40332I","women",490,490,0,0,"2026-09-27"
"192337294549","Celine","luxury","Triomphe CL40334U","men",560,560,0,0,"2026-09-27"
"192337294594","Celine","luxury","Triomphe CL40335I","men",560,560,0,0,"2026-09-27"
"192337295270","Fendi","luxury","Fendigraphy FE40201I","women",490,490,0,0,"2026-09-27"
"192337295379","Fendi","luxury","Forever Fendi FE40204I","women",490,490,0,0,"2026-09-27"
"192337295447","Fendi","luxury","Forever Fendi FE40205I","women",390,390,0,0,"2026-09-27"
"192337296994","DIOR","luxury","Diorglow B1I","women",490,490,0,0,"2026-09-27"
"192337297373","DIOR","luxury","Cdior S4U","women",650,650,0,0,"2026-09-27"
"192337316296","Celine","luxury","Celine Defile CL40345I","women",530,530,0,0,"2026-09-27"
"192337316333","Celine","luxury","Metal CL40346U","women",470,470,0,0,"2026-09-27"
"192337316364","Celine","luxury","Celine Defile CL40347U","women",560,560,0,0,"2026-09-27"
"192337316401","Celine","luxury","Triomphe Mini CL40338U","women",450,450,0,0,"2026-09-27"
"192337316593","Celine","luxury","Celine 3 Dots CL40342I","women",480,480,0,0,"2026-09-27"
"192337319990","Fendi","luxury","BAGUETTE FE40216U","women",470,470,0,0,"2026-09-27"
"192337320170","Fendi","luxury","BAGUETTE FE40223I","women",470,470,0,0,"2026-09-27"
"192337320903","DIOR","luxury","DIORLUCKYCHARMS B1I","women",600,600,0,0,"2026-09-27"
"192337320965","DIOR","luxury","DIOR CLOVER B1I","women",660,660,0,0,"2026-09-27"
"192337322365","DIOR","luxury","DIORGLOW A1I","women",490,490,0,0,"2026-09-27"
"192337325441","DIOR","luxury","DIOROBLIQUE B1I","women",520,520,0,0,"2026-09-27"
"192337325519","DIOR","luxury","DIOROBLIQUE S1I","women",550,550,0,0,"2026-09-27"
"198537000119","Costa","premium","Fly Line","men",164,164,1,0,"2026-09-27"
"198537000157","Costa","premium","King Tide 8","men",359,359,1,0,"2026-09-27"
"198537000270","Costa","premium","Mainsail","men",285,285,1,0,"2026-09-27"
"198537000287","Costa","premium","Taxman","men",309,309,1,0,"2026-09-27"
"198537001222","Costa","premium","Keramas","women",262,262,1,0,"2026-09-27"
"198537002250","Costa","premium","Piper","women",345,345,1,0,"2026-09-27"
"198537008139","Costa","premium","Catherine","women",285,285,1,0,"2026-09-27"
"198537008436","Costa","premium","Antille","men",248,248,1,0,"2026-09-27"
"198537008467","Costa","premium","Pargo","men",225,225,1,0,"2026-09-27"
"198537008481","Costa","premium","Santiago","men",225,225,1,0,"2026-09-27"
"198537009174","Costa","premium","Luna Nueva","women",262,262,1,0,"2026-09-27"
"198537009181","Costa","premium","Luna Nueva","women",222,222,1,0,"2026-09-27"
"198537009266","Costa","premium","Trades","men",222,222,1,0,"2026-09-27"
"198537009297","Costa","premium","Mainsail XL","men",285,285,1,0,"2026-09-27"
"198537009327","Costa","premium","Mainsail XL","men",222,222,1,0,"2026-09-27"
"198537009358","Costa","premium","Schoolie","men",136,136,1,0,"2026-09-27"
"198537009396","Costa","premium","Schoolie","men",157,157,1,0,"2026-09-27"
"198537009433","Costa","premium","Brine II","men",185,185,1,0,"2026-09-27"
"198537009563","Costa","premium","Seadrift","women",261,261,1,0,"2026-09-27"
"198537009679","Costa","premium","Lido","men",286,286,1,0,"2026-09-27"
"198537009778","Costa","premium","Corrientes","women",262,262,1,0,"2026-09-27"
"198537009877","Costa","premium","Clemente","men",249,249,1,0,"2026-09-27"
"198537009983","Costa","premium","Street Heat","men",157,157,1,0,"2026-09-27"
"198537010019","Costa","premium","Street Heat","men",136,136,1,0,"2026-09-27"
"198537018763","Costa","premium","Trades","men",285,285,1,0,"2026-09-27"
"198537018770","Costa","premium","Ballast","men",222,222,1,0,"2026-09-27"
"198537019128","Costa","premium","Middles","unisex",262,262,1,0,"2026-09-27"
"198537019241","Costa","premium","Gravels","men",262,262,1,0,"2026-09-27"
"198537020131","Costa","premium","Peli","unisex",298,298,1,0,"2026-09-27"
"198537020155","Costa","premium","Wader","men",298,298,1,0,"2026-09-27"
"198537020162","Costa","premium","Canaveral","men",322,322,1,0,"2026-09-27"
"198537024191","Costa","premium","San Carlos","men",185,185,1,0,"2026-09-27"
"198537024207","Costa","premium","Caleta","women",225,225,1,0,"2026-09-27"
"198537024542","Costa","premium","Bulley Bait","men",248,248,1,0,"2026-09-27"
"198537024610","Costa","premium","Mooring","unisex",225,225,1,0,"2026-09-27"
"198537024634","Costa","premium","Rizzler","unisex",136,136,1,0,"2026-09-27"
"198537024689","Costa","premium","Rizzler","unisex",157,157,1,0,"2026-09-27"
"198537024740","Costa","premium","Sunlace","women",248,248,1,0,"2026-09-27"
"198537024825","Costa","premium","Tavi","men",248,248,1,0,"2026-09-27"
"198537025587","Costa","premium","Crudo","men",248,248,1,0,"2026-09-27"
"198537025655","Costa","premium","Broadbill II XL","men",285,285,1,0,"2026-09-27"
"603429007584","Maui Jim","premium","Hookipa","men",229,229,1,0,"2026-09-27"
"603429008505","Maui Jim","premium","Hookipa","men",229,229,1,0,"2026-09-27"
"603429008512","Maui Jim","premium","Sandy Beach","unisex",229,229,1,0,"2026-09-27"
"603429010843","Maui Jim","premium","405Makaha","unisex",229,229,1,0,"2026-09-27"
"603429011505","Maui Jim","premium","Stingray","unisex",289,289,1,0,"2026-09-27"
"603429014704","Maui Jim","premium","Banyans","men",249,249,1,0,"2026-09-27"
"603429015510","Maui Jim","premium","421 Sugar Beach","unisex",199,199,1,0,"2026-09-27"
"603429015541","Maui Jim","premium","Breakwall","unisex",199,199,1,0,"2026-09-27"
"603429015848","Maui Jim","premium","Peahi","men",289,289,1,0,"2026-09-27"
"603429017385","Maui Jim","premium","423 Lighthouse","men",199,199,1,0,"2026-09-27"
"603429017552","Maui Jim","premium","219 Punchbowl","women",289,289,1,0,"2026-09-27"
"603429017996","Maui Jim","premium","Baby Beach","women",339,339,1,0,"2026-09-27"
"603429018818","Maui Jim","premium","327 Guardrails","unisex",369,369,1,0,"2026-09-27"
"603429018870","Maui Jim","premium","Wiki Wiki","unisex",339,339,1,0,"2026-09-27"
"603429019662","Maui Jim","premium","Cliff House","unisex",339,339,1,0,"2026-09-27"
"603429021214","Maui Jim","premium","Black Coral","unisex",339,339,1,0,"2026-09-27"
"603429022112","Maui Jim","premium","264 Mavericks","unisex",339,339,1,0,"2026-09-27"
"603429025519","Maui Jim","premium","World Cup","unisex",289,289,1,0,"2026-09-27"
"603429025526","Maui Jim","premium","World Cup","unisex",289,289,1,0,"2026-09-27"
"603429027674","Maui Jim","premium","Nalani","women",319,319,1,0,"2026-09-27"
"603429027681","Maui Jim","premium","Mj000406 Mjnalani","women",319,319,1,0,"2026-09-27"
"603429028633","Maui Jim","premium","Kawika","unisex",339,339,1,0,"2026-09-27"
"603429028749","Maui Jim","premium","Kipahulu","unisex",289,289,1,0,"2026-09-27"
"603429029043","Maui Jim","premium","Hookipa","unisex",229,229,1,0,"2026-09-27"
"603429029692","Maui Jim","premium","Twin Falls","unisex",259,259,1,0,"2026-09-27"
"603429030612","Maui Jim","premium","123 Wassup","unisex",289,289,1,0,"2026-09-27"
"603429032494","Maui Jim","premium","700 Cloud Break","women",289,289,1,0,"2026-09-27"
"603429032654","Maui Jim","premium","Red Sands","unisex",259,259,1,0,"2026-09-27"
"603429034665","Maui Jim","premium","433 Koki Beach","women",259,259,1,0,"2026-09-27"
"603429035624","Maui Jim","premium","Wiki Wiki","unisex",339,339,1,0,"2026-09-27"
"603429035631","Maui Jim","premium","Cliff House","unisex",339,339,1,0,"2026-09-27"
"603429036430","Maui Jim","premium","735 Orchid","women",289,289,1,0,"2026-09-27"
"603429036539","Maui Jim","premium","728 Castles","unisex",339,339,1,0,"2026-09-27"
"603429038946","Maui Jim","premium","723 Ocean","women",289,289,1,0,"2026-09-27"
"603429041298","Maui Jim","premium","Hookipa","unisex",229,229,1,0,"2026-09-27"
"603429041304","Maui Jim","premium","Red Sands","unisex",259,259,1,0,"2026-09-27"
"603429041335","Maui Jim","premium","Peahi","unisex",289,289,1,0,"2026-09-27"
"603429044732","Maui Jim","premium","Koko Head","unisex",289,289,1,0,"2026-09-27"
"603429048709","Maui Jim","premium","746 Byron Bay","unisex",289,289,1,0,"2026-09-27"
"603429048747","Maui Jim","premium","744Starfish","women",289,289,1,0,"2026-09-27"
"603429049119","Maui Jim","premium","437 Kaupo Gap","unisex",259,259,1,0,"2026-09-27"
"603429050092","Maui Jim","premium","766 Kanaio Coast","unisex",289,289,1,0,"2026-09-27"
"603429050290","Maui Jim","premium","MJ000458","unisex",339,339,1,0,"2026-09-27"
"603429050368","Maui Jim","premium","758 Honi","women",289,289,1,0,"2026-09-27"
"603429051174","Maui Jim","premium","Barrier Reef","unisex",289,289,1,0,"2026-09-27"
"603429054175","Maui Jim","premium","804 Makoa","men",279,279,1,0,"2026-09-27"
"603429054397","Maui Jim","premium","537 Olu Olu","women",289,289,1,0,"2026-09-27"
"603429055547","Maui Jim","premium","Local Kine","men",289,289,0,0,"2026-09-27"
"603429055554","Maui Jim","premium","Local Kine","men",289,289,1,0,"2026-09-27"
"603429055578","Maui Jim","premium","Local Kine","men",289,289,0,0,"2026-09-27"
"603429055875","Maui Jim","premium","798 Onshore","men",289,289,1,0,"2026-09-27"
"603429056063","Maui Jim","premium","Akau","unisex",209,209,1,0,"2026-09-27"
"603429056131","Maui Jim","premium","B443-05CM","unisex",209,209,0,0,"2026-09-27"
"603429056155","Maui Jim","premium","Hema","unisex",209,209,0,0,"2026-09-27"
"603429056179","Maui Jim","premium","Hikina","unisex",199,199,1,0,"2026-09-27"
"603429056964","Maui Jim","premium","Southern Cross","men",289,289,1,0,"2026-09-27"
"603429057015","Maui Jim","premium","Lele Kawa","unisex",289,289,1,0,"2026-09-27"
"603429065270","Maui Jim","premium","Wana","men",369,369,1,0,"2026-09-27"
"603429065393","Maui Jim","premium","Ohai","unisex",339,339,1,0,"2026-09-27"
"603429067335","Maui Jim","premium","Alenuihaha","unisex",289,289,1,0,"2026-09-27"
"603429067373","Maui Jim","premium","Kaiwi Channel","unisex",289,289,1,0,"2026-09-27"
"603429068905","Maui Jim","premium","Equator","unisex",289,289,1,0,"2026-09-27"
"603429069049","Maui Jim","premium","Anuenue","women",249,249,1,0,"2026-09-27"
"603429069100","Maui Jim","premium","Puu Kukui","men",429,429,1,0,"2026-09-27"
"603429069445","Maui Jim","premium","Hookipa Asian Fit","unisex",229,229,1,0,"2026-09-27"
"603429069834","Maui Jim","premium","Cruzem","men",289,289,1,0,"2026-09-27"
"603429069872","Maui Jim","premium","Huelo","unisex",259,259,1,0,"2026-09-27"
"603429070304","Maui Jim","premium","Keokea","unisex",259,259,0,0,"2026-09-27"
"603429070946","Maui Jim","premium","Kou","women",369,369,1,0,"2026-09-27"
"603429071486","Maui Jim","premium","Pehu","unisex",209,209,1,0,"2026-09-27"
"603429071523","Maui Jim","premium","Pailolo","men",209,209,1,0,"2026-09-27"
"603429072032","Maui Jim","premium","One Way","unisex",289,289,1,0,"2026-09-27"
"603429072407","Maui Jim","premium","Aeko","men",319,319,1,0,"2026-09-27"
"603429072919","Maui Jim","premium","Keahi","unisex",289,289,1,0,"2026-09-27"
"603429072957","Maui Jim","premium","Alulu","women",369,369,1,0,"2026-09-27"
"603429073114","Maui Jim","premium","Mamane","women",399,399,1,0,"2026-09-27"
"603429073312","Maui Jim","premium","Sharks Cove","unisex",289,289,1,0,"2026-09-27"
"603429074067","Maui Jim","premium","Hookipa","women",229,229,1,0,"2026-09-27"
"603429074579","Maui Jim","premium","The Flats","unisex",289,289,1,0,"2026-09-27"
"603429074838","Maui Jim","premium","Valley Isle","unisex",369,369,1,0,"2026-09-27"
"603429075583","Maui Jim","premium","Mangroves","men",289,289,1,0,"2026-09-27"
"603429075637","Maui Jim","premium","Kahiko","unisex",199,199,1,0,"2026-09-27"
"603429075743","Maui Jim","premium","Kupale","unisex",199,199,1,0,"2026-09-27"
"603429075859","Maui Jim","premium","Laulima","men",259,259,1,0,"2026-09-27"
"603429075903","Maui Jim","premium","Laulima Af","men",259,259,1,0,"2026-09-27"
"603429076047","Maui Jim","premium","Lanakila","men",419,419,1,0,"2026-09-27"
"603429076351","Maui Jim","premium","MJ0642S","men",369,369,1,0,"2026-09-27"
"603429076474","Maui Jim","premium","Hiehie","unisex",369,369,1,0,"2026-09-27"
"603429076498","Maui Jim","premium","Kupaa","men",369,369,1,0,"2026-09-27"
"603429076696","Maui Jim","premium","Kaolu","men",309,309,1,0,"2026-09-27"
"603429076849","Maui Jim","premium","Piha","men",449,449,1,0,"2026-09-27"
"603429078409","Maui Jim","premium","Amberjack","unisex",289,289,1,0,"2026-09-27"
"603429079765","Maui Jim","premium","Hau Oli","men",229,229,1,0,"2026-09-27"
"603429079888","Maui Jim","premium","Puakea","men",279,279,1,0,"2026-09-27"
"603429079918","Maui Jim","premium","Kiopaa","women",309,309,1,0,"2026-09-27"
"603429079987","Maui Jim","premium","Hulili","men",309,309,1,0,"2026-09-27"
"603429080105","Maui Jim","premium","Hauu Oli XL","men",229,229,1,0,"2026-09-27"
"603429080150","Maui Jim","premium","Ocean","women",289,289,1,0,"2026-09-27"
"603429080181","Maui Jim","premium","Castles","unisex",339,339,1,0,"2026-09-27"
"603429080198","Maui Jim","premium","Honi","women",289,289,1,0,"2026-09-27"
"603429081393","Maui Jim","premium","Hookipa Ultra","unisex",269,269,1,0,"2026-09-27"
"603429081485","Maui Jim","premium","Palulu","unisex",309,309,1,0,"2026-09-27"
"603429081522","Maui Jim","premium","Ano Nui","unisex",289,289,1,0,"2026-09-27"
"603429081560","Maui Jim","premium","Mauklele","unisex",289,289,1,0,"2026-09-27"
"603429081591","Maui Jim","premium","Hoopili","unisex",279,279,1,0,"2026-09-27"
"603429081775","Maui Jim","premium","Kaulike","unisex",199,199,1,0,"2026-09-27"
"603429081843","Maui Jim","premium","Hiwahiwa","unisex",369,369,1,0,"2026-09-27"
"603429081997","Maui Jim","premium","Kikonia Xl","unisex",339,339,1,0,"2026-09-27"
"603429084189","Maui Jim","premium","Okina","men",369,369,1,0,"2026-09-27"
"603429092535","Maui Jim","premium","Pio","unisex",309,309,1,0,"2026-09-27"
"603429093310","Maui Jim","premium","Ho’okipa Ultra R","men",279,279,1,0,"2026-09-27"
"603429093396","Maui Jim","premium","Moaka","unisex",309,309,1,0,"2026-09-27"
"603429093808","Maui Jim","premium","423 Lighthouse","women",199,199,1,0,"2026-09-27"
"664689523993","Tom Ford","luxury","FT0248 Henry","men",530,530,0,0,"2026-09-27"
"664689602865","Tom Ford","luxury","Ft0334 Dimitry","men",490,490,0,0,"2026-09-27"
"664689718597","Tom Ford","luxury","Ft0447 Jacob","men",490,490,0,0,"2026-09-27"
"664689828753","Tom Ford","luxury","FT0502","women",310,310,0,0,"2026-09-27"
"664689846986","Tom Ford","luxury","Alasdhair","men",550,550,0,0,"2026-09-27"
"664689929313","Tom Ford","luxury","FT0613","women",490,490,0,0,"2026-09-27"
"700285034737","Oakley","mid","Gascan®","men",139,139,0,0,"2026-09-27"
"700285081205","Oakley","mid","Standard Issue Straight Jacket®","men",163,163,0,0,"2026-09-27"
"700285111391","Oakley","mid","Standard Issue Ballistic M Frame® 2.0 Strike - ANSI Z87.1 Stamped","unisex",175,175,0,0,"2026-09-27"
"700285111407","Oakley","mid","Standard Issue Ballistic M Frame® 2.0 Strike - ANSI Z87.1 Stamped","unisex",175,175,0,0,"2026-09-27"
"700285128375","Oakley","mid","Valve®","men",257,257,1,0,"2026-09-27"
"700285128566","Oakley","mid","Gascan®","men",203,203,1,0,"2026-09-27"
"700285232584","Oakley","mid","SI Ballistic M Frame 2.0 Matte Black w/ Clear, Grey, VR28","unisex",256,256,0,0,"2026-09-27"
"700285321332","Oakley","mid","Fuel Cell","men",204,204,1,0,"2026-09-27"
"700285359380","Oakley","mid","Standard Issue Flak Jacket® XLJ","unisex",246,246,1,0,"2026-09-27"
"700285466675","Oakley","mid","Standard Issue Fuel Cell USA Flag Collection","men",151,151,0,0,"2026-09-27"
"700285494227","Oakley","mid","Half Jacket® 2.0 XL","men",215,215,1,0,"2026-09-27"
"700285739908","Oakley","mid","Unstoppable","women",228,228,1,0,"2026-09-27"
"700285787091","Oakley","mid","Fives Squared®","men",127,127,0,0,"2026-09-27"
"700285787107","Oakley","mid","Fives Squared®","men",191,191,1,0,"2026-09-27"
"700285807669","Oakley","mid","Square Wire™","men",223,223,0,0,"2026-09-27"
"700285807683","Oakley","mid","Square Wire™","men",265,265,1,0,"2026-09-27"
"700285854458","Oakley","mid","Standard Issue Ballistic M Frame® 3.0 Shooting Specific","unisex",197,197,0,0,"2026-09-27"
"700285863214","Oakley","mid","Feedback","women",212,212,0,0,"2026-09-27"
"700285879536","Oakley","mid","Valve®","men",246,246,1,0,"2026-09-27"
"700285887470","Oakley","mid","Standard Issue Quarter Jacket™ (Youth Fit)","men",127,127,0,0,"2026-09-27"
"700285887487","Oakley","mid","Standard Issue Quarter Jacket™","men",180,180,1,0,"2026-09-27"
"700285910703","Oakley","mid","Chainlink™","men",257,257,1,0,"2026-09-27"
"713132003763","Persol","luxury","PO0714 714 - Original","men",452,452,0,0,"2026-09-27"
"713132161937","Persol","luxury","PO2803S","men",397,397,1,0,"2026-09-27"
"713132341919","Persol","luxury","714SM - Steve McQueen","men",511,511,0,0,"2026-09-27"
"713132365243","Persol","luxury","649 - Original","men",363,363,0,0,"2026-09-27"
"713132394120","Persol","luxury","PO3019S","men",333,333,0,0,"2026-09-27"
"713132438992","Ray-Ban","mid","Clubmaster Oversized","men",191,191,0,0,"2026-09-27"
"713132439968","Persol","luxury","714 - Original","men",516,516,1,0,"2026-09-27"
"713132449288","Ray-Ban","mid","RB4179 Liteforce","men",227,158.9,0,1,"2026-09-27"
"713132452646","Ray-Ban","mid","RB4181","men",215,215,1,0,"2026-09-27"
"713132581131","Ray-Ban","mid","Chris","men",176,176,0,0,"2026-09-27"
"725125008884","Michael Kors","mid","Zermatt","women",154,154,1,0,"2026-09-27"
"725125013215","Coach","mid","L1083","women",245,245,1,0,"2026-09-27"
"725125013819","Coach","mid","L1089","women",173,86.5,0,1,"2026-09-27"
"725125030373","Coach","mid","L1101","women",223,223,1,0,"2026-09-27"
"725125032490","Michael Kors","mid","Isle Of Palms","women",111,111,0,0,"2026-09-27"
"725125032551","Michael Kors","mid","Isle Of Palms","women",154,154,1,0,"2026-09-27"
"725125067591","Coach","mid","L1116","women",203,203,0,0,"2026-09-27"
"725125084130","Tory Burch","mid","TY7143U","women",191,191,0,0,"2026-09-27"
"725125108355","Coach","mid","L1128","women",181,181,0,0,"2026-09-27"
"725125125406","Coach","mid","L1130","women",213,106.5,0,1,"2026-09-27"
"725125125475","Coach","mid","L1137","women",223,111.5,1,1,"2026-09-27"
"725125127554","Michael Kors","mid","Corsica","women",204,204,0,0,"2026-09-27"
"725125155809","Coach","mid","L1147","women",203,142.1,0,1,"2026-09-27"
"725125365604","Michael Kors","mid","Anaheim","women",111,111,0,0,"2026-09-27"
"725125365628","Michael Kors","mid","Anaheim","women",154,154,1,0,"2026-09-27"
"725125366809","Michael Kors","mid","Manhasset","women",177,177,0,0,"2026-09-27"
"725125368896","Michael Kors","mid","Zermatt","women",111,111,0,0,"2026-09-27"
"725125370967","Coach","mid","C6196","men",203,203,0,0,"2026-09-27"
"725125371094","Coach","mid","C6180","women",190,190,0,0,"2026-09-27"
"725125371292","Coach","mid","C6178","women",171,85.5,0,1,"2026-09-27"
"725125371353","Coach","mid","C6178","women",181,181,0,0,"2026-09-27"
"725125371360","Coach","mid","HC8323U C6185","women",226,113,0,1,"2026-09-27"
"725125371803","Coach","mid","C6181","women",226,113,0,1,"2026-09-27"
"725125372299","Coach","mid","C6199","women",181,181,0,0,"2026-09-27"
"725125377621","Coach","mid","C7989","women",190,190,0,0,"2026-09-27"
"725125378444","Coach","mid","C7997","women",181,181,0,0,"2026-09-27"
"725125379274","Michael Kors","mid","Baja","women",167,83.5,0,1,"2026-09-27"
"725125381109","Tory Burch","mid","TY6089","women",210,210,0,0,"2026-09-27"
"725125381390","Tory Burch","mid","TY7167U","women",191,191,0,0,"2026-09-27"
"725125381413","Tory Burch","mid","TY7169U","women",203,203,0,0,"2026-09-27"
"725125381642","Tory Burch","mid","TY7168U","women",221,110.5,1,1,"2026-09-27"
"725125383424","Michael Kors","mid","Karlie","women",155,155,0,0,"2026-09-27"
"725125387262","Coach","mid","CD472","women",190,190,0,0,"2026-09-27"
"725125387583","Coach","mid","CD474","women",219,109.5,0,1,"2026-09-27"
"725125388214","Michael Kors","mid","Chianti","women",177,88.5,0,1,"2026-09-27"
"725125388443","Michael Kors","mid","San Marino","women",155,155,0,0,"2026-09-27"
"725125389211","Tory Burch","mid","TY7180U","women",203,101.5,0,1,"2026-09-27"
"725125390460","Tory Burch","mid","TY7179U","women",191,191,0,0,"2026-09-27"
"725125390774","Tory Burch","mid","TY7184U","women",198,99,0,1,"2026-09-27"
"725125390828","Tory Burch","mid","TY7184U","women",210,210,0,0,"2026-09-27"
"725125392754","Coach","mid","CH564","women",219,109.5,0,1,"2026-09-27"
"725125393140","Coach","mid","CH574","women",203,203,0,0,"2026-09-27"
"725125393324","Coach","mid","CH556","women",181,181,0,0,"2026-09-27"
"725125393812","Coach","mid","CH570","women",203,101.5,0,1,"2026-09-27"
"725125393966","Coach","mid","CH572","women",181,181,0,0,"2026-09-27"
"725125394123","Coach","mid","CK470","men",219,219,0,0,"2026-09-27"
"725125395380","Michael Kors","mid","Empire Butterfly","women",193,96.5,0,1,"2026-09-27"
"725125395724","Michael Kors","mid","Mallorca","women",155,155,0,0,"2026-09-27"
"725125395809","Michael Kors","mid","Empire Square","women",177,177,0,0,"2026-09-27"
"725125396028","Michael Kors","mid","Empire","women",193,96.5,0,1,"2026-09-27"
"725125396967","Tory Burch","mid","TY7191U","women",203,203,0,0,"2026-09-27"
"725125398060","Tory Burch","mid","TY7187U","women",191,191,0,0,"2026-09-27"
"725125398510","Tory Burch","mid","TY6097","women",222,111,0,1,"2026-09-27"
"725125399135","Michael Kors","mid","Bleecker","women",253,126.5,0,1,"2026-09-27"
"725125399159","Michael Kors","mid","Empire Square","women",207,103.5,1,1,"2026-09-27"
"725125399166","Michael Kors","mid","Empire Aviator","women",233,116.5,1,1,"2026-09-27"
"725125399180","Michael Kors","mid","Bali","women",145,72.5,1,1,"2026-09-27"
"725125399913","Coach","mid","CL925","women",226,113,0,1,"2026-09-27"
"725125400015","Coach","mid","CL920","women",203,203,0,0,"2026-09-27"
"725125400022","Coach","mid","CL920","women",245,171.5,1,1,"2026-09-27"
"725125400046","Coach","mid","CL920","women",203,142.1,0,1,"2026-09-27"
"725125400817","Coach","mid","CL926","women",226,226,0,0,"2026-09-27"
"725125400848","Coach","mid","CL926","women",268,187.6,1,1,"2026-09-27"
"725125400855","Coach","mid","CL918","women",192,96,0,1,"2026-09-27"
"725125400909","Coach","mid","CL926","women",226,113,0,1,"2026-09-27"
"725125400930","Coach","mid","CL919","women",203,203,0,0,"2026-09-27"
"725125400947","Coach","mid","CL918","women",203,203,0,0,"2026-09-27"
"725125402255","Michael Kors","mid","Harbour Island","women",111,55.5,0,1,"2026-09-27"
"725125402293","Michael Kors","mid","Jasper","women",111,111,0,0,"2026-09-27"
"725125402378","Michael Kors","mid","Canberra","women",111,111,0,0,"2026-09-27"
"725125402408","Michael Kors","mid","Canberra","women",154,154,1,0,"2026-09-27"
"725125402415","Michael Kors","mid","Canberra","women",111,55.5,0,1,"2026-09-27"
"725125402705","Michael Kors","mid","Montecito","women",204,204,0,0,"2026-09-27"
"725125406178","Michael Kors","mid","Cortez","women",172,86,1,1,"2026-09-27"
"725125410243","Michael Kors","mid","Greenpoint","women",225,112.5,0,1,"2026-09-27"
"725125428132","Michael Kors","mid","Manhasset","women",177,88.5,0,1,"2026-09-27"
"725125439855","Tory Burch","mid","TY7192U","women",210,210,0,0,"2026-09-27"
"725125450249","Michael Kors","mid","Acadia","women",219,109.5,1,1,"2026-09-27"
"725125480352","Coach","mid","CR610","women",181,181,0,0,"2026-09-27"
"725125482875","Coach","mid","CR609","women",181,181,0,0,"2026-09-27"
"725125483711","Coach","mid","CR962","women",203,203,0,0,"2026-09-27"
"725125488730","Coach","mid","CR635","women",190,190,0,0,"2026-09-27"
"725125490986","Coach","mid","CR636","women",203,203,0,0,"2026-09-27"
"725125491013","Coach","mid","CR638","women",190,190,0,0,"2026-09-27"
"725125501576","Coach","mid","CR631","men",190,190,0,0,"2026-09-27"
"725125501675","Coach","mid","CR611","women",219,219,0,0,"2026-09-27"
"725125501682","Coach","mid","CR612","women",219,219,0,0,"2026-09-27"
"725125501729","Coach","mid","CR620","women",203,203,0,0,"2026-09-27"
"725125501811","Coach","mid","CR628","men",203,203,0,0,"2026-09-27"
"725125501859","Coach","mid","CR630","men",203,203,0,0,"2026-09-27"
"725125501880","Coach","mid","CR615","women",203,203,0,0,"2026-09-27"
"725125507561","Michael Kors","mid","Blue Ridge","men",155,155,0,0,"2026-09-27"
"725125507592","Michael Kors","mid","Whistler","men",155,155,0,0,"2026-09-27"
"725125507615","Michael Kors","mid","Keswick","men",204,204,0,0,"2026-09-27"
"725125510608","Michael Kors","mid","Cadiz","women",204,204,0,0,"2026-09-27"
"725125510639","Michael Kors","mid","Portugal","women",204,204,0,0,"2026-09-27"
"725125512039","Michael Kors","mid","Manchester","women",155,155,0,0,"2026-09-27"
"725125512107","Michael Kors","mid","Beijing","women",140,140,0,0,"2026-09-27"
"725125513418","Michael Kors","mid","Sanya","women",140,140,0,0,"2026-09-27"
"725125514637","Michael Kors","mid","Bel Air","women",111,111,0,0,"2026-09-27"
"725125517386","Michael Kors","mid","Asheville","women",111,111,0,0,"2026-09-27"
"725125517393","Michael Kors","mid","Dubai","women",111,111,0,0,"2026-09-27"
"725125517683","Michael Kors","mid","San Lucas","women",177,177,0,0,"2026-09-27"
"725125517768","Michael Kors","mid","Nice","women",177,177,0,0,"2026-09-27"
"725125517829","Michael Kors","mid","Abruzzo","men",140,140,0,0,"2026-09-27"
"725125518048","Michael Kors","mid","Murren","men",177,177,0,0,"2026-09-27"
"725125518239","Michael Kors","mid","Dupont","women",154,154,1,0,"2026-09-27"
"725125518307","Michael Kors","mid","Eger","men",140,140,0,0,"2026-09-27"
"725125518437","Michael Kors","mid","Québec","women",155,155,0,0,"2026-09-27"
"725125518666","Tory Burch","mid","TY7198U","women",203,203,0,0,"2026-09-27"
"725125518772","Tory Burch","mid","TY9075U","women",247,247,0,0,"2026-09-27"
"725125518963","Tory Burch","mid","TY6106D","women",222,222,0,0,"2026-09-27"
"725125519052","Tory Burch","mid","TY9076U","women",247,247,0,0,"2026-09-27"
"725125519359","Tory Burch","mid","TY7201U","women",203,203,0,0,"2026-09-27"
"725125519724","Tory Burch","mid","TY9076U","women",289,289,1,0,"2026-09-27"
"725125520997","Coach","mid","CW226","men",190,190,0,0,"2026-09-27"
"725125521123","Coach","mid","CW185","women",190,190,0,0,"2026-09-27"
"725125521147","Coach","mid","CW404","men",190,190,0,0,"2026-09-27"
"725125521161","Coach","mid","CW429","women",203,203,0,0,"2026-09-27"
"725125521178","Coach","mid","CW189","women",232,232,1,0,"2026-09-27"
"725125521215","Coach","mid","CW193","women",190,190,0,0,"2026-09-27"
"725125521895","Coach","mid","CW225","women",219,219,0,0,"2026-09-27"
"725125521901","Coach","mid","CW224","women",219,219,0,0,"2026-09-27"
"725125521970","Coach","mid","CW406","men",219,219,0,0,"2026-09-27"
"725125522083","Coach","mid","CW195","women",203,203,0,0,"2026-09-27"
"725125522151","Coach","mid","CW194","women",203,203,0,0,"2026-09-27"
"725125522540","Coach","mid","CW202","women",203,203,0,0,"2026-09-27"
"725125522571","Coach","mid","CW405","men",203,203,0,0,"2026-09-27"
"725125522625","Coach","mid","CW428","women",190,190,0,0,"2026-09-27"
"725125522922","Michael Kors","mid","Capella","women",111,111,0,0,"2026-09-27"
"725125522939","Michael Kors","mid","Tianjin","women",111,111,0,0,"2026-09-27"
"725125523080","Michael Kors","mid","Pebble Beach","men",140,140,0,0,"2026-09-27"
"725125523097","Michael Kors","mid","Big Bend","men",177,177,0,0,"2026-09-27"
"725125523127","Michael Kors","mid","Pebble Beach","men",182,182,1,0,"2026-09-27"
"725125523431","Michael Kors","mid","Saint Croix","women",111,111,0,0,"2026-09-27"
"725125523455","Michael Kors","mid","St. Barths","women",111,111,0,0,"2026-09-27"
"725125523592","Michael Kors","mid","St. Barths","women",154,154,1,0,"2026-09-27"
"725125523820","Michael Kors","mid","Monte Carlo","women",140,140,0,0,"2026-09-27"
"725125523868","Michael Kors","mid","Châtel","women",155,155,0,0,"2026-09-27"
"725125523899","Michael Kors","mid","Le Praz","women",155,155,0,0,"2026-09-27"
"725125524292","Michael Kors","mid","Cantabria","women",177,177,0,0,"2026-09-27"
"725125524315","Michael Kors","mid","Biarritz","women",140,140,0,0,"2026-09-27"
"725125524377","Michael Kors","mid","Biarritz","women",182,182,1,0,"2026-09-27"
"725125524414","Michael Kors","mid","Alicante","women",177,177,0,0,"2026-09-27"
"725125524506","Michael Kors","mid","Navarra","women",177,177,0,0,"2026-09-27"
"725125524599","Michael Kors","mid","South Beach","women",204,204,0,0,"2026-09-27"
"725125524834","Tory Burch","mid","TY6111","women",222,222,0,0,"2026-09-27"
"725125524926","Tory Burch","mid","TY7213D","women",210,210,0,0,"2026-09-27"
"725125525084","Tory Burch","mid","TY7215U","women",247,247,0,0,"2026-09-27"
"725125525138","Tory Burch","mid","TY6113","women",222,222,0,0,"2026-09-27"
"725125525251","Tory Burch","mid","TY7208U","women",245,245,1,0,"2026-09-27"
"725125525268","Tory Burch","mid","TY7214U","women",203,203,0,0,"2026-09-27"
"725125525664","Tory Burch","mid","TY7212D","women",210,210,0,0,"2026-09-27"
"725125525725","Tory Burch","mid","TY7210U","women",247,247,0,0,"2026-09-27"
"725125525763","Tory Burch","mid","TY7209U","women",247,247,0,0,"2026-09-27"
"725125525992","Michael Kors","mid","Dupont","women",111,111,0,0,"2026-09-27"
"725125526135","Michael Kors","mid","Acadia","women",177,177,0,0,"2026-09-27"
"725125527088","Tory Burch","mid","TY6112","women",222,222,0,0,"2026-09-27"
"725125527521","Tory Burch","mid","TY7194U","women",203,203,0,0,"2026-09-27"
"725125527972","Coach","mid","CAD55","women",219,219,0,0,"2026-09-27"
"725125528337","Coach","mid","CAD83","men",219,219,0,0,"2026-09-27"
"725125528528","Coach","mid","CAD18","women",181,181,0,0,"2026-09-27"
"725125528573","Coach","mid","CAD25","women",181,181,0,0,"2026-09-27"
"725125528610","Coach","mid","CAD28","women",181,181,0,0,"2026-09-27"
"725125528634","Coach","mid","CAD31","women",203,203,0,0,"2026-09-27"
"725125528696","Coach","mid","CAD33","women",203,203,0,0,"2026-09-27"
"725125528764","Coach","mid","CAD81","men",181,181,0,0,"2026-09-27"
"725125528795","Coach","mid","CAE78","men",181,181,0,0,"2026-09-27"
"725125528962","Coach","mid","CAD79","women",203,203,0,0,"2026-09-27"
"725125529020","Coach","mid","CAD72","women",226,226,0,0,"2026-09-27"
"725125529037","Coach","mid","CAD73","women",226,226,0,0,"2026-09-27"
"725125529105","Coach","mid","CAE80","men",219,219,0,0,"2026-09-27"
"725125529150","Coach","mid","CAE81","men",226,226,0,0,"2026-09-27"
"725125529303","Coach","mid","CAD80","women",219,219,0,0,"2026-09-27"
"725125529358","Coach","mid","CAE86","women",181,181,0,0,"2026-09-27"
"725125529624","Coach","mid","CAE87","women",181,181,0,0,"2026-09-27"
"725125529884","Coach","mid","CAE93","women",203,203,0,0,"2026-09-27"
"725125530460","Tory Burch","mid","TY5015M","women",300,300,0,0,"2026-09-27"
"725125530521","Tory Burch","mid","TY6115","women",222,222,0,0,"2026-09-27"
"725125530743","Tory Burch","mid","TY7216U","women",233,233,1,0,"2026-09-27"
"725125530767","Tory Burch","mid","TY7217U","women",233,233,1,0,"2026-09-27"
"725125530835","Michael Kors","mid","Pearl River","women",111,111,0,0,"2026-09-27"
"725125530897","Michael Kors","mid","Siesta Key","women",111,111,0,0,"2026-09-27"
"725125531238","Tory Burch","mid","TY7221U","women",191,191,0,0,"2026-09-27"
"725125531269","Tory Burch","mid","TY7218U","women",210,210,0,0,"2026-09-27"
"725125531283","Tory Burch","mid","TY7219U","women",210,210,0,0,"2026-09-27"
"725125531450","Michael Kors","mid","Rhodes","women",177,177,0,0,"2026-09-27"
"725125531467","Michael Kors","mid","Costa Blanca","women",177,177,0,0,"2026-09-27"
"725125531559","Michael Kors","mid","Boca Raton","women",111,111,0,0,"2026-09-27"
"725125531566","Michael Kors","mid","Boca Raton","women",154,154,1,0,"2026-09-27"
"725125531634","Tory Burch","mid","TY7220D","women",210,210,0,0,"2026-09-27"
"725125531795","Michael Kors","mid","La Praia","women",231,231,0,0,"2026-09-27"
"725125531832","Michael Kors","mid","Dorado Beach","women",204,204,0,0,"2026-09-27"
"725125531917","Michael Kors","mid","Saint Martin","unisex",204,204,0,0,"2026-09-27"
"725125532136","Michael Kors","mid","Palisades","men",204,204,0,0,"2026-09-27"
"725125532228","Michael Kors","mid","Mar Vista","men",155,155,0,0,"2026-09-27"
"725125532280","Michael Kors","mid","Brentwood","men",155,155,0,0,"2026-09-27"
"725125532334","Michael Kors","mid","Jinan","women",140,140,0,0,"2026-09-27"
"725125532440","Michael Kors","mid","Edgewater","men",177,177,0,0,"2026-09-27"
"725125532594","Michael Kors","mid","Rockaway","women",140,140,0,0,"2026-09-27"
"725125532693","Michael Kors","mid","Quogue","women",140,140,0,0,"2026-09-27"
"725125532815","Michael Kors","mid","Catskills","women",140,140,0,0,"2026-09-27"
"725125532839","Michael Kors","mid","Quogue","women",182,182,1,0,"2026-09-27"
"725125532952","Michael Kors","mid","Everglades","men",140,140,0,0,"2026-09-27"
"725125533195","Michael Kors","mid","Jackson Hole","men",140,140,0,0,"2026-09-27"
"725125533225","Michael Kors","mid","Jackson Hole","men",182,182,1,0,"2026-09-27"
"725125533553","Tory Burch","mid","TY6114","women",210,210,0,0,"2026-09-27"
"725125534345","Coach","mid","CW419","women",190,190,0,0,"2026-09-27"
"725125534574","Coach","mid","CAE81","men",268,268,0,0,"2026-09-27"
"725125534789","Coach","mid","HC8352 CD472","women",190,190,0,0,"2026-09-27"
"725125535052","Coach","mid","CBZ89","women",190,190,0,0,"2026-09-27"
"725125535069","Coach","mid","CBZ97","men",190,190,0,0,"2026-09-27"
"725125535120","Coach","mid","CBZ51","women",190,190,0,0,"2026-09-27"
"725125535380","Coach","mid","CBY77","women",181,181,0,0,"2026-09-27"
"725125535441","Coach","mid","CBY82","women",203,203,0,0,"2026-09-27"
"725125535526","Coach","mid","CBY84","women",181,181,0,0,"2026-09-27"
"725125535625","Coach","mid","CBY85","women",181,181,0,0,"2026-09-27"
"725125536134","Coach","mid","CBY89","women",219,219,0,0,"2026-09-27"
"725125536196","Coach","mid","CBY93","women",203,203,0,0,"2026-09-27"
"725125536219","Coach","mid","CBY87","women",219,219,0,0,"2026-09-27"
"725125536257","Coach","mid","CBY94","women",219,219,0,0,"2026-09-27"
"725125536318","Coach","mid","CBZ52","women",219,219,0,0,"2026-09-27"
"725125536370","Coach","mid","CBY95","men",219,219,0,0,"2026-09-27"
"725125536417","Coach","mid","CBY96","men",203,203,0,0,"2026-09-27"
"725125536844","Coach","mid","CCA00","men",223,223,1,0,"2026-09-27"
"725125537421","Tory Burch","mid","TY9077U","women",247,247,0,0,"2026-09-27"
"725125537520","Tory Burch","mid","TY6116","women",210,210,0,0,"2026-09-27"
"725125537704","Tory Burch","mid","TY6118D","women",222,222,0,0,"2026-09-27"
"725125537711","Tory Burch","mid","TY7226U","women",203,203,0,0,"2026-09-27"
"725125537810","Michael Kors","mid","Saint Lucia","women",177,177,0,0,"2026-09-27"
"725125537834","Michael Kors","mid","St. Eustatius","women",177,177,0,0,"2026-09-27"
"725125537995","Michael Kors","mid","Piedmont","women",155,155,0,0,"2026-09-27"
"725125538367","Tory Burch","mid","TY7227D","women",210,210,0,0,"2026-09-27"
"725125538374","Tory Burch","mid","TY6117","women",210,210,0,0,"2026-09-27"
"725125538381","Tory Burch","mid","TY7225U","women",203,203,0,0,"2026-09-27"
"725125538404","Tory Burch","mid","TY7224U","women",203,203,0,0,"2026-09-27"
"725125538572","Michael Kors","mid","Palo Alto","men",204,204,0,0,"2026-09-27"
"725125538589","Michael Kors","mid","Dana Point","men",177,177,0,0,"2026-09-27"
"725125538619","Michael Kors","mid","Perledo","women",182,182,1,0,"2026-09-27"
"725125538763","Michael Kors","mid","Perledo","women",140,140,0,0,"2026-09-27"
"725125538794","Michael Kors","mid","Scottsdale","women",204,204,0,0,"2026-09-27"
"725125538831","Michael Kors","mid","Pienza","women",155,155,0,0,"2026-09-27"
"725125539043","Michael Kors","mid","Lake Tahoe","men",140,140,0,0,"2026-09-27"
"725125539081","Michael Kors","mid","Toronto","men",155,155,0,0,"2026-09-27"
"725125539098","Michael Kors","mid","Lake Tahoe","men",182,182,1,0,"2026-09-27"
"725125539302","Michael Kors","mid","Menaggio","women",153,153,1,0,"2026-09-27"
"725125539326","Michael Kors","mid","Menaggio","women",111,111,0,0,"2026-09-27"
"725125539395","Michael Kors","mid","Atlanta","women",182,182,1,0,"2026-09-27"
"725125539425","Michael Kors","mid","Carlazzo","women",111,111,0,0,"2026-09-27"
"725125539456","Michael Kors","mid","Wilmington","women",140,140,0,0,"2026-09-27"
"725125539463","Michael Kors","mid","Atlanta","women",140,140,0,0,"2026-09-27"
"725125539630","Michael Kors","mid","Roanoke","women",140,140,0,0,"2026-09-27"
"725125540377","Tory Burch","mid","TY7223U","women",247,247,0,0,"2026-09-27"
"725125540421","Tory Burch","mid","TY7222U","women",247,247,0,0,"2026-09-27"
"725125540469","Michael Kors","mid","Denver","women",204,204,0,0,"2026-09-27"
"725125540711","Coach","mid","CBY86","women",181,181,0,0,"2026-09-27"
"725125540902","Coach","mid","CBY91","women",181,181,0,0,"2026-09-27"
"725125541473","Coach","mid","CDP37","women",190,190,0,0,"2026-09-27"
"725125541664","Coach","mid","CDP44","women",190,190,0,0,"2026-09-27"
"725125542920","Coach","mid","CDP53","women",219,219,0,0,"2026-09-27"
"725125543484","Michael Kors","mid","Nagoya","women",153,153,1,0,"2026-09-27"
"725125543781","Michael Kors","mid","Lanai","men",177,177,0,0,"2026-09-27"
"725125544016","Michael Kors","mid","Boston","men",182,182,1,0,"2026-09-27"
"725125544054","Michael Kors","mid","Boston","men",140,140,0,0,"2026-09-27"
"725125544337","Tory Burch","mid","TY7229U","women",210,210,0,0,"2026-09-27"
"725125544481","Tory Burch","mid","TY6119","women",210,210,0,0,"2026-09-27"
"725125544771","Tory Burch","mid","TY7233U","women",179,179,0,0,"2026-09-27"
"725125544832","Tory Burch","mid","TY7234U","women",247,247,0,0,"2026-09-27"
"725125544870","Tory Burch","mid","TY7228U","women",210,210,0,0,"2026-09-27"
"725125544955","Michael Kors","mid","Tokyo","women",111,111,0,0,"2026-09-27"
"725125545006","Tory Burch","mid","TY7231U","women",247,247,0,0,"2026-09-27"
"725125545044","Tory Burch","mid","TY7228U","women",252,252,1,0,"2026-09-27"
"725125545181","Michael Kors","mid","Tokyo","women",153,153,1,0,"2026-09-27"
"725125545198","Michael Kors","mid","Nagoya","women",111,111,0,0,"2026-09-27"
"725125545235","Michael Kors","mid","Canary Islands","women",140,140,0,0,"2026-09-27"
"725125545273","Michael Kors","mid","Santo Domingo","women",155,155,0,0,"2026-09-27"
"725125545426","Michael Kors","mid","Gold Coast","women",204,204,0,0,"2026-09-27"
"725125545631","Michael Kors","mid","Cape Town","men",177,177,0,0,"2026-09-27"
"725125545792","Michael Kors","mid","Madagascar","men",177,177,0,0,"2026-09-27"
"725125546041","Michael Kors","mid","Grenada","women",155,155,0,0,"2026-09-27"
"725125546089","Coach","mid","CDP40","men",232,232,1,0,"2026-09-27"
"725125546140","Michael Kors","mid","Monte Carlo","women",182,182,1,0,"2026-09-27"
"725125546638","Tory Burch","mid","TY7235D","women",233,233,1,0,"2026-09-27"
"725125546881","Michael Kors","mid","Sea Island","women",177,177,0,0,"2026-09-27"
"725125547192","Coach","mid","CDP33","women",223,223,1,0,"2026-09-27"
"725125547321","Coach","mid","CAD54","women",219,219,0,0,"2026-09-27"
"725125547437","Tory Burch","mid","TY7236U","women",179,179,0,0,"2026-09-27"
"725125547475","Michael Kors","mid","Toledo","women",371,371,0,0,"2026-09-27"
"725125547628","Coach","mid","CDP54","men",226,226,0,0,"2026-09-27"
"725125547970","Coach","mid","CFU11","women",219,219,0,0,"2026-09-27"
"725125548472","Coach","mid","CFU12","men",181,181,0,0,"2026-09-27"
"725125548489","Coach","mid","CFU03","women",190,190,0,0,"2026-09-27"
"725125548601","Coach","mid","CFU14","men",203,203,0,0,"2026-09-27"
"725125549264","Coach","mid","CFU22","women",190,190,0,0,"2026-09-27"
"725125549578","Michael Kors","mid","Dubrovnik","men",140,140,0,0,"2026-09-27"
"725125549882","Michael Kors","mid","Agra","women",153,153,1,0,"2026-09-27"
"725125550314","Michael Kors","mid","Andros","women",140,140,0,0,"2026-09-27"
"725125550321","Michael Kors","mid","Patra","women",140,140,0,0,"2026-09-27"
"725125550451","Michael Kors","mid","Athens","women",140,140,0,0,"2026-09-27"
"725125550475","Michael Kors","mid","Patra","women",182,182,1,0,"2026-09-27"
"725125550543","Michael Kors","mid","Napa Valley","women",155,155,0,0,"2026-09-27"
"725125550802","Michael Kors","mid","Dubrovnik","men",182,182,1,0,"2026-09-27"
"725125550819","Michael Kors","mid","Santa Barbara","women",155,155,0,0,"2026-09-27"
"725125550871","Coach","mid","CFU06","women",245,245,1,0,"2026-09-27"
"725125550925","Michael Kors","mid","Oxford","men",177,177,0,0,"2026-09-27"
"725125550949","Coach","mid","CFT88","women",201,201,1,0,"2026-09-27"
"725125551021","Michael Kors","mid","Agra","women",111,111,0,0,"2026-09-27"
"725125551311","Tory Burch","mid","TY7240U","women",191,191,0,0,"2026-09-27"
"725125551328","Tory Burch","mid","TY6121","women",210,210,0,0,"2026-09-27"
"725125551663","Tory Burch","mid","TY7243U","women",222,222,0,0,"2026-09-27"
"725125551977","Tory Burch","mid","TY7238U","women",247,247,0,0,"2026-09-27"
"725125552158","Tory Burch","mid","TY7241D","women",179,179,0,0,"2026-09-27"
"725125552318","Coach","mid","CFU16","women",201,201,1,0,"2026-09-27"
"725125552493","Michael Kors","mid","City","women",371,371,0,0,"2026-09-27"
"725125552523","Michael Kors","mid","Avenue","women",371,371,0,0,"2026-09-27"
"725125552578","Tory Burch","mid","TY6120","women",210,210,0,0,"2026-09-27"
"725125823265","Versace","premium","VE2140","men",292,292,0,0,"2026-09-27"
"725125925716","Coach","mid","L087 Blair","women",219,219,0,0,"2026-09-27"
"725125930727","Coach","mid","L109","women",226,226,0,0,"2026-09-27"
"725125941907","Michael Kors","mid","Chelsea","women",154,154,1,0,"2026-09-27"
"725125956253","Coach","mid","L156","women",203,101.5,0,1,"2026-09-27"
"725125956277","Coach","mid","L149","women",203,203,0,0,"2026-09-27"
"725125958523","Michael Kors","mid","Kendall","unisex",177,177,0,0,"2026-09-27"
"725125961066","Michael Kors","mid","Hvar","women",177,177,0,0,"2026-09-27"
"725125961684","Michael Kors","mid","Adrianna II","women",111,111,0,0,"2026-09-27"
"725125963343","Michael Kors","mid","Adrianna III","women",154,154,1,0,"2026-09-27"
"725125971935","Michael Kors","mid","Chelsea","women",111,111,0,0,"2026-09-27"
"725125974035","Coach","mid","L109","women",268,268,1,0,"2026-09-27"
"725125989299","Coach","mid","L1010","women",203,203,0,0,"2026-09-27"
"7895653204065","Sunglass Hut Collection","budget","HU2020","men",105,52.5,0,1,"2026-09-27"
"7895653205109","Sunglass Hut Collection","budget","HU2021","women",105,52.5,0,1,"2026-09-27"
"7895653231443","Armani Exchange","budget","AX4112SU","men",91,91,0,0,"2026-09-27"
"7895653240308","Oakley","mid","Sylas","men",213,106.5,1,1,"2026-09-27"
"7895653243811","Arnette","budget","AN4311","men",76,76,1,0,"2026-09-27"
"7895653249356","Armani Exchange","budget","AX4125SU","women",91,91,0,0,"2026-09-27"
"7895653257498","Armani Exchange","budget","AX4133S","men",91,91,0,0,"2026-09-27"
"7895653257504","Armani Exchange","budget","AX4133S","men",91,63.7,0,1,"2026-09-27"
"7895653259652","Armani Exchange","budget","AX4132SU","women",91,91,0,0,"2026-09-27"
"7895653263666","Arnette","budget","Mwamba","men",98,98,1,0,"2026-09-27"
"7895653263710","Arnette","budget","Sokatra","men",98,98,1,0,"2026-09-27"
"7895653271906","Arnette","budget","Hamie","men",77,53.9,0,1,"2026-09-27"
"7895653272262","Arnette","budget","Hamie","men",77,77,0,0,"2026-09-27"
"7895653272767","Oakley","mid","Sylas XL Team USA","men",181,181,0,0,"2026-09-27"
"7895653272934","Armani Exchange","budget","AX4137SU","men",101,70.7,0,1,"2026-09-27"
"7895653273023","Armani Exchange","budget","AX4135S","men",86,43,0,1,"2026-09-27"
"7895653273702","Oakley","mid","Holbrook™ XL Gaming Collection","men",184,184,0,0,"2026-09-27"
"7895653279797","Ray-Ban","mid","RB4415L","unisex",163,163,0,0,"2026-09-27"
"7895653282445","Armani Exchange","budget","AX4113S","men",81,56.7,0,1,"2026-09-27"
"7895653284722","Arnette","budget","Khim","men",98,98,1,0,"2026-09-27"
"7895653286085","Arnette","budget","Phoxer","men",77,77,0,0,"2026-09-27"
"7895653287235","Armani Exchange","budget","AX4145S","men",81,81,0,0,"2026-09-27"
"7895653287334","Armani Exchange","budget","AX4144SU","women",81,81,0,0,"2026-09-27"
"7895653289871","Ray-Ban","mid","RB3745L","men",184,184,1,0,"2026-09-27"
"7895653289888","Ray-Ban","mid","RB3745L","men",147,147,0,0,"2026-09-27"
"7895653315464","Arnette","budget","Plot Twist","men",98,98,1,0,"2026-09-27"
"7895653316331","Arnette","budget","E.Z.","men",87,87,1,0,"2026-09-27"
"7895653318359","Arnette","budget","Fastball","men",94,94,0,0,"2026-09-27"
"7895653318465","Armani Exchange","budget","AX4147S","men",81,81,0,0,"2026-09-27"
"7895653318984","Armani Exchange","budget","AX4149SU","men",92,92,0,0,"2026-09-27"
"7895653319271","Armani Exchange","budget","AX4153SU","men",116,116,0,0,"2026-09-27"
"7895653319301","Arnette","budget","Flipside","men",98,98,1,0,"2026-09-27"
"7895653320505","Armani Exchange","budget","AX4151S","women",96,96,0,0,"2026-09-27"
"7895653327047","Arnette","budget","Bubblewrap","men",77,77,0,0,"2026-09-27"
"7895653327061","Oakley","mid","Holbrook™ XL Night Mission Collection","men",237,237,1,0,"2026-09-27"
"7895653327474","Armani Exchange","budget","AX4154SU","men",82,82,0,0,"2026-09-27"
"7895653327894","Armani Exchange","budget","AX4155SU","women",82,82,0,0,"2026-09-27"
"7895653328068","Armani Exchange","budget","AX4157SU","men",92,92,0,0,"2026-09-27"
"7895653328082","Armani Exchange","budget","AX4156SU","men",113,113,1,0,"2026-09-27"
"7895653328242","Armani Exchange","budget","AX4160S","men",96,96,0,0,"2026-09-27"
"7895653328341","Arnette","budget","Nineteetwo","men",98,98,1,0,"2026-09-27"
"7895653328440","Arnette","budget","Headlight","men",77,77,0,0,"2026-09-27"
"7895653328471","Arnette","budget","Myndegap","men",66,66,0,0,"2026-09-27"
"7895653329744","Armani Exchange","budget","AX2002","unisex",101,101,0,0,"2026-09-27"
"7895653329751","Armani Exchange","budget","AX4080S","men",91,91,0,0,"2026-09-27"
"7895653338265","Arnette","budget","Dinsky","men",77,77,0,0,"2026-09-27"
"7895653341326","Oakley","mid","Holbrook™ XL Alloy Collection","men",227,227,1,0,"2026-09-27"
"7895653341708","Armani Exchange","budget","AX4162SU","men",92,92,0,0,"2026-09-27"
"7895653341746","Armani Exchange","budget","AX4165S","men",82,82,0,0,"2026-09-27"
"7895653341814","Armani Exchange","budget","AX4164SU","women",82,82,0,0,"2026-09-27"
"7895653342033","Armani Exchange","budget","AX4161SU","men",113,113,1,0,"2026-09-27"
"7895653342279","Ray-Ban","mid","RB4464","women",197,197,1,0,"2026-09-27"
"7895653344938","Armani Exchange","budget","AX4104S","men",112,112,1,0,"2026-09-27"
"7895653345744","Arnette","budget","AN4372","men",77,77,0,0,"2026-09-27"
"7895653346390","Arnette","budget","AN4374","men",84,84,1,0,"2026-09-27"
"7895653347021","Oakley","mid","Sylas On The Green Collection","men",150,150,0,0,"2026-09-27"
"7895653347946","Arnette","budget","Snap II","men",77,77,0,0,"2026-09-27"
"7895653349230","Arnette","budget","AN4373","men",63,63,0,0,"2026-09-27"
"7895653349292","Arnette","budget","Raven","men",82,82,0,0,"2026-09-27"
"7895653349711","Armani Exchange","budget","0AX4166SU","men",82,82,0,0,"2026-09-27"
"7895653349759","Armani Exchange","budget","AX4167SU","men",82,82,0,0,"2026-09-27"
"7895653349858","Armani Exchange","budget","AX4168SU","women",82,82,0,0,"2026-09-27"
"7895653350878","Armani Exchange","budget","AX4166SU","men",103,103,1,0,"2026-09-27"
"7895653355729","Arnette","budget","AN4378","men",63,63,0,0,"2026-09-27"
"7895653355972","Arnette","budget","AN4380","men",98,98,1,0,"2026-09-27"
"7895653356313","Oakley","mid","Holbrook™ XL Obscura Collection","men",237,237,1,0,"2026-09-27"
"7895653357181","Arnette","budget","AN4381","men",82,82,0,0,"2026-09-27"
"7895653357297","Arnette","budget","AN4377","men",63,63,0,0,"2026-09-27"
"7895653357556","Armani Exchange","budget","AX4174SU","men",82,82,0,0,"2026-09-27"
"7895653357594","Armani Exchange","budget","AX4175SU","men",117,117,1,0,"2026-09-27"
"7895653357709","Armani Exchange","budget","AX4177S","unisex",116,116,0,0,"2026-09-27"
"805289003465","Ray-Ban","mid","Caravan","unisex",191,133.7,0,1,"2026-09-27"
"805289006534","Ray-Ban","mid","Shooter","unisex",191,191,0,0,"2026-09-27"
"805289029748","Ray-Ban","mid","Predator 2","men",231,231,1,0,"2026-09-27"
"805289083092","Ray-Ban","mid","New Wayfarer Classic","unisex",231,231,1,0,"2026-09-27"
"805289086581","Ray-Ban","mid","RB4068","women",213,213,1,0,"2026-09-27"
"805289097501","Ray-Ban","mid","RB3267","men",194,97,0,1,"2026-09-27"
"805289115021","Ray-Ban","mid","RB3293","men",178,178,0,0,"2026-09-27"
"805289126089","Ray-Ban","mid","Balorama","men",231,231,1,0,"2026-09-27"
"805289126607","Ray-Ban","mid","Original Wayfarer Classic","unisex",244,244,1,0,"2026-09-27"
"805289154624","Ray-Ban","mid","Wayfarer Folding Classic","men",191,191,0,0,"2026-09-27"
"805289204282","Ray-Ban","mid","RB3386","men",207,207,0,0,"2026-09-27"
"805289204312","Ray-Ban","mid","RB3386","men",207,144.9,0,1,"2026-09-27"
"805289206071","Ray-Ban","mid","Jackie Ohh II","women",207,207,0,0,"2026-09-27"
"805289275268","Ray-Ban","mid","Cockpit","unisex",207,207,0,0,"2026-09-27"
"805289288695","Ray-Ban","mid","Cats 5000 Classic","men",207,207,0,0,"2026-09-27"
"805289290186","Ray-Ban","mid","Cats 1000","women",207,103.5,0,1,"2026-09-27"
"805289305040","Ray-Ban","mid","Aviator Gradient","unisex",207,207,0,0,"2026-09-27"
"805289325284","Ray-Ban","mid","RB4128","men",194,194,0,0,"2026-09-27"
"805289346913","Ray-Ban","mid","Clubmaster Classic","unisex",244,244,1,0,"2026-09-27"
"805289367505","Ray-Ban","mid","RB4141","men",178,178,0,0,"2026-09-27"
"805289391623","Ray-Ban","mid","Boyfriend","men",231,231,1,0,"2026-09-27"
"805289439905","Ray-Ban","mid","Round Metal","unisex",191,133.7,0,1,"2026-09-27"
"805289442059","Ray-Ban","mid","RB4154","women",178,178,0,0,"2026-09-27"
"805289442639","Ray-Ban","mid","New Wayfarer Bicolor","unisex",231,231,1,0,"2026-09-27"
"805289526155","Ray-Ban","mid","RB4167","women",152,76,0,1,"2026-09-27"
"805289526940","Tiffany & Co.","luxury","TF4047B","women",430,430,0,0,"2026-09-27"
"805289528791","Ray-Ban","mid","RB3183","men",215,215,1,0,"2026-09-27"
"805289602071","Ray-Ban","mid","Aviator Extra Small","unisex",191,191,0,0,"2026-09-27"
"805289628217","Ray-Ban","mid","Aviator Large Metal II","unisex",191,191,0,0,"2026-09-27"
"805289628460","Ray-Ban","mid","Aviator Large Metal II","unisex",191,191,0,0,"2026-09-27"
"805289742425","Ray-Ban","mid","Brad","men",205,102.5,0,1,"2026-09-27"
"805289742821","Ray-Ban","mid","RB4174","women",178,178,0,0,"2026-09-27"
"8053672006575","Ray-Ban","mid","Carbon Fibre","men",267,186.9,0,1,"2026-09-27"
"8053672016949","Ray-Ban","mid","Aviator Mirror","unisex",244,244,1,0,"2026-09-27"
"8053672030457","Arnette","budget","Slickster","men",103,103,1,0,"2026-09-27"
"8053672058611","Ray-Ban","mid","Original Wayfarer Classic","unisex",191,191,0,0,"2026-09-27"
"8053672059939","Arnette","budget","Hot Shot","unisex",103,103,1,0,"2026-09-27"
"8053672066845","Ray-Ban","mid","RB4194","unisex",176,176,0,0,"2026-09-27"
"8053672067071","Ray-Ban","mid","Wayfarer Liteforce","unisex",227,158.9,0,1,"2026-09-27"
"8053672067118","Ray-Ban","mid","Wayfarer Liteforce","unisex",264,264,1,0,"2026-09-27"
"8053672069297","Ray-Ban","mid","Clubmaster Aluminum","unisex",293,293,1,0,"2026-09-27"
"8053672079500","Persol","luxury","PO3048S","men",408,408,1,0,"2026-09-27"
"8053672085808","Ray-Ban","mid","RB4191","women",215,215,1,0,"2026-09-27"
"8053672129434","Persol","luxury","PO9649S","men",363,363,0,0,"2026-09-27"
"8053672133899","Burberry","premium","BE3074","men",254,254,0,0,"2026-09-27"
"8053672153804","Ray-Ban","mid","RB4184","men",205,205,0,0,"2026-09-27"
"8053672163469","Burberry","premium","BE4160","women",284,284,0,0,"2026-09-27"
"8053672188905","Ray-Ban","mid","Andy","unisex",176,176,0,0,"2026-09-27"
"8053672201970","Emporio Armani","mid","EA4029","men",192,192,0,0,"2026-09-27"
"8053672226973","Ray-Ban","mid","Clubmaster Flash Lenses","unisex",218,218,0,0,"2026-09-27"
"8053672233841","Ray-Ban","mid","RB3519","men",215,215,1,0,"2026-09-27"
"8053672256123","Ray-Ban","mid","Aviator Flash Lenses","unisex",244,244,1,0,"2026-09-27"
"8053672266900","Ray-Ban","mid","New Wayfarer Flash","unisex",205,205,0,0,"2026-09-27"
"8053672281286","Emporio Armani","mid","EA4033","men",248,248,1,0,"2026-09-27"
"8053672283532","Armani Exchange","budget","AX4026S","unisex",91,91,0,0,"2026-09-27"
"8053672298635","Ray-Ban","mid","RB3522","men",207,207,0,0,"2026-09-27"
"8053672299595","Persol","luxury","PO3092SM","men",333,333,0,0,"2026-09-27"
"8053672303216","Burberry","premium","BE4181","men",314,314,0,0,"2026-09-27"
"8053672303667","Ray-Ban","mid","RB3498","men",228,228,1,0,"2026-09-27"
"8053672303681","Ray-Ban","mid","RB3498","men",228,159.6,1,1,"2026-09-27"
"8053672305180","Ray-Ban","mid","RB4179 Liteforce","men",264,264,1,0,"2026-09-27"
"8053672346305","Ray-Ban","mid","Carbon Fibre","men",304,304,1,0,"2026-09-27"
"8053672363241","Tiffany & Co.","luxury","TF4105HB","women",430,430,0,0,"2026-09-27"
"8053672365146","Ray-Ban","mid","Boyfriend","men",178,124.6,0,1,"2026-09-27"
"8053672366686","Burberry","premium","BE3080","women",367,367,1,0,"2026-09-27"
"8053672368086","Persol","luxury","PO3108S","men",486,486,1,0,"2026-09-27"
"8053672388930","Ray-Ban","mid","RB4216","women",215,215,1,0,"2026-09-27"
"8053672400106","Versace","premium","VE4296","men",307,307,0,0,"2026-09-27"
"8053672416039","Ray-Ban","mid","RB2180","unisex",215,215,1,0,"2026-09-27"
"8053672416107","Ray-Ban","mid","Round Metal","women",244,244,1,0,"2026-09-27"
"8053672416183","Ray-Ban","mid","Justin Color Mix","men",187,187,0,0,"2026-09-27"
"8053672420432","Persol","luxury","649 - Original","men",427,427,1,0,"2026-09-27"
"8053672441901","Versace","premium","VE2163","men",360,360,1,0,"2026-09-27"
"8053672460209","Ralph","budget","RA5203","women",148,148,1,0,"2026-09-27"
"8053672464085","Armani Exchange","budget","AX4041SF","unisex",86,86,0,0,"2026-09-27"
"8053672469417","Versace","premium","VE2166","women",307,307,0,0,"2026-09-27"
"8053672469950","Versace","premium","VE4307","men",307,307,0,0,"2026-09-27"
"8053672475951","Ray-Ban","mid","Justin Classic","men",160,160,0,0,"2026-09-27"
"8053672481389","Emporio Armani","mid","EA4058","men",263,263,1,0,"2026-09-27"
"8053672483543","Emporio Armani","mid","EA4060F","women",192,192,0,0,"2026-09-27"
"8053672494433","Ray-Ban","mid","Outdoorsman Havana Collection","unisex",191,191,0,0,"2026-09-27"
"8053672495157","Ray-Ban","mid","Aviator Havana Collection","unisex",191,191,0,0,"2026-09-27"
"8053672495652","Ray-Ban","mid","Justin Classic","men",197,197,1,0,"2026-09-27"
"8053672495744","Ray-Ban","mid","Erika Classic","women",197,197,1,0,"2026-09-27"
"8053672498615","Dolce&Gabbana","luxury","DG4268","women",323,323,0,0,"2026-09-27"
"8053672501469","Ray-Ban","mid","Erika Classic","unisex",197,197,1,0,"2026-09-27"
"8053672553239","Armani Exchange","budget","AX4049SF","men",86,86,0,0,"2026-09-27"
"8053672556865","Burberry","premium","BE4216","women",298,298,0,0,"2026-09-27"
"8053672557831","Polo Ralph Lauren","mid","PH4110","men",200,200,0,0,"2026-09-27"
"8053672559583","Ralph Lauren","premium","RL8144","women",220,110,0,1,"2026-09-27"
"8053672559699","Ray-Ban","mid","Clubround Classic","unisex",202,141.4,0,1,"2026-09-27"
"8053672561470","Ray-Ban","mid","Aviator Flash Lenses Gradient","unisex",218,218,0,0,"2026-09-27"
"8053672561937","Ray-Ban","mid","New Wayfarer Color Mix","unisex",178,178,0,0,"2026-09-27"
"8053672580594","Ray-Ban","mid","New Wayfarer Matte","unisex",178,178,0,0,"2026-09-27"
"8053672580846","Ray-Ban","mid","New Wayfarer Classic","unisex",231,231,1,0,"2026-09-27"
"8053672587470","Versace","premium","VE2168","women",376,376,1,0,"2026-09-27"
"8053672587685","Ray-Ban","mid","Erika Metal","unisex",197,197,1,0,"2026-09-27"
"8053672589566","Tiffany & Co.","luxury","TF4121B","women",489,489,0,0,"2026-09-27"
"8053672609677","Ralph Lauren","premium","RL8146P","women",333,166.5,0,1,"2026-09-27"
"8053672611502","Ray-Ban","mid","Round Flat Lenses","unisex",218,152.6,0,1,"2026-09-27"
"8053672611670","Ray-Ban","mid","Hexagonal Flat Lenses","unisex",218,152.6,0,1,"2026-09-27"
"8053672612875","Ray-Ban","mid","RB4258","unisex",178,178,0,0,"2026-09-27"
"8053672612936","Ray-Ban","mid","RB4259","unisex",178,178,0,0,"2026-09-27"
"8053672618648","Persol","luxury","PO3152S","men",333,333,0,0,"2026-09-27"
"8053672628326","Ray-Ban","mid","Justin Color Mix","men",187,187,0,0,"2026-09-27"
"8053672644951","Ray-Ban","mid","RB4264 Polarized+ Lenses","men",272,272,1,0,"2026-09-27"
"8053672666298","Persol","luxury","PO3166S - Calligrapher","women",422,422,0,0,"2026-09-27"
"8053672666953","Ray-Ban","mid","Round Flash Lenses","unisex",218,218,0,0,"2026-09-27"
"8053672666984","Ray-Ban","mid","Round Flash Lenses","unisex",244,170.8,1,1,"2026-09-27"
"8053672668117","Versace","premium","VE2174","men",376,263.2,1,1,"2026-09-27"
"8053672672725","Ray-Ban","mid","Octagonal Classic","unisex",191,191,0,0,"2026-09-27"
"8053672709339","Giorgio Armani","luxury","AR6048","men",356,356,0,0,"2026-09-27"
"8053672737660","Ray-Ban","mid","Round Double Bridge","unisex",255,255,1,0,"2026-09-27"
"8053672743869","Ray-Ban","mid","Hexagonal Flat Lenses","unisex",244,244,1,0,"2026-09-27"
"8053672757323","Polo Ralph Lauren","mid","PH4124","women",165,82.5,0,1,"2026-09-27"
"8053672768671","Burberry","premium","BE4251Q","women",314,219.8,0,1,"2026-09-27"
"8053672770445","Ray-Ban","mid","Wayfarer Ease","unisex",207,144.9,0,1,"2026-09-27"
"8053672770957","Ray-Ban","mid","RB3569","unisex",239,167.3,1,1,"2026-09-27"
"8053672778786","Dolce&Gabbana","luxury","DG4268","women",323,161.5,0,1,"2026-09-27"
"8053672788761","Ray-Ban","mid","Cats 5000 Classic","men",207,144.9,0,1,"2026-09-27"
"8053672789782","Ray-Ban","mid","Jackie Ohh","women",228,228,1,0,"2026-09-27"
"8053672790009","Ray-Ban","mid","Clubmaster Classic","unisex",191,191,0,0,"2026-09-27"
"8053672790405","Ray-Ban","mid","RB4259","unisex",194,194,0,0,"2026-09-27"
"8053672795172","Burberry","premium","BE4289D","women",314,314,0,0,"2026-09-27"
"8053672797459","Sunglass Hut Collection","budget","HU2003","women",105,52.5,0,1,"2026-09-27"
"8053672798357","Sunglass Hut Collection","budget","HU2005","men",99,49.5,0,1,"2026-09-27"
"8053672803266","Polo Ralph Lauren","mid","PH3112","men",173,173,0,0,"2026-09-27"
"8053672805420","Giorgio Armani","luxury","AR6068","men",418,418,0,0,"2026-09-27"
"8053672819755","Ray-Ban","mid","RB4195M Scuderia Ferrari Collection","men",289,289,0,0,"2026-09-27"
"8053672819762","Ray-Ban","mid","RB4195M Scuderia Ferrari Collection Polarized+ Lenses","men",359,359,1,0,"2026-09-27"
"8053672826753","Persol","luxury","PO3186S","men",486,486,1,0,"2026-09-27"
"8053672828481","Ray-Ban","mid","RB4291","men",218,218,0,0,"2026-09-27"
"8053672828870","Ray-Ban","mid","RB3569","unisex",218,218,0,0,"2026-09-27"
"8053672834321","Ray-Ban","mid","Round Double Bridge","unisex",218,152.6,0,1,"2026-09-27"
"8053672834338","Ray-Ban","mid","Round Double Bridge","unisex",218,218,0,0,"2026-09-27"
"8053672836998","Ray-Ban","mid","RB3588","men",194,194,0,0,"2026-09-27"
"8053672839289","Ray-Ban","mid","RB8319 Polarized+ Lenses","men",370,259,1,1,"2026-09-27"
"8053672845792","Prada Linea Rossa","luxury","Lifestyle","men",364,254.8,1,1,"2026-09-27"
"8053672847116","Sunglass Hut Collection","budget","HU2010","women",99,49.5,0,1,"2026-09-27"
"8053672851816","Polo Ralph Lauren","mid","PH4133","men",173,173,0,0,"2026-09-27"
"8053672853063","Ralph Lauren","premium","RL7059","women",225,112.5,0,1,"2026-09-27"
"8053672867060","Ray-Ban","mid","Clubmaster Metal","unisex",202,202,0,0,"2026-09-27"
"8053672867145","Ray-Ban","mid","Clubmaster Metal","unisex",255,255,1,0,"2026-09-27"
"8053672869231","Emporio Armani","mid","EA2070","men",220,110,0,1,"2026-09-27"
"8053672879032","Ray-Ban","mid","RB3549","unisex",239,239,1,0,"2026-09-27"
"8053672879186","Ray-Ban","mid","Wayfarer Liteforce","unisex",243,243,0,0,"2026-09-27"
"8053672882162","Ray-Ban","mid","Round Flat Lenses","women",191,191,0,0,"2026-09-27"
"8053672882261","Ray-Ban","mid","Round Flat Lenses","men",207,207,0,0,"2026-09-27"
"8053672891546","Giorgio Armani","luxury","AR6069","women",328,164,0,1,"2026-09-27"
"8053672895629","Persol","luxury","PO3210S","men",422,422,0,0,"2026-09-27"
"8053672897289","Ray-Ban","mid","RB4310M Scuderia Ferrari Collection","men",288,144,1,1,"2026-09-27"
"8053672911619","Vogue Eyewear","budget","VO5230S","women",109,109,0,0,"2026-09-27"
"8053672916065","Versace","premium","VE2198","women",407,407,1,0,"2026-09-27"
"8053672916072","Versace","premium","VE2198","women",354,354,0,0,"2026-09-27"
"8053672919523","Ray-Ban","mid","Wings","men",215,215,0,0,"2026-09-27"
"8053672922684","Prada Linea Rossa","luxury","Lifestyle","men",394,275.8,1,1,"2026-09-27"
"8053672923087","Versace","premium","VE2199","men",407,407,1,0,"2026-09-27"
"8053672932041","Ray-Ban","mid","RB4309M Scuderia Ferrari Collection","men",238,119,0,1,"2026-09-27"
"8053672947397","Versace","premium","Biggie","unisex",384,384,0,0,"2026-09-27"
"8053672955439","Armani Exchange","budget","AX4080SF","men",91,91,0,0,"2026-09-27"
"8053672957891","Dolce&Gabbana","luxury","DG4348","women",384,268.8,0,1,"2026-09-27"
"8053672970760","Ray-Ban","mid","RB4315","unisex",178,178,0,0,"2026-09-27"
"8053672973334","Ray-Ban","mid","Clubmaster Fleck","unisex",207,207,0,0,"2026-09-27"
"8053672974515","Ralph","budget","RA5248","women",127,127,1,0,"2026-09-27"
"8053672977219","Ray-Ban","mid","Chris","men",160,112,0,1,"2026-09-27"
"8053672982725","Prada Linea Rossa","luxury","PS 01US Active","men",341,341,0,0,"2026-09-27"
"8053672985955","Ray-Ban","mid","RB3558","unisex",168,84,0,1,"2026-09-27"
"8053672986570","Ray-Ban","mid","RB4387","unisex",160,160,0,0,"2026-09-27"
"8053672990775","Ray-Ban","mid","RB4387","unisex",160,160,0,0,"2026-09-27"
"8053672996494","Versace","premium","VE2207Q","men",368,368,0,0,"2026-09-27"
"8056262000106","Burberry","premium","BE4417U","unisex",493,246.5,0,1,"2026-09-27"
"8056262001981","Versace","premium","VE4460D","women",415,290.5,0,1,"2026-09-27"
"8056262003244","Tiffany & Co.","luxury","TF3101B","women",637,637,0,0,"2026-09-27"
"8056262003442","Alain Mikli","luxury","A05506","men",663,663,1,0,"2026-09-27"
"8056262003725","Tiffany & Co.","luxury","TF4218","women",601,601,1,0,"2026-09-27"
"8056262003831","Tiffany & Co.","luxury","TF4220","women",519,519,0,0,"2026-09-27"
"8056262004319","Tiffany & Co.","luxury","TF3103K","women",888,888,0,0,"2026-09-27"
"8056262004364","Tiffany & Co.","luxury","TF4221","women",740,740,0,0,"2026-09-27"
"8056262006801","Armani Exchange","budget","AX4141SU","men",111,111,0,0,"2026-09-27"
"8056262008034","Armani Exchange","budget","AX2052S","men",111,111,0,0,"2026-09-27"
"8056262008348","Tiffany & Co.","luxury","TF4218F","women",601,601,1,0,"2026-09-27"
"8056262009499","Vogue Eyewear","budget","VO5571S","men",100,100,0,0,"2026-09-27"
"8056262009796","Ralph","budget","RA5315U","women",96,96,0,0,"2026-09-27"
"8056262010297","Vogue Eyewear","budget","VO5553S","women",109,109,0,0,"2026-09-27"
"8056262010327","Persol","luxury","PO3342S","unisex",452,452,0,0,"2026-09-27"
"8056262010723","Tiffany & Co.","luxury","TF3104D","women",489,489,0,0,"2026-09-27"
"8056262011065","Tiffany & Co.","luxury","TF3105D","women",548,548,0,0,"2026-09-27"
"8056262011287","Tiffany & Co.","luxury","TF4223D","women",489,489,0,0,"2026-09-27"
"8056262011461","Tiffany & Co.","luxury","TF4224D","women",548,548,0,0,"2026-09-27"
"8056262012055","Ray-Ban","mid","RB4433M Scuderia Ferrari Collection","unisex",240,240,0,0,"2026-09-27"
"8056262013175","Burberry","premium","BE3152","women",596,298,0,1,"2026-09-27"
"8056262013755","Vogue Eyewear","budget","VO5561S","women",100,100,0,0,"2026-09-27"
"8056262013816","Burberry","premium","BE4426","men",403,403,0,0,"2026-09-27"
"8056262013830","Burberry","premium","BE4426","men",403,201.5,0,1,"2026-09-27"
"8056262013922","Polo Ralph Lauren","mid","PH4217","men",280,280,0,0,"2026-09-27"
"8056262013960","Versace","premium","VE4465","unisex",491,491,0,0,"2026-09-27"
"8056262014011","Burberry","premium","BE4427","men",522,261,0,1,"2026-09-27"
"8056262014035","Versace","premium","VE4466U","unisex",323,226.1,0,1,"2026-09-27"
"8056262014066","Versace","premium","VE4467U","women",323,323,0,0,"2026-09-27"
"8056262017029","Ray-Ban","mid","Yevi Bio-Based","unisex",160,160,0,0,"2026-09-27"
"8056262017760","Ray-Ban","mid","RB3727D","unisex",215,215,1,0,"2026-09-27"
"8056262019917","Jimmy Choo","premium","JC4004HB","women",536,536,0,0,"2026-09-27"
"8056262029374","Brunello Cucinelli","luxury","BC2003ST","unisex",1005,1005,1,0,"2026-09-27"
"8056262029466","Brunello Cucinelli","luxury","BC4003S","unisex",862,862,1,0,"2026-09-27"
"8056262029473","Jimmy Choo","premium","JC5007","women",365,365,0,0,"2026-09-27"
"8056262029480","Jimmy Choo","premium","JC5007","women",418,418,1,0,"2026-09-27"
"8056262029527","Jimmy Choo","premium","JC5006U","women",507,507,0,0,"2026-09-27"
"8056262029572","Burberry","premium","BE4426F","men",403,403,0,0,"2026-09-27"
"8056262029688","Jimmy Choo","premium","JC5008","women",365,365,0,0,"2026-09-27"
"8056262030615","Ray-Ban","mid","RB2210","unisex",178,178,0,0,"2026-09-27"
"8056262030912","Brunello Cucinelli","luxury","BC4009S","women",718,718,0,0,"2026-09-27"
"8056262031056","Ray-Ban","mid","Wayfarer Way","unisex",191,191,0,0,"2026-09-27"
"8056262031186","Giorgio Armani","luxury","AR1512M","men",479,479,0,0,"2026-09-27"
"8056262031605","Ray-Ban","mid","Zena Bio-Based","unisex",160,160,0,0,"2026-09-27"
"8056262031711","Ray-Ban","mid","Aviator Titanium","unisex",519,519,1,0,"2026-09-27"
"8056262031735","Ray-Ban","mid","Aviator Titanium Polarized+ Lenses","unisex",536,536,1,0,"2026-09-27"
"8056262033333","Brunello Cucinelli","luxury","BC4008S","unisex",1005,1005,0,0,"2026-09-27"
"8056262033739","Ray-Ban","mid","Jorge","unisex",338,338,0,0,"2026-09-27"
"8056262034798","Giorgio Armani","luxury","AR1508M","women",479,479,0,0,"2026-09-27"
"8056262035740","Emporio Armani","mid","EA4219","men",221,221,0,0,"2026-09-27"
"8056262036846","Ray-Ban","mid","Mega Wayfarer Disney 100Th Anniversary","unisex",191,133.7,0,1,"2026-09-27"
"8056262039298","Ralph Lauren","premium","The Overszed Ricky","women",360,360,0,0,"2026-09-27"
"8056262039489","Jimmy Choo","premium","JC4002B","women",451,451,0,0,"2026-09-27"
"8056262039540","Ralph Lauren","premium","The Juliette","women",360,360,0,0,"2026-09-27"
"8056262040072","Ray-Ban","mid","Old Aviator","unisex",244,244,1,0,"2026-09-27"
"8056262041871","Giorgio Armani","luxury","AR8213BU","women",1468,1468,0,0,"2026-09-27"
"8056262041987","Swarovski","premium","SK7013","women",1852,1852,0,0,"2026-09-27"
"8056262042113","Burberry","premium","BE4428U","unisex",562,281,0,1,"2026-09-27"
"8056262042489","Burberry","premium","BE4421U","women",552,276,0,1,"2026-09-27"
"8056262043875","Ray-Ban","mid","Ray-Ban Meta (Gen 1) Headliner","unisex",224,224,0,0,"2026-09-27"
"8056262044711","Ray-Ban","mid","RB2210","unisex",178,178,0,0,"2026-09-27"
"8056262045480","Jimmy Choo","premium","JC5003","women",423,423,0,0,"2026-09-27"
"8056262045527","Giorgio Armani","luxury","AR8211","men",449,449,0,0,"2026-09-27"
"8056262048795","Versace","premium","VE4402","women",603,603,0,0,"2026-09-27"
"8056262048962","Jimmy Choo","premium","JC5001B","women",423,423,0,0,"2026-09-27"
"8056262049099","Emporio Armani","mid","EA4224","men",248,248,1,0,"2026-09-27"
"8056262049228","Ferrari","luxury","FH1007","unisex",667,667,0,0,"2026-09-27"
"8056262050590","Prada","luxury","PR 24ZSF","women",429,429,0,0,"2026-09-27"
"8056262050934","Jimmy Choo","premium","JC5015U","women",365,365,0,0,"2026-09-27"
"8056262051375","Jimmy Choo","premium","JC5016D","women",365,365,0,0,"2026-09-27"
"8056262051610","Ray-Ban","mid","RB4423D","unisex",197,197,1,0,"2026-09-27"
"8056262055519","Jimmy Choo","premium","JC5007F","women",365,365,0,0,"2026-09-27"
"8056262056400","Ferrari","luxury","FH1008","unisex",667,667,0,0,"2026-09-27"
"8056262056943","Jimmy Choo","premium","JC5019","women",313,313,0,0,"2026-09-27"
"8056262057001","Swarovski","premium","SK7016","women",356,356,0,0,"2026-09-27"
"8056262057322","Jimmy Choo","premium","JC5018U","women",313,313,0,0,"2026-09-27"
"8056262057445","Swarovski","premium","SK7017","women",282,282,0,0,"2026-09-27"
"8056262061350","Ray-Ban","mid","Carlos","unisex",244,244,1,0,"2026-09-27"
"8056262061879","Dolce&Gabbana","luxury","DG4471","women",415,415,0,0,"2026-09-27"
"8056262062067","Dolce&Gabbana","luxury","DG4462","women",415,415,0,0,"2026-09-27"
"8056262062623","Versace","premium","VE2270D","women",460,460,0,0,"2026-09-27"
"8056262063453","Swarovski","premium","SK6017","women",196,196,0,0,"2026-09-27"
"8056262063460","Swarovski","premium","SK6017","women",294,294,0,0,"2026-09-27"
"8056262063590","Swarovski","premium","SK6016","women",196,196,0,0,"2026-09-27"
"8056262063781","Dolce&Gabbana","luxury","DG2304B","women",4491,4491,0,0,"2026-09-27"
"8056262065457","Ferrari","luxury","FH1009T","unisex",815,815,0,0,"2026-09-27"
"8056262065549","Dolce&Gabbana","luxury","DG2302","men",894,894,1,0,"2026-09-27"
"8056262065563","Ferrari","luxury","FH2003U","unisex",637,637,1,0,"2026-09-27"
"8056262065594","Ferrari","luxury","FH2003U","unisex",563,563,0,0,"2026-09-27"
"8056262065914","Dolce&Gabbana","luxury","DG2305","men",646,646,0,0,"2026-09-27"
"8056262065938","Ferrari","luxury","FH2005U","unisex",741,741,1,0,"2026-09-27"
"8056262069554","Ferrari","luxury","FH2002QU","unisex",889,889,1,0,"2026-09-27"
"8056262069561","Dolce&Gabbana","luxury","DG4471F","women",415,415,0,0,"2026-09-27"
"8056262070390","Dolce&Gabbana","luxury","DG4465F","men",507,507,0,0,"2026-09-27"
"8056262070505","Scuderia Ferrari","mid","FZ6002U","men",111,111,0,0,"2026-09-27"
"8056262070635","Scuderia Ferrari","mid","FZ6003U","men",143,143,1,0,"2026-09-27"
"8056262070772","Scuderia Ferrari","mid","FZ6006","men",164,164,1,0,"2026-09-27"
"8056262070796","Scuderia Ferrari","mid","FZ6006","men",132,132,0,0,"2026-09-27"
"8056262075203","Swarovski","premium","SK6018","women",282,282,0,0,"2026-09-27"
"8056262075746","Diesel","mid","DL3002","unisex",211,211,0,0,"2026-09-27"
"8056262075784","Diesel","mid","DL3001","unisex",211,211,0,0,"2026-09-27"
"8056262079119","Swarovski","premium","SK6021","women",258,258,0,0,"2026-09-27"
"8056262080665","Persol","luxury","PO0086S","unisex",630,630,0,0,"2026-09-27"
"8056262080740","Persol","luxury","PO0060S","women",694,694,1,0,"2026-09-27"
"8056262080955","Ray-Ban","mid","RB4421D Bio-Based","unisex",160,160,0,0,"2026-09-27"
"8056262082478","Burberry","premium","BE4431U","men",298,298,0,0,"2026-09-27"
"8056262082881","Burberry","premium","BE4432U","unisex",298,298,0,0,"2026-09-27"
"8056262083352","Prada","luxury","PR 06YS","men",518,518,0,0,"2026-09-27"
"8056262084090","Prada","luxury","PR A19S","men",607,607,0,0,"2026-09-27"
"8056262085691","Swarovski","premium","SK7023","women",307,307,0,0,"2026-09-27"
"8056262085905","Burberry","premium","BE3149","women",373,373,0,0,"2026-09-27"
"8056262085936","Ray-Ban","mid","RB4436D Bio-Based","unisex",160,160,0,0,"2026-09-27"
"8056262086551","Brunello Cucinelli","luxury","BC4006S","unisex",790,790,1,0,"2026-09-27"
"8056262086568","Brunello Cucinelli","luxury","BC4001S","men",933,933,1,0,"2026-09-27"
"8056262088432","Alain Mikli","luxury","A05507","unisex",849,849,1,0,"2026-09-27"
"8056262097113","Swarovski","premium","SK7015","women",307,307,0,0,"2026-09-27"
"8056262097519","Burberry","premium","BE4431U","women",351,351,1,0,"2026-09-27"
"8056262099353","Ray-Ban","mid","Original Wayfarer Change","unisex",249,249,0,0,"2026-09-27"
"8056262130193","Ray-Ban","mid","Original Wayfarer Change","unisex",249,249,0,0,"2026-09-27"
"8056262130209","Ray-Ban","mid","Original Wayfarer Change Transitions®","unisex",366,366,0,0,"2026-09-27"
"8056262132869","Prada","luxury","PR A22S","men",430,430,0,0,"2026-09-27"
"8056262132890","Prada","luxury","PR A21S","men",430,430,0,0,"2026-09-27"
"8056262134214","Prada","luxury","PR A22SF","men",430,430,0,0,"2026-09-27"
"8056262134474","Prada","luxury","PR A16S","men",578,578,0,0,"2026-09-27"
"8056262134498","Prada","luxury","PR A16S","men",642,642,1,0,"2026-09-27"
"8056262134566","Prada","luxury","PR A16SF","men",578,578,0,0,"2026-09-27"
"8056262134573","Prada","luxury","PR A16SF","men",642,642,1,0,"2026-09-27"
"8056262134672","Prada","luxury","PR A17S","men",578,578,0,0,"2026-09-27"
"8056262134726","Prada","luxury","PR A17SF","men",578,578,0,0,"2026-09-27"
"8056262134771","Prada","luxury","PR A21SF","men",430,430,0,0,"2026-09-27"
"8056262140529","Giorgio Armani","luxury","AR8209","men",1468,1468,0,0,"2026-09-27"
"8056262141489","Prada","luxury","PR A09S","women",563,563,0,0,"2026-09-27"
"8056262142677","Ray-Ban","mid","Emy Bio-Based","unisex",197,197,1,0,"2026-09-27"
"8056262147825","Prada","luxury","PR A60S","women",489,489,0,0,"2026-09-27"
"8056262148037","Vogue Eyewear","budget","VO5582S","women",83,83,0,0,"2026-09-27"
"8056262148099","Vogue Eyewear","budget","VO5584S","women",83,83,0,0,"2026-09-27"
"8056262148228","Vogue Eyewear","budget","VO5585S","women",83,83,0,0,"2026-09-27"
"8056262148310","Vogue Eyewear","budget","VO5586S","women",83,83,0,0,"2026-09-27"
"8056262150528","Miu Miu","luxury","MU 11ZS","women",518,518,0,0,"2026-09-27"
"8056262151075","Ray-Ban","mid","Ray-Ban Meta (Gen 1) Headliner","unisex",284,284,0,0,"2026-09-27"
"8056262164563","Jimmy Choo","premium","JC5020B","women",1550,1550,0,0,"2026-09-27"
"8056262166185","Ray-Ban","mid","Ray-Ban Meta (Gen 1) Skyler","unisex",284,284,0,0,"2026-09-27"
"8056262181737","Ralph Lauren","premium","RL7088","women",360,360,0,0,"2026-09-27"
"8056262182062","Brunello Cucinelli","luxury","BC4002S Mr.Brunello","unisex",861,861,0,0,"2026-09-27"
"8056262185223","Tiffany & Co.","luxury","TF4228","women",474,474,0,0,"2026-09-27"
"8056262185407","Tiffany & Co.","luxury","TF4229","women",483,483,1,0,"2026-09-27"
"8056262185889","Polo Ralph Lauren","mid","PH4224U","men",227,227,0,0,"2026-09-27"
"8056262185896","Tiffany & Co.","luxury","TF4230","women",430,430,0,0,"2026-09-27"
"8056262189115","Tiffany & Co.","luxury","TF3108B","unisex",489,489,0,0,"2026-09-27"
"8056262189344","Tiffany & Co.","luxury","TF3107KB","women",1128,1128,0,0,"2026-09-27"
"8056262189467","Tiffany & Co.","luxury","TF4225U","women",542,542,1,0,"2026-09-27"
"8056262189542","Tiffany & Co.","luxury","TF4226U","unisex",489,489,0,0,"2026-09-27"
"8056262189627","Armani Exchange","budget","AX2053S","men",96,96,0,0,"2026-09-27"
"8056262189726","Tiffany & Co.","luxury","TF4227BU","women",519,519,0,0,"2026-09-27"
"8056262192344","Tiffany & Co.","luxury","TF4229F","women",483,483,1,0,"2026-09-27"
"8056262192696","Tiffany & Co.","luxury","TF4228F","women",474,474,0,0,"2026-09-27"
"8056262192795","Tiffany & Co.","luxury","TF4230F","women",430,430,0,0,"2026-09-27"
"8056262193099","Vogue Eyewear","budget","VO4327SD","women",77,77,0,0,"2026-09-27"
"8056262195666","Polo Ralph Lauren","mid","PH4222U","men",173,173,0,0,"2026-09-27"
"8056262196205","Burberry","premium","BE4435","women",314,314,0,0,"2026-09-27"
"8056262196908","Brunello Cucinelli","luxury","BC4011S","men",986,986,1,0,"2026-09-27"
"8056262196977","Brunello Cucinelli","luxury","BC8503S","men",2871,2871,0,0,"2026-09-27"
"8056262197233","Burberry","premium","BE4434","men",314,314,0,0,"2026-09-27"
"8056262198698","Armani Exchange","budget","AX4151SF","women",96,96,0,0,"2026-09-27"
"8056262199121","Giorgio Armani","luxury","AR8219U","men",479,479,0,0,"2026-09-27"
"8056262199763","Giorgio Armani","luxury","AR8220","men",479,479,0,0,"2026-09-27"
"8056262199954","Brunello Cucinelli","luxury","BC3005S","men",861,861,0,0,"2026-09-27"
"8056262199978","Polo Ralph Lauren","mid","PH3156","men",255,255,1,0,"2026-09-27"
"8056262220429","Versace","premium","Biggie","men",2193,2193,0,0,"2026-09-27"
"8056262220610","Burberry","premium","BE4439","men",522,522,0,0,"2026-09-27"
"8056262221280","Ray-Ban","mid","RB3807M Scuderia Ferrari Collection","unisex",313,313,0,0,"2026-09-27"
"8056262221457","Versace","premium","VE4478U","women",415,415,0,0,"2026-09-27"
"8056262221501","Giorgio Armani","luxury","AR6162","men",418,418,0,0,"2026-09-27"
"8056262221686","Ray-Ban","mid","RB3697M Scuderia Ferrari Collection","unisex",280,280,0,0,"2026-09-27"
"8056262221716","Swarovski","premium","SK6027","women",1043,1043,0,0,"2026-09-27"
"8056262221730","Versace","premium","VE4479U","men",415,415,0,0,"2026-09-27"
"8056262221785","Giorgio Armani","luxury","AR8218","men",418,418,0,0,"2026-09-27"
"8056262221860","Versace","premium","VE2272","men",354,354,0,0,"2026-09-27"
"8056262222447","Versace","premium","VE4480U","women",415,415,0,0,"2026-09-27"
"8056262224649","Swarovski","premium","SK6033","women",331,331,0,0,"2026-09-27"
"8056262224991","Prada Linea Rossa","luxury","PS 05ZS","men",451,451,0,0,"2026-09-27"
"8056262225103","Prada Linea Rossa","luxury","PS 04ZS","men",430,430,0,0,"2026-09-27"
"8056262225769","Persol","luxury","PO3363S","men",393,393,0,0,"2026-09-27"
"8056262225813","Prada Linea Rossa","luxury","PS 53ZS","men",459,459,0,0,"2026-09-27"
"8056262225899","Prada Linea Rossa","luxury","PS 54ZS","men",512,512,1,0,"2026-09-27"
"8056262226025","Prada Linea Rossa","luxury","PS 55ZS","men",480,480,0,0,"2026-09-27"
"8056262226094","Ralph","budget","RA5319U","women",127,127,0,0,"2026-09-27"
"8056262226629","Ralph","budget","RA5324U","women",117,117,1,0,"2026-09-27"
"8056262226667","Tiffany & Co.","luxury","TF3088","unisex",460,460,0,0,"2026-09-27"
"8056262228401","Swarovski","premium","SK6026","women",233,233,0,0,"2026-09-27"
"8056262228586","Armani Exchange","budget","AX4147SF","men",81,81,0,0,"2026-09-27"
"8056262229040","Persol","luxury","PO3366S","unisex",457,457,1,0,"2026-09-27"
"8056262229125","Persol","luxury","PO3366S","unisex",393,393,0,0,"2026-09-27"
"8056262229200","Persol","luxury","PO3362S","unisex",393,393,0,0,"2026-09-27"
"8056262229286","Persol","luxury","PO3235S","unisex",393,393,0,0,"2026-09-27"
"8056262229361","Persol","luxury","PO3357S - Renzo","unisex",363,363,0,0,"2026-09-27"
"8056262229415","Persol","luxury","PO3357S - Renzo","unisex",427,427,1,0,"2026-09-27"
"8056262229545","Tiffany & Co.","luxury","TF3110KB","women",1550,1550,0,0,"2026-09-27"
"8056262229682","Persol","luxury","PO3355S","unisex",363,363,0,0,"2026-09-27"
"8056262229736","Persol","luxury","PO3355S","unisex",427,427,1,0,"2026-09-27"
"8056262229750","Brunello Cucinelli","luxury","BC2005ST","men",1071,1071,0,0,"2026-09-27"
"8056262230701","Jimmy Choo","premium","JC5030U","women",479,479,0,0,"2026-09-27"
"8056262230756","Versace","premium","VE4361 Biggie","men",2193,2193,0,0,"2026-09-27"
"8056262231548","Jimmy Choo","premium","JC5031","women",479,479,0,0,"2026-09-27"
"8056262231715","Swarovski","premium","SK6029","women",331,331,0,0,"2026-09-27"
"8056262232347","Persol","luxury","PO0203S - Senna Series","unisex",545,545,1,0,"2026-09-27"
"8056262232545","Persol","luxury","PO0202S - Senna Series","unisex",545,545,1,0,"2026-09-27"
"8056262232712","Vogue Eyewear","budget","VO5607S","women",112,112,1,0,"2026-09-27"
"8056262232750","Persol","luxury","PO0009","men",452,452,0,0,"2026-09-27"
"8056262232873","Persol","luxury","PO1020S","unisex",422,422,0,0,"2026-09-27"
"8056262233030","Persol","luxury","PO1019S","unisex",422,422,0,0,"2026-09-27"
"8056262234495","Emporio Armani","mid","EA4234U","men",192,192,0,0,"2026-09-27"
"8056262234709","Persol","luxury","PO9649S","men",427,427,1,0,"2026-09-27"
"8056262234990","Jimmy Choo","premium","JC5022B","women",395,395,0,0,"2026-09-27"
"8056262236611","Alain Mikli","luxury","A05508","women",769,769,0,0,"2026-09-27"
"8056262237540","Jimmy Choo","premium","JC5024HU","women",423,423,0,0,"2026-09-27"
"8056262238158","Jimmy Choo","premium","JC5028","women",313,313,0,0,"2026-09-27"
"8056262238219","Jimmy Choo","premium","JC5029U","women",313,313,0,0,"2026-09-27"
"8056262239346","Scuderia Ferrari","mid","FZ6012U","men",164,164,1,0,"2026-09-27"
"8056262240106","Jimmy Choo","premium","JC4012","women",366,366,0,0,"2026-09-27"
"8056262240113","Scuderia Ferrari","mid","FZ6009U","men",132,132,0,0,"2026-09-27"
"8056262240151","Swarovski","premium","SK6032","women",331,331,0,0,"2026-09-27"
"8056262240922","Vogue Eyewear","budget","VO5601S","women",98,98,1,0,"2026-09-27"
"8056262241127","Brunello Cucinelli","luxury","BC4010S","women",861,861,0,0,"2026-09-27"
"8056262241745","Versace","premium","VE2272","men",407,407,1,0,"2026-09-27"
"8056262242841","Emporio Armani","mid","EA4238","women",235,235,0,0,"2026-09-27"
"8056262245026","Dolce&Gabbana","luxury","DG4482","men",460,460,0,0,"2026-09-27"
"8056262245071","Brunello Cucinelli","luxury","BC2004ST","unisex",933,933,0,0,"2026-09-27"
"8056262245385","Vogue Eyewear","budget","VO5616S","women",104,104,1,0,"2026-09-27"
"8056262245873","Ray-Ban","mid","Raimond","unisex",244,244,1,0,"2026-09-27"
"8056262246085","Ray-Ban","mid","RB2230","unisex",191,191,0,0,"2026-09-27"
"8056262246580","Vogue Eyewear","budget","VO4323S","women",83,83,0,0,"2026-09-27"
"8056262246689","Ray-Ban","mid","RB3750","unisex",178,178,0,0,"2026-09-27"
"8056262247037","Dolce&Gabbana","luxury","DG4476","women",415,415,0,0,"2026-09-27"
"8056262247488","Dolce&Gabbana","luxury","DG4475","women",415,415,0,0,"2026-09-27"
"8056262247648","Dolce&Gabbana","luxury","DG2309","men",830,830,0,0,"2026-09-27"
"8056262247822","Dolce&Gabbana","luxury","DG4477","men",646,646,0,0,"2026-09-27"
"8056262247860","Versace","premium","VE2275","men",569,569,0,0,"2026-09-27"
"8056262249659","Ferrari","luxury","FH1015","unisex",667,667,0,0,"2026-09-27"
"8056262249727","Dolce&Gabbana","luxury","DG4483","men",460,460,0,0,"2026-09-27"
"8056262249918","Versace","premium","VE2274","women",569,569,0,0,"2026-09-27"
"8056262250075","Brunello Cucinelli","luxury","BC2006ST","women",933,933,0,0,"2026-09-27"
"8056262250198","Ferrari","luxury","FH2011U","unisex",741,741,1,0,"2026-09-27"
"8056262250273","Vogue Eyewear","budget","VO5599S","men",91,91,0,0,"2026-09-27"
"8056262255124","Dolce&Gabbana","luxury","DG4474","women",415,415,0,0,"2026-09-27"
"8056262255353","Dolce&Gabbana","luxury","DG4474F","women",415,415,0,0,"2026-09-27"
"8056262256633","Ferrari","luxury","FH1014T","unisex",857,857,1,0,"2026-09-27"
"8056262257012","Dolce&Gabbana","luxury","DG4484","men",614,614,0,0,"2026-09-27"
"8056262257111","Persol","luxury","PO0050S","unisex",694,694,1,0,"2026-09-27"
"8056262257173","Dolce&Gabbana","luxury","DG4484F","men",614,614,0,0,"2026-09-27"
"8056262257258","Persol","luxury","PO0052S","women",630,630,0,0,"2026-09-27"
"8056262262504","Dolce&Gabbana","luxury","DG4485","men",614,614,0,0,"2026-09-27"
"8056262263082","Persol","luxury","PO0054S","unisex",694,694,1,0,"2026-09-27"
"8056262264065","Persol","luxury","PO0064S","unisex",694,694,1,0,"2026-09-27"
"8056262264652","Persol","luxury","PO0082S","unisex",694,694,1,0,"2026-09-27"
"8056262265253","Persol","luxury","PO0091S","unisex",694,694,1,0,"2026-09-27"
"8056262268216","Ray-Ban","mid","Mega Balorama","unisex",202,202,0,0,"2026-09-27"
"8056262268230","Ray-Ban","mid","Mega Balorama","unisex",255,255,1,0,"2026-09-27"
"8056262268322","Ray-Ban","mid","Clubmaster Reverse","unisex",215,215,0,0,"2026-09-27"
"8056262268346","Ray-Ban","mid","Round Reverse","unisex",252,252,1,0,"2026-09-27"
"8056262268360","Ray-Ban","mid","Clubmaster Reverse","unisex",252,252,1,0,"2026-09-27"
"8056262268421","Ray-Ban","mid","Round Reverse","unisex",215,215,0,0,"2026-09-27"
"8056262268902","Ray-Ban","mid","RB4441D Bio-Based","unisex",160,160,0,0,"2026-09-27"
"8056262268964","Ray-Ban","mid","RB4339D","unisex",160,160,0,0,"2026-09-27"
"8056262268971","Ray-Ban","mid","RB4439D","unisex",160,160,0,0,"2026-09-27"
"8056262275184","Versace","premium","VE4482","men",323,323,0,0,"2026-09-27"
"8056262275627","Persol","luxury","PO0005","men",452,452,0,0,"2026-09-27"
"8056262275702","Versace","premium","VE2278D","women",354,354,0,0,"2026-09-27"
"8056262281499","Burberry","premium","BE4446D","women",314,314,0,0,"2026-09-27"
"8056262281925","Ray-Ban","mid","Joseph","unisex",391,391,1,0,"2026-09-27"
"8056262282182","Ray-Ban","mid","RB3746","unisex",207,207,0,0,"2026-09-27"
"8056262282373","Ray-Ban","mid","RB3749","women",244,244,1,0,"2026-09-27"
"8056262282533","Ray-Ban","mid","Mega Wayfarer Liteforce","unisex",227,227,0,0,"2026-09-27"
"8056262282571","Ray-Ban","mid","Mega Wayfarer Liteforce","unisex",264,264,1,0,"2026-09-27"
"8056262282786","Ferrari","luxury","FH2012U","unisex",14517,14517,1,0,"2026-09-27"
"8056262282892","Ray-Ban","mid","RB2213","unisex",178,178,0,0,"2026-09-27"
"8056262282960","Moncler","luxury","Quaderna","unisex",718,718,0,0,"2026-09-27"
"8056262283073","Moncler","luxury","Snowseeker","unisex",561,561,0,0,"2026-09-27"
"8056262283141","Moncler","luxury","Futuro","unisex",561,561,0,0,"2026-09-27"
"8056262283592","Brunello Cucinelli","luxury","BC2007SM","men",2153,2153,0,0,"2026-09-27"
"8056262283806","Burberry","premium","BE4447D","women",314,314,0,0,"2026-09-27"
"8056262283943","Dolce&Gabbana","luxury","DG4482F","men",460,460,0,0,"2026-09-27"
"8056262284957","Ralph","budget","RA4138","women",127,127,1,0,"2026-09-27"
"8056262285589","Moncler","luxury","Rondosa","unisex",587,587,1,0,"2026-09-27"
"8056262285688","Ray-Ban","mid","William Titanium","unisex",519,519,1,0,"2026-09-27"
"8056262292532","Dolce&Gabbana","luxury","DG4485F","men",614,614,0,0,"2026-09-27"
"8056262292587","Moncler","luxury","Cloche","unisex",561,561,0,0,"2026-09-27"
"8056262292884","Ferrari","luxury","FH2010Q","unisex",815,815,0,0,"2026-09-27"
"8056262294345","Dolce&Gabbana","luxury","DG2311","women",1502,1502,0,0,"2026-09-27"
"8056262294871","Ray-Ban","mid","Raimond","unisex",191,191,0,0,"2026-09-27"
"8056262295441","Ray-Ban","mid","RB3751","unisex",178,178,0,0,"2026-09-27"
"8056262296851","Dolce&Gabbana","luxury","DG4479","women",460,460,0,0,"2026-09-27"
"8056262296929","Giorgio Armani","luxury","AR8226T","men",874,874,0,0,"2026-09-27"
"8056262301364","Versace","premium","VE4483D","men",415,415,0,0,"2026-09-27"
"8056262303382","Diesel","mid","DL1006","unisex",236,236,0,0,"2026-09-27"
"8056262303399","Diesel","mid","DL1006","unisex",273,273,0,0,"2026-09-27"
"8056262303719","Polo Ralph Lauren","mid","PH4195U","men",173,173,0,0,"2026-09-27"
"8056262304662","Dolce&Gabbana","luxury","DG4448","women",384,384,0,0,"2026-09-27"
"8056262304839","Alain Mikli","luxury","A04501T","unisex",915,915,0,0,"2026-09-27"
"8056262304891","Ray-Ban","mid","Wayfarer Reverse","unisex",252,252,1,0,"2026-09-27"
"8056262314678","Versace","premium","VE4484BU","women",1169,1169,0,0,"2026-09-27"
"8056262314845","Versace","premium","VE2279","men",491,491,0,0,"2026-09-27"
"8056262317518","Moncler","luxury","Caprice","unisex",326,326,0,0,"2026-09-27"
"8056262318690","Prada Linea Rossa","luxury","PS A03S","men",667,667,0,0,"2026-09-27"
"8056262320471","Miu Miu","luxury","MU A50S","women",637,637,0,0,"2026-09-27"
"8056262322192","Alain Mikli","luxury","A05514","women",1246,1246,0,0,"2026-09-27"
"8056262322949","Prada Linea Rossa","luxury","PS A02S","men",667,667,0,0,"2026-09-27"
"8056262326831","Ray-Ban","mid","Ray-Ban Meta (Gen 1) Wayfarer","unisex",284,284,0,0,"2026-09-27"
"8056262327845","Prada Linea Rossa","luxury","PS 06YS","men",370,370,0,0,"2026-09-27"
"8056262329146","Miu Miu","luxury","MU 07YS","women",518,518,0,0,"2026-09-27"
"8056262329160","Miu Miu","luxury","MU 01YS","women",518,518,0,0,"2026-09-27"
"8056262329184","Miu Miu","luxury","MU 54ZS","women",548,548,0,0,"2026-09-27"
"8056262344347","Miu Miu","luxury","MU 56ZS","women",548,548,0,0,"2026-09-27"
"8056262344606","Prada Linea Rossa","luxury","PS 04ZSF","men",430,430,0,0,"2026-09-27"
"8056262344897","Prada Linea Rossa","luxury","PS A50S","men",512,512,1,0,"2026-09-27"
"8056262344927","Prada Linea Rossa","luxury","PS A51S","men",459,459,0,0,"2026-09-27"
"8056262345146","Emporio Armani","mid","EA4241D","men",182,182,0,0,"2026-09-27"
"8056262349649","Armani Exchange","budget","AX4158S","women",96,96,0,0,"2026-09-27"
"8056262350263","Persol","luxury","PO3369S","unisex",393,393,0,0,"2026-09-27"
"8056262350355","Armani Exchange","budget","AX2055S","women",96,96,0,0,"2026-09-27"
"8056262350720","Miu Miu","luxury","MU 01YSF","women",518,518,0,0,"2026-09-27"
"8056262350799","Armani Exchange","budget","AX4159SU","unisex",116,116,0,0,"2026-09-27"
"8056262352083","Brunello Cucinelli","luxury","BC4016S PIGALLE","women",1005,1005,1,0,"2026-09-27"
"8056262352526","Ray-Ban","mid","Ray-Ban Meta (Gen 1) Headliner","unisex",284,284,0,0,"2026-09-27"
"8056262355855","Persol","luxury","PO3370S","unisex",457,457,1,0,"2026-09-27"
"8056262355893","Persol","luxury","PO3370S","unisex",393,393,0,0,"2026-09-27"
"8056262356494","Persol","luxury","PO3171S","men",363,363,0,0,"2026-09-27"
"8056262356500","Persol","luxury","PO3171S","men",427,427,1,0,"2026-09-27"
"8056262356609","Persol","luxury","PO3379S","unisex",363,363,0,0,"2026-09-27"
"8056262356715","Persol","luxury","PO3378S - Loris","women",363,363,0,0,"2026-09-27"
"8056262356920","Vogue Eyewear","budget","VO4329S","women",104,104,1,0,"2026-09-27"
"8056262356999","Brunello Cucinelli","luxury","BC2008ST","women",933,933,0,0,"2026-09-27"
"8056262357033","Persol","luxury","PO3375S","unisex",570,570,0,0,"2026-09-27"
"8056262357057","Persol","luxury","PO3375S","unisex",634,634,1,0,"2026-09-27"
"8056262357095","Brunello Cucinelli","luxury","BC2009ST JARAMA","men",1005,1005,0,0,"2026-09-27"
"8056262357200","Persol","luxury","PO3372S","unisex",363,363,0,0,"2026-09-27"
"8056262357323","Persol","luxury","PO3380S","unisex",422,422,0,0,"2026-09-27"
"8056262357385","Persol","luxury","PO3373S - Vincent","unisex",486,486,1,0,"2026-09-27"
"8056262360897","Armani Exchange","budget","AX4160SF","men",117,117,1,0,"2026-09-27"
"8056262361429","Armani Exchange","budget","AX4158SF","women",96,96,0,0,"2026-09-27"
"8056262363362","Giorgio Armani","luxury","AR6160T","men",1324,1324,0,0,"2026-09-27"
"8056262363423","Giorgio Armani","luxury","AR6161T","men",1324,1324,0,0,"2026-09-27"
"8056262363737","Armani Exchange","budget","AX2054S","men",96,96,0,0,"2026-09-27"
"8056262364178","Brunello Cucinelli","luxury","BC4017S PAUL","men",933,933,0,0,"2026-09-27"
"8056262364475","Jimmy Choo","premium","JC5021BU","women",874,874,0,0,"2026-09-27"
"8056262364529","Jimmy Choo","premium","JC5033B","women",1550,1550,0,0,"2026-09-27"
"8056262364932","Jimmy Choo","premium","JC4009B","women",1269,1269,0,0,"2026-09-27"
"8056262365250","Tiffany & Co.","luxury","TF3111","unisex",489,489,0,0,"2026-09-27"
"8056262365274","Tiffany & Co.","luxury","TF4232","women",460,460,0,0,"2026-09-27"
"8056262365328","Tiffany & Co.","luxury","TF4232F","women",460,460,0,0,"2026-09-27"
"8056262365380","Tiffany & Co.","luxury","TF4231U","women",460,460,0,0,"2026-09-27"
"8056262365458","Tiffany & Co.","luxury","TF3112K","women",1410,1410,0,0,"2026-09-27"
"8056262365656","Tiffany & Co.","luxury","TF3113KB","women",1691,1691,0,0,"2026-09-27"
"8056262365694","Tiffany & Co.","luxury","TF4233U","women",631,631,1,0,"2026-09-27"
"8056262365724","Tiffany & Co.","luxury","TF4233U","women",578,578,0,0,"2026-09-27"
"8056262365854","Tiffany & Co.","luxury","TF4234U","unisex",578,578,0,0,"2026-09-27"
"8056262366042","Tiffany & Co.","luxury","TF4235","women",519,519,0,0,"2026-09-27"
"8056262366400","Tiffany & Co.","luxury","TF4236U","women",519,519,0,0,"2026-09-27"
"8056262366448","Tiffany & Co.","luxury","TF4237B","women",430,430,0,0,"2026-09-27"
"8056262366516","Tiffany & Co.","luxury","TF4237BF","women",483,483,1,0,"2026-09-27"
"8056262366578","Tiffany & Co.","luxury","TF4238U","women",489,489,0,0,"2026-09-27"
"8056262366851","Ferrari","luxury","FH2014U","men",741,741,1,0,"2026-09-27"
"8056262367117","Ferrari","luxury","FH1021T","men",857,857,1,0,"2026-09-27"
"8056262367209","Tiffany & Co.","luxury","TF4239U","women",542,542,1,0,"2026-09-27"
"8056262367247","Tiffany & Co.","luxury","TF4240U","women",489,489,0,0,"2026-09-27"
"8056262367308","Ferrari","luxury","FH1020Q","men",1852,1852,1,0,"2026-09-27"
"8056262373927","Versace","premium","VE2274G","women",14617,14617,0,0,"2026-09-27"
"8056262374405","Ferrari","luxury","FH1022T","unisex",815,815,0,0,"2026-09-27"
"8056262374429","Persol","luxury","PO3378S - Loris","women",427,427,1,0,"2026-09-27"
"8056262374443","Persol","luxury","PO3379S","unisex",427,427,1,0,"2026-09-27"
"8056262375006","Moncler","luxury","VIZLA","unisex",483,483,1,0,"2026-09-27"
"8056262380567","Scuderia Ferrari","mid","FZ6018U","men",164,164,0,0,"2026-09-27"
"8056262392447","Scuderia Ferrari","mid","FZ5003","men",185,185,0,0,"2026-09-27"
"8056262392744","Prada","luxury","PR 02ZSF","men",582,582,1,0,"2026-09-27"
"8056262392980","Prada","luxury","PR B52S","women",578,578,0,0,"2026-09-27"
"8056262393161","Prada","luxury","PR B54S","men",542,542,1,0,"2026-09-27"
"8056262393321","Prada","luxury","PR B09SF","women",548,548,0,0,"2026-09-27"
"8056262396773","Polo Ralph Lauren","mid","PH3161","men",173,173,0,0,"2026-09-27"
"8056262397367","Prada","luxury","PR B11SF","men",578,578,0,0,"2026-09-27"
"8056262397374","Prada","luxury","PR B11SF","men",642,642,1,0,"2026-09-27"
"8056262397398","Prada","luxury","PR B12S","men",578,578,0,0,"2026-09-27"
"8056262397435","Prada","luxury","PR B12S","men",642,642,0,0,"2026-09-27"
"8056262397619","Prada","luxury","PR B06S","women",548,548,0,0,"2026-09-27"
"8056262397718","Prada","luxury","PR B05S","women",430,430,0,0,"2026-09-27"
"8056262397770","Prada","luxury","PR B05SF","women",430,430,0,0,"2026-09-27"
"8056262397831","Miu Miu","luxury","MU A03S","women",518,518,0,0,"2026-09-27"
"8056262398890","Diesel","mid","DL3004U","unisex",186,186,0,0,"2026-09-27"
"8056262398975","Diesel","mid","DL3006U","unisex",186,186,0,0,"2026-09-27"
"8056262399491","Diesel","mid","DL2005","unisex",186,186,0,0,"2026-09-27"
"8056262407554","Miu Miu","luxury","MU A03SF","women",518,518,0,0,"2026-09-27"
"8056262407660","Miu Miu","luxury","MU A06S","women",518,518,0,0,"2026-09-27"
"8056262407929","Miu Miu","luxury","MU A06SF","women",518,518,0,0,"2026-09-27"
"8056262407943","Miu Miu","luxury","MU A04S","women",518,518,0,0,"2026-09-27"
"8056262407998","Miu Miu","luxury","MU A04SF","women",518,518,0,0,"2026-09-27"
"8056262408124","Miu Miu","luxury","MU A05S","women",518,518,0,0,"2026-09-27"
"8056262410714","Prada","luxury","PR B09S","women",548,548,0,0,"2026-09-27"
"8056262410998","Moncler","luxury","AUROS","unisex",587,587,0,0,"2026-09-27"
"8056262411216","Tiffany & Co.","luxury","TF4241D","women",430,430,0,0,"2026-09-27"
"8056262411711","Prada","luxury","PR B12SF","men",578,578,0,0,"2026-09-27"
"8056262411735","Prada","luxury","PR B12SF","men",642,642,1,0,"2026-09-27"
"8056262411933","Tiffany & Co.","luxury","TF4243D","women",430,430,0,0,"2026-09-27"
"8056262411995","Tiffany & Co.","luxury","TF4244D","women",430,430,0,0,"2026-09-27"
"8056262412060","Moncler","luxury","BOMBOLLE","unisex",326,326,0,0,"2026-09-27"
"8056262412367","Miu Miu","luxury","MU A51S","women",696,696,0,0,"2026-09-27"
"8056262412756","Miu Miu","luxury","MU A52S","women",548,548,0,0,"2026-09-27"
"8056262412770","Ray-Ban","mid","RB2216","unisex",178,178,0,0,"2026-09-27"
"8056262412916","Miu Miu","luxury","MU A53S","women",548,548,0,0,"2026-09-27"
"8056262412923","Ray-Ban","mid","RB2215","unisex",178,178,0,0,"2026-09-27"
"8056262413029","Ray-Ban","mid","RB2215","unisex",178,178,0,0,"2026-09-27"
"8056262414637","Vogue Eyewear","budget","VO5642SU","women",83,83,0,0,"2026-09-27"
"8056262414859","Brunello Cucinelli","luxury","BC2010ST PALOMA","unisex",2154,2154,0,0,"2026-09-27"
"8056262414880","Brunello Cucinelli","luxury","BC4018S JARED","men",1005,1005,0,0,"2026-09-27"
"8056262414965","Prada","luxury","PR B06SF","women",548,548,0,0,"2026-09-27"
"8056262415108","Versace","premium","VE4486","men",323,323,0,0,"2026-09-27"
"8056262415511","Versace","premium","VE4486F","men",323,323,0,0,"2026-09-27"
"8056262415795","Ray-Ban","mid","RB4451","unisex",231,231,0,0,"2026-09-27"
"8056262415832","Ray-Ban","mid","RB3755","unisex",178,178,0,0,"2026-09-27"
"8056262416082","Ray-Ban","mid","RB3754","unisex",178,178,0,0,"2026-09-27"
"8056262416365","Ray-Ban","mid","Flacko Bio-Based","unisex",244,244,1,0,"2026-09-27"
"8056262416976","Prada","luxury","PR B51S","men",542,542,1,0,"2026-09-27"
"8056262418420","Brunello Cucinelli","luxury","BC4014S","men",718,718,0,0,"2026-09-27"
"8056262419953","Versace","premium","VE4487","women",376,376,1,0,"2026-09-27"
"8056262420447","Versace","premium","VE4487F","women",323,323,0,0,"2026-09-27"
"8056262420942","Versace","premium","VE4488U","women",323,323,0,0,"2026-09-27"
"8056262420959","Ralph Lauren","premium","RL8232U","women",289,289,0,0,"2026-09-27"
"8056262421314","Ralph Lauren","premium","RL8231U","women",289,289,0,0,"2026-09-27"
"8056262421727","Versace","premium","VE4492U","women",323,323,0,0,"2026-09-27"
"8056262421796","Versace","premium","VE4485","women",384,384,0,0,"2026-09-27"
"8056262422113","Versace","premium","VE2283","men",415,415,0,0,"2026-09-27"
"8056262422335","Versace","premium","VE2284","men",415,415,0,0,"2026-09-27"
"8056262422342","Versace","premium","VE4490U","men",354,354,0,0,"2026-09-27"
"8056262422540","Versace","premium","VE4491U","women",354,354,0,0,"2026-09-27"
"8056262427699","Versace","premium","VE2281","women",491,491,0,0,"2026-09-27"
"8056262427767","Moncler","luxury","Tanium","unisex",483,483,0,0,"2026-09-27"
"8056262427811","Versace","premium","VE2282","women",415,415,0,0,"2026-09-27"
"8056262427835","Versace","premium","VE2282","women",1754,1754,0,0,"2026-09-27"
"8056262429631","Armani Exchange","budget","AX4145SF","men",81,81,0,0,"2026-09-27"
"8056262435380","Giorgio Armani","luxury","AR8230U","men",727,727,0,0,"2026-09-27"
"8056262447963","Burberry","premium","BE4453","women",463,463,0,0,"2026-09-27"
"8056262448328","Versace","premium","VE4493D","women",323,323,0,0,"2026-09-27"
"8056262448427","Versace","premium","VE4495D","women",323,323,0,0,"2026-09-27"
"8056262448472","Versace","premium","VE4494D","men",323,323,0,0,"2026-09-27"
"8056262451151","Burberry","premium","BE4456","women",314,314,0,0,"2026-09-27"
"8056262451212","Versace","premium","VE4489U","men",415,415,0,0,"2026-09-27"
"8056262451472","Jimmy Choo","premium","JC5040U","women",313,313,0,0,"2026-09-27"
"8056262453162","Prada","luxury","PR B55S","men",637,637,0,0,"2026-09-27"
"8056262453933","Ray-Ban","mid","Zaya Bio-Based","unisex",160,160,0,0,"2026-09-27"
"8056262453971","Ray-Ban","mid","Ari Bio-Based","unisex",160,160,0,0,"2026-09-27"
"8056262454039","Ray-Ban","mid","Zuri Bio-Based","unisex",160,160,0,0,"2026-09-27"
"8056262454114","Ray-Ban","mid","Kai Bio-Based","unisex",160,160,0,0,"2026-09-27"
"8056262454848","Burberry","premium","BE4458U","men",314,314,0,0,"2026-09-27"
"8056262454992","Swarovski","premium","SK6036U","women",491,491,0,0,"2026-09-27"
"8056262455456","Burberry","premium","BE4455","women",314,314,0,0,"2026-09-27"
"8056262455982","Burberry","premium","BE4459U","men",314,314,0,0,"2026-09-27"
"8056262456026","Burberry","premium","BE4460U","men",314,314,0,0,"2026-09-27"
"8056262456132","Ralph Lauren","premium","RL7089","women",360,360,0,0,"2026-09-27"
"8056262456552","Giorgio Armani","luxury","AR6168","men",418,418,0,0,"2026-09-27"
"8056262456606","Burberry","premium","BE4451U","men",403,403,0,0,"2026-09-27"
"8056262457184","Giorgio Armani","luxury","AR6169","men",418,418,0,0,"2026-09-27"
"8056262457887","Burberry","premium","BE4453F","women",463,463,0,0,"2026-09-27"
"8056262457924","Burberry","premium","BE4454F","women",463,463,0,0,"2026-09-27"
"8056262458020","Ray-Ban","mid","RB4461D","unisex",160,160,0,0,"2026-09-27"
"8056262458044","Ray-Ban","mid","Zaya Bio-Based","unisex",160,160,0,0,"2026-09-27"
"8056262458136","Ray-Ban","mid","RB4457D Bio-Based","unisex",160,160,0,0,"2026-09-27"
"8056262458174","Ray-Ban","mid","RB4458D","unisex",160,160,0,0,"2026-09-27"
"8056262458259","Burberry","premium","BE3164","men",403,403,0,0,"2026-09-27"
"8056262458327","Burberry","premium","BE3163","men",373,373,0,0,"2026-09-27"
"8056262458341","Burberry","premium","BE3165","women",373,373,0,0,"2026-09-27"
"8056262459607","Ralph","budget","RA5331U","women",96,96,0,0,"2026-09-27"
"8056262459836","Ralph","budget","RA5329U","women",106,106,0,0,"2026-09-27"
"8056262459980","Ralph","budget","RA5333U","women",127,127,1,0,"2026-09-27"
"8056262460160","Ralph","budget","RA5330U","women",106,106,0,0,"2026-09-27"
"8056262460443","Ralph","budget","RA5328U","women",117,117,1,0,"2026-09-27"
"8056262461297","Burberry","premium","BE4455F","women",314,314,0,0,"2026-09-27"
"8056262461334","Burberry","premium","BE4456F","women",314,314,0,0,"2026-09-27"
"8056262461426","Burberry","premium","BE4457F","women",314,314,0,0,"2026-09-27"
"8056262461693","Emporio Armani","mid","EA4243","men",192,192,0,0,"2026-09-27"
"8056262464052","Ray-Ban","mid","RB4459D","unisex",176,176,0,0,"2026-09-27"
"8056262464564","Dolce&Gabbana","luxury","DG4499","women",460,460,0,0,"2026-09-27"
"8056262464618","Dolce&Gabbana","luxury","DG4501","women",460,460,0,0,"2026-09-27"
"8056262464700","Dolce&Gabbana","luxury","DG4502","women",460,460,0,0,"2026-09-27"
"8056262464731","Burberry","premium","BE4464D","women",314,314,0,0,"2026-09-27"
"8056262464908","Burberry","premium","BE4463D","women",433,433,0,0,"2026-09-27"
"8056262464984","Ray-Ban","mid","Zuri Bio-Based","unisex",197,197,1,0,"2026-09-27"
"8056262466933","Dolce&Gabbana","luxury","DG4495","women",507,507,0,0,"2026-09-27"
"8056262467435","Dolce&Gabbana","luxury","DG4498","women",507,507,0,0,"2026-09-27"
"8056262467480","Dolce&Gabbana","luxury","DG4496","men",460,460,0,0,"2026-09-27"
"8056262467503","Dolce&Gabbana","luxury","DG4507","men",460,460,0,0,"2026-09-27"
"8056262468326","Dolce&Gabbana","luxury","DG4504","men",437,437,1,0,"2026-09-27"
"8056262468340","Dolce&Gabbana","luxury","DG4504","men",384,384,0,0,"2026-09-27"
"8056262468463","Dolce&Gabbana","luxury","DG4503","men",384,384,0,0,"2026-09-27"
"8056262469576","Emporio Armani","mid","EA4251","women",235,235,0,0,"2026-09-27"
"8056262469620","Dolce&Gabbana","luxury","DG2319","women",646,646,0,0,"2026-09-27"
"8056262471203","Emporio Armani","mid","EA2162","men",221,221,0,0,"2026-09-27"
"8056262471470","Giorgio Armani","luxury","AR8237","women",494,494,0,0,"2026-09-27"
"8056262471494","Giorgio Armani","luxury","AR8236U","men",494,494,0,0,"2026-09-27"
"8056262471616","Moncler","luxury","Suntrap","unisex",599,599,1,0,"2026-09-27"
"8056262471920","Jimmy Choo","premium","JC5038BU","women",479,479,0,0,"2026-09-27"
"8056262471975","Jimmy Choo","premium","JC5037BU","women",479,479,0,0,"2026-09-27"
"8056262472743","Moncler","luxury","LASZER","unisex",431,431,0,0,"2026-09-27"
"8056262473146","Dolce&Gabbana","luxury","DG4494","women",1491,1491,0,0,"2026-09-27"
"8056262473276","Dolce&Gabbana","luxury","DG4493","women",507,507,0,0,"2026-09-27"
"8056262473580","Dolce&Gabbana","luxury","DG4497","women",507,507,0,0,"2026-09-27"
"8056262473863","Dolce&Gabbana","luxury","DG2315","men",830,830,0,0,"2026-09-27"
"8056262473917","Dolce&Gabbana","luxury","DG2316","men",646,646,0,0,"2026-09-27"
"8056262474358","Dolce&Gabbana","luxury","DG4506","men",646,646,0,0,"2026-09-27"
"8056262474648","Dolce&Gabbana","luxury","DG4491","women",354,354,0,0,"2026-09-27"
"8056262475140","Ray-Ban","mid","Zena Bio-Based","unisex",176,176,0,0,"2026-09-27"
"8056262475270","Dolce&Gabbana","luxury","DG4492","women",354,354,0,0,"2026-09-27"
"8056262475348","Dolce&Gabbana","luxury","DG6202","women",646,646,0,0,"2026-09-27"
"8056262475959","Dolce&Gabbana","luxury","DG4509","men",460,460,0,0,"2026-09-27"
"8056262477359","Jimmy Choo","premium","JC5042","women",366,366,1,0,"2026-09-27"
"8056262477465","Jimmy Choo","premium","JC4017","women",423,423,0,0,"2026-09-27"
"8056262477625","Diesel","mid","DL3005U","women",186,186,0,0,"2026-09-27"
"8056262477892","Ray-Ban","mid","RB2217M Scuderia Ferrari Collection","unisex",289,289,0,0,"2026-09-27"
"8056262478967","Diesel","mid","DL2001MU","women",236,236,0,0,"2026-09-27"
"8056262479063","Diesel","mid","DL2002MU","unisex",236,236,0,0,"2026-09-27"
"8056262479339","Vogue Eyewear","budget","VO5657SU","women",83,83,0,0,"2026-09-27"
"8056262480052","Dolce&Gabbana","luxury","DG4338","men",460,460,0,0,"2026-09-27"
"8056262480908","Persol","luxury","PO3310S - Black Arrow","unisex",467,467,0,0,"2026-09-27"
"8056262482223","Polo Ralph Lauren","mid","PP9509U","unisex",112,112,0,0,"2026-09-27"
"8056262483374","Ray-Ban","mid","RB3762M Scuderia Ferrari Collection","unisex",313,313,0,0,"2026-09-27"
"8056262483411","Ray-Ban","mid","RB3762M Scuderia Ferrari Collection Polarized+ Lenses","unisex",383,383,1,0,"2026-09-27"
"8056262483435","Vogue Eyewear","budget","VO5655SU","women",120,120,1,0,"2026-09-27"
"8056262483442","Diesel","mid","DL3007U","unisex",211,211,0,0,"2026-09-27"
"8056262483848","Ray-Ban","mid","RB3763M Scuderia Ferrari Collection","unisex",240,240,0,0,"2026-09-27"
"8056262483862","Ray-Ban","mid","RB3763M Scuderia Ferrari Collection Polarized+ Lenses","unisex",310,310,1,0,"2026-09-27"
"8056262483930","Ray-Ban","mid","RB8336M Scuderia Ferrari Collection Polarized+ Lenses","unisex",383,383,1,0,"2026-09-27"
"8056262483947","Ray-Ban","mid","RB8336M Scuderia Ferrari Collection","unisex",340,340,0,0,"2026-09-27"
"8056262484067","Ray-Ban","mid","Oval Metal Summer Capsule","unisex",191,191,0,0,"2026-09-27"
"8056262484340","Ray-Ban","mid","RB2206D","unisex",178,178,0,0,"2026-09-27"
"8056262484746","Ray-Ban","mid","Mega Wayfarer Summer Capsule","unisex",202,202,0,0,"2026-09-27"
"8056262484760","Ray-Ban","mid","Mega Wayfarer Summer Capsule","unisex",202,202,0,0,"2026-09-27"
"8056262485545","Alain Mikli","luxury","A05512","women",634,634,1,0,"2026-09-27"
"8056262488478","Prada Linea Rossa","luxury","PS A06S","men",483,483,1,0,"2026-09-27"
"8056262488904","Burberry","premium","BE4454","women",463,463,0,0,"2026-09-27"
"8056262488959","Alain Mikli","luxury","A05519","unisex",470,470,0,0,"2026-09-27"
"8056262488980","Prada Linea Rossa","luxury","PS A07S","men",483,483,1,0,"2026-09-27"
"8056262489444","Prada Linea Rossa","luxury","PS A08S","men",453,453,1,0,"2026-09-27"
"8056262489703","Prada Linea Rossa","luxury","PS A52S","men",512,512,1,0,"2026-09-27"
"8056262489741","Jimmy Choo","premium","JC5045U","women",1550,1550,0,0,"2026-09-27"
"8056262489765","Jimmy Choo","premium","JC4019B","women",1128,1128,0,0,"2026-09-27"
"8056262489932","Prada Linea Rossa","luxury","PS A53S","men",512,512,1,0,"2026-09-27"
"8056262490105","Alain Mikli","luxury","A05513","women",915,915,0,0,"2026-09-27"
"8056262490303","Dolce&Gabbana","luxury","DG2320","women",646,646,0,0,"2026-09-27"
"8056262490334","Polo Ralph Lauren","mid","PH4229U","men",173,173,0,0,"2026-09-27"
"8056262495100","Giorgio Armani","luxury","AR6172T","men",825,825,0,0,"2026-09-27"
"8056262495223","Ray-Ban","mid","RB4451","unisex",268,268,1,0,"2026-09-27"
"8056262495261","Ray-Ban","mid","RB2216","unisex",231,231,1,0,"2026-09-27"
"8056262500538","Moncler","luxury","Flyze","unisex",431,431,0,0,"2026-09-27"
"8056262500576","Moncler","luxury","Doppler","unisex",431,431,0,0,"2026-09-27"
"8056262500583","Moncler","luxury","Alumni","unisex",431,431,0,0,"2026-09-27"
"8056262500651","Moncler","luxury","Fhaite","unisex",535,535,0,0,"2026-09-27"
"8056262500705","Moncler","luxury","Claro","unisex",535,535,0,0,"2026-09-27"
"8056262500743","Moncler","luxury","Halcyonne","unisex",326,326,0,0,"2026-09-27"
"8056262500828","Moncler","luxury","Slicka","unisex",326,326,0,0,"2026-09-27"
"8056262501030","Ray-Ban","mid","Oval Flat Lenses","unisex",191,191,0,0,"2026-09-27"
"8056262504284","Prada","luxury","PR B15S","women",578,578,0,0,"2026-09-27"
"8056262504451","Prada","luxury","PR B56S","women",578,578,0,0,"2026-09-27"
"8056262504598","Alain Mikli","luxury","A05519","unisex",848,848,0,0,"2026-09-27"
"8056262504628","Ray-Ban","mid","RB3756","unisex",215,215,0,0,"2026-09-27"
"8056262505014","Prada","luxury","PR B15SF","women",578,578,0,0,"2026-09-27"
"8056262505304","Dolce&Gabbana","luxury","DG4510","women",646,646,0,0,"2026-09-27"
"8056262506318","Prada","luxury","PR B11S","men",578,578,0,0,"2026-09-27"
"8056262510360","Miu Miu","luxury","MU 11WS 0MU 11WS","women",518,518,0,0,"2026-09-27"
"8056262510575","Versace","premium","VE4496U","women",415,415,0,0,"2026-09-27"
"8056262510803","Prada","luxury","PR B17S","men",548,548,0,0,"2026-09-27"
"8056262510872","Alain Mikli","luxury","A05517","women",693,693,0,0,"2026-09-27"
"8056262511282","Prada","luxury","PR B18S","women",489,489,0,0,"2026-09-27"
"8056262511336","Prada","luxury","PR B16S","women",489,489,0,0,"2026-09-27"
"8056262511602","Prada","luxury","PR A54S","men",578,578,0,0,"2026-09-27"
"8056262511657","Prada","luxury","PR A53S","men",578,578,0,0,"2026-09-27"
"8056262512159","Miu Miu","luxury","0MU 11WS","women",518,518,0,0,"2026-09-27"
"8056262512166","Prada","luxury","PR B16SF","women",489,489,0,0,"2026-09-27"
"8056262512197","Prada","luxury","PR B17SF","men",548,548,0,0,"2026-09-27"
"8056262512302","Prada","luxury","PR B19SF","men",548,548,0,0,"2026-09-27"
"8056262512371","Prada","luxury","PR B18SF","women",489,489,0,0,"2026-09-27"
"8056262517826","Miu Miu","luxury","MU A54S","women",578,578,0,0,"2026-09-27"
"8056262518144","Persol","luxury","PO3048S","men",333,333,0,0,"2026-09-27"
"8056262518151","Persol","luxury","PO3292S","unisex",457,457,1,0,"2026-09-27"
"8056262519486","Moncler","luxury","Glisse","unisex",848,848,0,0,"2026-09-27"
"8056262519677","Moncler","luxury","Ramillon","unisex",300,300,0,0,"2026-09-27"
"8056262519738","Prada","luxury","PR B21S","women",667,667,0,0,"2026-09-27"
"8056262519776","Moncler","luxury","Thyra","unisex",300,300,0,0,"2026-09-27"
"8056262521465","Prada","luxury","PR B23S","women",489,489,0,0,"2026-09-27"
"8056262521526","Tiffany & Co.","luxury","TF4242D","women",430,430,0,0,"2026-09-27"
"8056262522684","Miu Miu","luxury","MU A07S","women",578,578,0,0,"2026-09-27"
"8056262525951","Moncler","luxury","Inara","unisex",1436,1436,0,0,"2026-09-27"
"8056262525968","Moncler","luxury","Valaire","unisex",483,483,1,0,"2026-09-27"
"8056262526514","Ferrari","luxury","FH2020U","women",563,563,0,0,"2026-09-27"
"8056262526576","Ferrari","luxury","FH1026Q","unisex",815,815,1,0,"2026-09-27"
"8056262526767","Moncler","luxury","ME8018","unisex",392,392,0,0,"2026-09-27"
"8056262526804","EA7","premium","Q74003","men",278,278,0,0,"2026-09-27"
"8056262526842","EA7","premium","Q72001","men",292,292,0,0,"2026-09-27"
"8056262527139","Ferrari","luxury","FH1025T","unisex",815,815,0,0,"2026-09-27"
"8056262527368","Moncler","luxury","Fennix","unisex",483,483,1,0,"2026-09-27"
"8056262527443","Moncler","luxury","Vitessa","unisex",431,431,0,0,"2026-09-27"
"8056262527917","Ralph","budget","RA5338U","women",96,96,0,0,"2026-09-27"
"8056262528341","Ralph","budget","RA4148","women",116,116,0,0,"2026-09-27"
"8056262528891","Miu Miu","luxury","MU A55S","women",637,637,0,0,"2026-09-27"
"8056262529584","Ray-Ban","mid","RB4441D","unisex",160,160,0,0,"2026-09-27"
"8056262529669","Ralph Lauren","premium","RL7092","women",360,360,0,0,"2026-09-27"
"8056262529829","EA7","premium","Q74001","men",249,249,0,0,"2026-09-27"
"8056262531266","Moncler","luxury","Suffuse","unisex",718,718,0,0,"2026-09-27"
"8056262531389","Ralph","budget","RA5339U","women",96,96,0,0,"2026-09-27"
"8056262532294","Vogue Eyewear","budget","VO4339S","women",83,83,0,0,"2026-09-27"
"8056262533826","Vogue Eyewear","budget","VO4342S","women",109,109,0,0,"2026-09-27"
"8056262533864","Ralph Lauren","premium","RL8237U","unisex",489,489,0,0,"2026-09-27"
"8056262534182","Ralph Lauren","premium","RL8235U","women",331,331,0,0,"2026-09-27"
"8056262534458","Armani Exchange","budget","AX2057S","men",96,96,0,0,"2026-09-27"
"8056262534496","Ralph Lauren","premium","RL7093","women",360,360,0,0,"2026-09-27"
"8056262534717","Miu Miu","luxury","MU A57S","women",637,637,0,0,"2026-09-27"
"8056262534908","Armani Exchange","budget","AX2058S","men",116,116,0,0,"2026-09-27"
"8056262535172","Brunello Cucinelli","luxury","BC4019S MARLA","unisex",1077,1077,1,0,"2026-09-27"
"8056262535240","Ferrari","luxury","FH2019U","unisex",563,563,0,0,"2026-09-27"
"8056262535271","Ferrari","luxury","FH2019U","unisex",637,637,1,0,"2026-09-27"
"8056262535295","Ralph Lauren","premium","RL8236U","women",331,331,0,0,"2026-09-27"
"8056262535387","Brunello Cucinelli","luxury","Stanley J.","men",1005,1005,0,0,"2026-09-27"
"8056262535448","Brunello Cucinelli","luxury","BC4020S","unisex",718,718,0,0,"2026-09-27"
"8056262535769","Armani Exchange","budget","AX2056S","unisex",101,101,0,0,"2026-09-27"
"8056262536018","Ray-Ban","mid","Mega Balorama Blacked Out Collection","unisex",282,282,0,0,"2026-09-27"
"8056262536070","Ray-Ban","mid","Mega Clubmaster Blacked Out Collection","unisex",282,282,0,0,"2026-09-27"
"8056262536827","Armani Exchange","budget","AX4163S","women",96,96,0,0,"2026-09-27"
"8056262536926","Vogue Eyewear","budget","VO4346S","men",121,121,1,0,"2026-09-27"
"8056262537794","Ray-Ban","mid","Mega Wayfarer Blacked Out Collection","unisex",282,282,0,0,"2026-09-27"
"8056262537831","Polo Ralph Lauren","mid","PH3162","men",213,213,0,0,"2026-09-27"
"8056262538609","Polo Ralph Lauren","mid","PH4236","men",200,200,0,0,"2026-09-27"
"8056262538777","Ray-Ban","mid","Mega Wayfarer Blacked Out Collection","unisex",282,282,0,0,"2026-09-27"
"8056262539439","Brunello Cucinelli","luxury","BC2013ST","unisex",933,933,0,0,"2026-09-27"
"8056262539507","Brunello Cucinelli","luxury","BC2015ST CARLITO B.","men",1149,1149,0,0,"2026-09-27"
"8056262540626","Vogue Eyewear","budget","VO5666S","women",77,77,0,0,"2026-09-27"
"8056262541548","Tiffany & Co.","luxury","TF3114","unisex",489,489,0,0,"2026-09-27"
"8056262541654","Tiffany & Co.","luxury","TF3115","unisex",578,578,0,0,"2026-09-27"
"8056262542132","Tiffany & Co.","luxury","TF3116","women",548,548,0,0,"2026-09-27"
"8056262543429","Miu Miu","luxury","MU A56S","women",607,607,0,0,"2026-09-27"
"8056262543474","Tiffany & Co.","luxury","TF4249","women",489,489,0,0,"2026-09-27"
"8056262543870","Tiffany & Co.","luxury","TF4251","women",453,453,1,0,"2026-09-27"
"8056262543894","Tiffany & Co.","luxury","TF4252B","women",578,578,0,0,"2026-09-27"
"8056262546895","Tiffany & Co.","luxury","TF4249F","women",489,489,0,0,"2026-09-27"
"8056262546925","Tiffany & Co.","luxury","TF4251F","women",400,400,0,0,"2026-09-27"
"8056262546956","Tiffany & Co.","luxury","TF4253F","women",548,548,0,0,"2026-09-27"
"8056262546963","Brunello Cucinelli","luxury","BC4002S Mr. Brunello","unisex",1076,1076,0,0,"2026-09-27"
"8056262547861","Ralph","budget","RA5342U","women",127,127,1,0,"2026-09-27"
"8056262548066","Prada Linea Rossa","luxury","PS A06SF","men",472,472,0,0,"2026-09-27"
"8056262548226","Versace","premium","VE2291","men",491,491,0,0,"2026-09-27"
"8056262549261","Polo Ralph Lauren","mid","PH4233U","men",213,213,0,0,"2026-09-27"
"8056262549384","Ralph","budget","RA5321U","women",106,106,0,0,"2026-09-27"
"8056262549711","Polo Ralph Lauren","mid","PH4234U","men",242,242,1,0,"2026-09-27"
"8056262550427","Versace","premium","VE2288","women",460,460,0,0,"2026-09-27"
"8056262550489","Ray-Ban","mid","Ray-Ban Disney - Zootopia Sun Kids","unisex",118,118,0,0,"2026-09-27"
"8056262550502","Versace","premium","VE4499U","women",292,292,0,0,"2026-09-27"
"8056262550748","Swarovski","premium","SK6045U","women",282,282,0,0,"2026-09-27"
"8056262550977","Persol","luxury","PO3386S","unisex",457,457,1,0,"2026-09-27"
"8056262550991","Persol","luxury","PO3386S","unisex",393,393,0,0,"2026-09-27"
"8056262551325","Versace","premium","VE2289","men",384,384,0,0,"2026-09-27"
"8056262551363","Persol","luxury","PO3385S - Mel","unisex",363,363,0,0,"2026-09-27"
"8056262551424","Persol","luxury","PO3385S - Mel","unisex",427,427,1,0,"2026-09-27"
"8056262551486","Persol","luxury","PO3384S","unisex",481,481,0,0,"2026-09-27"
"8056262551578","Versace","premium","VE2290","men",384,384,0,0,"2026-09-27"
"8056262551783","Persol","luxury","PO3383S","unisex",486,486,1,0,"2026-09-27"
"8056262551790","Versace","premium","VE4498","women",354,354,0,0,"2026-09-27"
"8056262551868","Versace","premium","VE4497U","women",384,384,0,0,"2026-09-27"
"8056262552063","Persol","luxury","PO0649NE - Total Black Arrow","unisex",545,545,1,0,"2026-09-27"
"8056262552896","Swarovski","premium","SK7038","women",258,258,0,0,"2026-09-27"
"8056262553077","Persol","luxury","PO3381S","unisex",422,422,0,0,"2026-09-27"
"8056262553336","Scuderia Ferrari","mid","FZ6021U","men",196,196,1,0,"2026-09-27"
"8056262553688","Burberry","premium","BE4468","women",314,314,0,0,"2026-09-27"
"8056262553725","Burberry","premium","BE4469","women",314,314,0,0,"2026-09-27"
"8056262553886","Burberry","premium","BE4470","women",314,314,0,0,"2026-09-27"
"8056262554043","Burberry","premium","BE4473U","women",373,373,0,0,"2026-09-27"
"8056262554456","Versace","premium","VE4503U","women",415,415,0,0,"2026-09-27"
"8056262554951","Persol","luxury","PO1025S","unisex",422,422,0,0,"2026-09-27"
"8056262555019","Persol","luxury","PO1023S","unisex",422,422,0,0,"2026-09-27"
"8056262555156","Burberry","premium","BE4471","women",373,373,0,0,"2026-09-27"
"8056262555361","Persol","luxury","PO1024S","unisex",694,694,1,0,"2026-09-27"
"8056262555699","Persol","luxury","PO1022S","unisex",694,694,1,0,"2026-09-27"
"8056262556177","Prada","luxury","PR B19S","men",548,548,0,0,"2026-09-27"
"8056262556566","Prada","luxury","PR C03S","men",489,489,0,0,"2026-09-27"
"8056262556818","Prada","luxury","PR C02S","men",489,489,0,0,"2026-09-27"
"8056262556870","Prada","luxury","PR C04S","women",578,578,0,0,"2026-09-27"
"8056262557037","Prada","luxury","PR C01SD","men",578,578,0,0,"2026-09-27"
"8056262557075","Prada","luxury","PR C01SD","men",642,642,1,0,"2026-09-27"
"8056262557174","Burberry","premium","BE4478","men",403,403,0,0,"2026-09-27"
"8056262557211","Burberry","premium","BE4477","men",403,403,0,0,"2026-09-27"
"8056262557648","Brunello Cucinelli","luxury","BC4022S","men",1005,1005,0,0,"2026-09-27"
"8056262557662","Burberry","premium","BE4474U","men",284,284,0,0,"2026-09-27"
"8056262557938","Burberry","premium","BE4475U","men",284,284,0,0,"2026-09-27"
"8056262558454","Prada","luxury","PR B23SF","women",489,489,0,0,"2026-09-27"
"8056262558553","Burberry","premium","BE4467U","women",433,433,0,0,"2026-09-27"
"8056262558577","Tiffany & Co.","luxury","TF3117","women",578,578,0,0,"2026-09-27"
"8056262558591","Polo Ralph Lauren","mid","PH4231U","men",215,215,1,0,"2026-09-27"
"8056262558621","EA7","premium","Q74008","men",207,207,0,0,"2026-09-27"
"8056262558669","Burberry","premium","BE4472U","women",433,433,0,0,"2026-09-27"
"8056262558720","Tiffany & Co.","luxury","TF4250","women",489,489,0,0,"2026-09-27"
"8056262559222","Tiffany & Co.","luxury","TF4253","women",548,548,0,0,"2026-09-27"
"8056262559277","Prada","luxury","PR C04SF","women",578,578,0,0,"2026-09-27"
"8056262559321","Prada","luxury","PR C03SF","men",489,489,0,0,"2026-09-27"
"8056262559444","Ray-Ban","mid","RB3736 Polarized+ Lenses Liteforce","unisex",285,285,1,0,"2026-09-27"
"8056262559499","Scuderia Ferrari","mid","FZ6020U","men",185,185,0,0,"2026-09-27"
"8056262559529","Prada","luxury","PR C02SF","men",489,489,0,0,"2026-09-27"
"8056262559642","Burberry","premium","BE3167","men",373,373,0,0,"2026-09-27"
"8056262559703","Burberry","premium","BE3166","men",373,373,0,0,"2026-09-27"
"8056262559802","Scuderia Ferrari","mid","FZ6024U","men",132,132,0,0,"2026-09-27"
"8056262560877","Ray-Ban","mid","RB2222","unisex",194,194,0,0,"2026-09-27"
"8056262561324","Ray-Ban","mid","RB2218","unisex",169,169,0,0,"2026-09-27"
"8056262561430","Ray-Ban","mid","RB2221","women",244,244,1,0,"2026-09-27"
"8056262561850","Prada","luxury","PR C50S","men",578,578,0,0,"2026-09-27"
"8056262562109","Ray-Ban","mid","Sam","unisex",191,191,0,0,"2026-09-27"
"8056262562260","Ray-Ban","mid","RB3768","unisex",178,178,0,0,"2026-09-27"
"8056262562628","Jimmy Choo","premium","JC4020B","women",733,733,0,0,"2026-09-27"
"8056262562901","Jimmy Choo","premium","JC5046BU","women",365,365,0,0,"2026-09-27"
"8056262563151","Ray-Ban","mid","Wayfarer Street Neat","unisex",268,268,1,0,"2026-09-27"
"8056262563182","Ray-Ban","mid","Wayfarer Street Neat","unisex",231,231,0,0,"2026-09-27"
"8056262563250","Ray-Ban","mid","Balorama Street Neat","unisex",215,215,0,0,"2026-09-27"
"8056262563267","Ray-Ban","mid","Balorama Street Neat","unisex",268,268,1,0,"2026-09-27"
"8056262563328","Ray-Ban","mid","RB3767","unisex",178,178,0,0,"2026-09-27"
"8056262563380","Ray-Ban","mid","RB3770","unisex",215,215,0,0,"2026-09-27"
"8056262563427","Ray-Ban","mid","RB3770","unisex",268,268,1,0,"2026-09-27"
"8056262563540","Ray-Ban","mid","RB3832","unisex",207,207,0,0,"2026-09-27"
"8056262564431","Ray-Ban","mid","Explorer IV","unisex",244,244,1,0,"2026-09-27"
"8056262564516","Ray-Ban","mid","RB3947 Polarized+ Lenses","unisex",261,261,1,0,"2026-09-27"
"8056262564561","Ray-Ban","mid","RB3947","unisex",191,191,0,0,"2026-09-27"
"8056262564646","Ray-Ban","mid","Square 1971 Reverse","women",231,231,0,0,"2026-09-27"
"8056262564738","Ray-Ban","mid","2180 Reverse","unisex",252,252,1,0,"2026-09-27"
"8056262564752","Ray-Ban","mid","Square 1971 Reverse","women",252,252,1,0,"2026-09-27"
"8056262565162","Scuderia Ferrari","mid","FZ5005","men",185,185,0,0,"2026-09-27"
"8056262565193","Giorgio Armani","luxury","AR8244","men",494,494,0,0,"2026-09-27"
"8056262565346","Diesel","mid","DL2007U","unisex",236,236,0,0,"2026-09-27"
"8056262565476","Ray-Ban","mid","RB3766 Polarized+ Lenses","unisex",248,248,1,0,"2026-09-27"
"8056262565537","Ray-Ban","mid","RB3766 Polarized+ Lenses","unisex",268,268,1,0,"2026-09-27"
"8056262565728","Giorgio Armani","luxury","AR6177","men",510,510,0,0,"2026-09-27"
"8056262566022","Swarovski","premium","SK6054D","women",233,233,0,0,"2026-09-27"
"8056262566138","Jimmy Choo","premium","JC4023J","women",535,535,0,0,"2026-09-27"
"8056262566312","Ray-Ban","mid","2180 Reverse","unisex",215,215,0,0,"2026-09-27"
"8056262566510","Jimmy Choo","premium","JC4022J","women",507,507,0,0,"2026-09-27"
"8056262567340","Jimmy Choo","premium","JC5048JU","women",479,479,0,0,"2026-09-27"
"8056262567548","Prada","luxury","PR C05SF","women",578,578,0,0,"2026-09-27"
"8056262567630","Prada","luxury","PR C06S","women",542,542,1,0,"2026-09-27"
"8056262567920","Burberry","premium","BE4471F","women",373,373,0,0,"2026-09-27"
"8056262567937","Burberry","premium","BE4469F","women",314,314,0,0,"2026-09-27"
"8056262568293","Prada","luxury","PR C07SF","women",542,542,1,0,"2026-09-27"
"8056262568514","Burberry","premium","BE4470F","women",314,314,0,0,"2026-09-27"
"8056262568583","Burberry","premium","BE4477F","men",403,403,0,0,"2026-09-27"
"8056262568668","Scuderia Ferrari","mid","FZ6012U","men",132,132,0,0,"2026-09-27"
"8056262568750","Burberry","premium","BE4476F","women",373,373,0,0,"2026-09-27"
"8056262568996","Persol","luxury","PO3166S - Calligrapher","men",422,422,0,0,"2026-09-27"
"8056262569184","Burberry","premium","BE4478F","men",403,403,0,0,"2026-09-27"
"8056262569191","Versace","premium","VE4501","women",384,384,0,0,"2026-09-27"
"8056262569290","Prada","luxury","PR C54SD","women",489,489,0,0,"2026-09-27"
"8056262569504","Prada","luxury","PR C51S","women",489,489,0,0,"2026-09-27"
"8056262569542","Prada","luxury","PR C52S","women",607,607,0,0,"2026-09-27"
"8056262569603","Ray-Ban","mid","Wayfarer Street Neat","unisex",268,268,1,0,"2026-09-27"
"8056262569634","Ray-Ban","mid","Wayfarer Street Neat","unisex",231,231,0,0,"2026-09-27"
"8056262570081","Ray-Ban","mid","Sam","unisex",191,191,0,0,"2026-09-27"
"8056262570180","Prada","luxury","PR A02S","women",518,518,0,0,"2026-09-27"
"8056262570814","Jimmy Choo","premium","JC5050U","women",287,287,0,0,"2026-09-27"
"8056262571033","Persol","luxury","PO1018S Ida","unisex",393,393,0,0,"2026-09-27"
"8056262571095","Persol","luxury","PO0649 649 - Original","men",363,363,0,0,"2026-09-27"
"8056262571613","Versace","premium","VE4501F","women",384,384,0,0,"2026-09-27"
"8056262571989","Armani Exchange","budget","AX4163SF","women",96,96,0,0,"2026-09-27"
"8056262572535","Vogue Eyewear","budget","VO5688SB","women",117,117,0,0,"2026-09-27"
"8056262572733","Vogue Eyewear","budget","VO4348SB","women",126,126,0,0,"2026-09-27"
"8056262573068","Giorgio Armani","luxury","AR8242","men",572,572,0,0,"2026-09-27"
"8056262573310","Giorgio Armani","luxury","AR6175","women",510,510,0,0,"2026-09-27"
"8056262573433","Giorgio Armani","luxury","AR8245HU","women",510,510,0,0,"2026-09-27"
"8056262573778","Giorgio Armani","luxury","AR6178","men",494,494,0,0,"2026-09-27"
"8056262573921","Prada","luxury","PR 09ZS","men",578,578,0,0,"2026-09-27"
"8056262575413","Dolce&Gabbana","luxury","DG4518","women",460,460,0,0,"2026-09-27"
"8056262576328","Burberry","premium","BE4457","women",314,314,0,0,"2026-09-27"
"8056262576649","Ray-Ban","mid","RB2222","unisex",231,231,1,0,"2026-09-27"
"8056262577073","Dolce&Gabbana","luxury","DG4511","women",415,415,0,0,"2026-09-27"
"8056262577196","Dolce&Gabbana","luxury","DG2321","women",415,415,0,0,"2026-09-27"
"8056262577325","Dolce&Gabbana","luxury","DG4524B","women",1754,1754,0,0,"2026-09-27"
"8056262577349","Dolce&Gabbana","luxury","DG4525B","women",507,507,0,0,"2026-09-27"
"8056262577530","Versace","premium","VE2287","men",460,460,0,0,"2026-09-27"
"8056262578049","Brunello Cucinelli","luxury","BC2014ST","men",1938,1938,0,0,"2026-09-27"
"8056262578247","Jimmy Choo","premium","JC5053","women",339,339,0,0,"2026-09-27"
"8056262578285","Dolce&Gabbana","luxury","DG4515","men",415,415,0,0,"2026-09-27"
"8056262578339","Alain Mikli","luxury","A05522","unisex",576,576,0,0,"2026-09-27"
"8056262578377","Dolce&Gabbana","luxury","DG4519","women",460,460,0,0,"2026-09-27"
"8056262578476","Dolce&Gabbana","luxury","DG4513","women",323,323,0,0,"2026-09-27"
"8056262578667","Diesel","mid","DL3008U","unisex",186,186,0,0,"2026-09-27"
"8056262579022","Dolce&Gabbana","luxury","DG4514","women",323,323,0,0,"2026-09-27"
"8056262579572","Burberry","premium","BE4468F","women",314,314,0,0,"2026-09-27"
"8056262579626","Diesel","mid","DL3011U","unisex",211,211,0,0,"2026-09-27"
"8056262580400","Dolce&Gabbana","luxury","DG2326","women",507,507,0,0,"2026-09-27"
"8056262580806","Dolce&Gabbana","luxury","DG4522","men",507,507,0,0,"2026-09-27"
"8056262580820","Dolce&Gabbana","luxury","DG4522","men",624,624,0,0,"2026-09-27"
"8056262581018","Ray-Ban","mid","Aviator Large Metal","unisex",191,191,0,0,"2026-09-27"
"8056262581490","Dolce&Gabbana","luxury","DG4520","men",507,507,0,0,"2026-09-27"
"8056262581629","Versace","premium","VE4504D","women",292,292,0,0,"2026-09-27"
"8056262581667","Dolce&Gabbana","luxury","DG4521","men",460,460,0,0,"2026-09-27"
"8056262581841","Dolce&Gabbana","luxury","DG2327","men",507,507,0,0,"2026-09-27"
"8056262581889","Dolce&Gabbana","luxury","DG4516","men",415,415,0,0,"2026-09-27"
"8056262581919","Dolce&Gabbana","luxury","DG2328","men",507,507,0,0,"2026-09-27"
"8056262582022","Versace","premium","VE2286","men",661,661,0,0,"2026-09-27"
"8056262582398","Dolce&Gabbana","luxury","DG6204","unisex",425,425,0,0,"2026-09-27"
"8056262582411","Dolce&Gabbana","luxury","DG6204","men",323,323,0,0,"2026-09-27"
"8056262582428","Dolce&Gabbana","luxury","DG6204","women",323,323,0,0,"2026-09-27"
"8056262582442","Burberry","premium","BE4480D","unisex",284,284,0,0,"2026-09-27"
"8056262582688","Burberry","premium","BE4476","women",373,373,0,0,"2026-09-27"
"8056262582954","Dolce&Gabbana","luxury","DG6203","unisex",323,323,0,0,"2026-09-27"
"8056262583760","Burberry","premium","BE4481D","women",373,373,0,0,"2026-09-27"
"8056262583791","Burberry","premium","BE4481D","women",426,426,1,0,"2026-09-27"
"8056262584439","Swarovski","premium","SK6047","women",344,344,1,0,"2026-09-27"
"8056262595589","Emporio Armani","mid","EA4260","men",263,263,1,0,"2026-09-27"
"8056262595596","Emporio Armani","mid","EA4260","men",221,221,0,0,"2026-09-27"
"8056262596906","Versace","premium","VE4502U","women",460,460,0,0,"2026-09-27"
"8056262596920","Versace","premium","VE4502U","women",1169,1169,0,0,"2026-09-27"
"8056262598658","Versace","premium","VE4498","women",407,407,1,0,"2026-09-27"
"8056262599815","Emporio Armani","mid","EA4262U","men",206,206,0,0,"2026-09-27"
"8056262623046","Swarovski","premium","SK6044U","women",319,319,1,0,"2026-09-27"
"8056262630396","Miu Miu","luxury","MU A08S","women",578,578,0,0,"2026-09-27"
"8056262632611","Miu Miu","luxury","MU B02S","women",548,548,0,0,"2026-09-27"
"8056262633465","Miu Miu","luxury","MU B02SF","women",548,548,0,0,"2026-09-27"
"8056262660119","Miu Miu","luxury","MU B01S","women",548,548,0,0,"2026-09-27"
"8056262660232","Miu Miu","luxury","MU B01SF","women",548,548,0,0,"2026-09-27"
"8056262660355","Emporio Armani","mid","EA4259U","women",235,235,0,0,"2026-09-27"
"8056262660416","Miu Miu","luxury","MU B05S","women",578,578,0,0,"2026-09-27"
"8056262660508","Dolce&Gabbana","luxury","DG2324","women",507,507,0,0,"2026-09-27"
"8056262660584","Miu Miu","luxury","MU B04S","women",578,578,0,0,"2026-09-27"
"8056262660805","Emporio Armani","mid","EA4257U","men",192,192,0,0,"2026-09-27"
"8056262660973","Prada","luxury","PR C07S","women",489,489,0,0,"2026-09-27"
"8056262661321","Versace","premium","VE4498F","women",354,354,0,0,"2026-09-27"
"8056262662052","Emporio Armani","mid","EA4263U","men",235,235,0,0,"2026-09-27"
"8056262662267","Armani Exchange","budget","AX2012S","men",96,96,0,0,"2026-09-27"
"8056262663233","Giorgio Armani","luxury","AR8247","men",572,572,0,0,"2026-09-27"
"8056262663967","Prada","luxury","PR C06SF","women",489,489,0,0,"2026-09-27"
"8056262664209","Ray-Ban","mid","Aviator Max","unisex",255,255,1,0,"2026-09-27"
"8056262664223","Ray-Ban","mid","AVIATOR MAX","unisex",218,218,0,0,"2026-09-27"
"8056262664315","Swarovski","premium","SK6049","women",233,233,1,0,"2026-09-27"
"8056262664353","Dolce&Gabbana","luxury","DG4526B","women",830,830,0,0,"2026-09-27"
"8056262665183","Prada","luxury","PR C53S","men",607,607,0,0,"2026-09-27"
"8056262665251","Prada","luxury","PR C05S","women",578,578,0,0,"2026-09-27"
"8056262665404","Jimmy Choo","premium","JC5051","women",287,287,0,0,"2026-09-27"
"8056262665411","Miu Miu","luxury","MU B03S","women",518,518,0,0,"2026-09-27"
"8056262665435","Miu Miu","luxury","MU B03SF","women",518,518,0,0,"2026-09-27"
"8056262665480","Miu Miu","luxury","MU B05SF","women",578,578,0,0,"2026-09-27"
"8056262665701","Miu Miu","luxury","MU B04SF","women",578,578,0,0,"2026-09-27"
"8056262665848","Ray-Ban","mid","Ultra Wrap 003 Next Generation Collection","unisex",874,874,0,0,"2026-09-27"
"8056262666074","Ray-Ban","mid","Ultra Wrap 001 Next Generation Collection","unisex",874,874,0,0,"2026-09-27"
"8056262666104","Ray-Ban","mid","Ultra Wrap 002 Next Generation Collection","unisex",874,874,0,0,"2026-09-27"
"8056262666289","Versace","premium","VE2287","men",613,613,0,0,"2026-09-27"
"8056262667033","Ray-Ban","mid","RB3774D","unisex",178,178,0,0,"2026-09-27"
"8056262667224","Ralph","budget","RA5245","women",127,127,0,0,"2026-09-27"
"8056262667989","Ray-Ban","mid","RB4466D","unisex",185,185,0,0,"2026-09-27"
"8056262668047","Ray-Ban","mid","Bain Bridge Polarized+ Lenses","unisex",261,261,1,0,"2026-09-27"
"8056262668061","Ray-Ban","mid","Bain Bridge","unisex",244,244,1,0,"2026-09-27"
"8056262668467","Ray-Ban","mid","RB3775M Scuderia Ferrari Collection Polarized+ Lenses","unisex",334,334,1,0,"2026-09-27"
"8056262668559","Ray-Ban","mid","RB3775M Scuderia Ferrari Collection","unisex",280,280,0,0,"2026-09-27"
"8056262670866","Prada","luxury","PR C55S","men",696,696,0,0,"2026-09-27"
"8056262670927","Emporio Armani","mid","EA2172D","men",206,206,0,0,"2026-09-27"
"8056262671245","Ray-Ban","mid","Wayfarer Ease","unisex",244,244,1,0,"2026-09-27"
"8056262672679","Ray-Ban","mid","RB4264 Polarized+ Lenses","men",249,249,1,0,"2026-09-27"
"8056262672709","Ray-Ban","mid","RB3719","unisex",191,191,0,0,"2026-09-27"
"8056262672730","Ray-Ban","mid","RB3776M Scuderia Ferrari Collection Polarized+ Lenses","unisex",359,359,1,0,"2026-09-27"
"8056262672747","Ray-Ban","mid","RB3776M Scuderia Ferrari Collection","unisex",289,289,0,0,"2026-09-27"
"8056262673041","Ray-Ban","mid","RB2230","unisex",191,191,0,0,"2026-09-27"
"8056262673867","Dolce&Gabbana","luxury","DG4512","women",323,323,0,0,"2026-09-27"
"8056262674055","Ferrari","luxury","FH1025TK","unisex",2294,2294,1,0,"2026-09-27"
"8056262674581","Prada Linea Rossa","luxury","PS B02S","men",501,501,0,0,"2026-09-27"
"8056262674598","Prada Linea Rossa","luxury","PS B08S","men",453,453,1,0,"2026-09-27"
"8056262674673","Prada Linea Rossa","luxury","PS B51S","men",459,459,0,0,"2026-09-27"
"8056262674727","Prada Linea Rossa","luxury","PS B52S","men",459,459,0,0,"2026-09-27"
"8056262674765","Prada Linea Rossa","luxury","PS B50S","men",518,518,0,0,"2026-09-27"
"8056262675120","Prada Linea Rossa","luxury","PS B07S","men",548,548,0,0,"2026-09-27"
"8056262675403","Dolce&Gabbana","luxury","DG4438","women",354,354,0,0,"2026-09-27"
"8056262675519","Versace","premium","VE2292B","women",2193,2193,0,0,"2026-09-27"
"8056262694695","Prada","luxury","PR C57S","women",815,815,0,0,"2026-09-27"
"8056262714812","Prada Linea Rossa","luxury","PS B06S","men",548,548,0,0,"2026-09-27"
"8056262715048","Prada Linea Rossa","luxury","PS B02SF","men",459,459,0,0,"2026-09-27"
"8056262715383","Prada Linea Rossa","luxury","PS B08SF","men",400,400,0,0,"2026-09-27"
"8056262715604","Prada Linea Rossa","luxury","PS B03S","men",539,539,0,0,"2026-09-27"
"8056262715666","Burberry","premium","BE3168","women",596,596,0,0,"2026-09-27"
"8056262720011","Ray-Ban","mid","Ray-Ban Meta (Gen 2) Headliner","unisex",379,379,0,0,"2026-09-27"
"8056262720042","Ray-Ban","mid","Ray-Ban Meta (Gen 2) Headliner","unisex",459,459,0,0,"2026-09-27"
"8056262721117","Ray-Ban","mid","RB2221","women",244,244,1,0,"2026-09-27"
"8056262721230","Ray-Ban","mid","Ray-Ban Meta (Gen 2) Skyler","unisex",379,379,0,0,"2026-09-27"
"8056262721247","Ray-Ban","mid","Ray-Ban Meta (Gen 2) Skyler","unisex",459,459,0,0,"2026-09-27"
"8056262721278","Ray-Ban","mid","Ray-Ban Meta (Gen 2) Headliner","unisex",459,459,0,0,"2026-09-27"
"8056262721285","Ray-Ban","mid","Ray-Ban Meta (Gen 2) Headliner","unisex",379,379,0,0,"2026-09-27"
"8056262721346","Ray-Ban","mid","Ray-Ban Meta (Gen 2) Wayfarer","unisex",379,379,0,0,"2026-09-27"
"8056262721384","Ray-Ban","mid","Ray-Ban Meta (Gen 2) Wayfarer","unisex",459,459,0,0,"2026-09-27"
"8056262722749","Alain Mikli","luxury","A05523CO","unisex",3182,3182,0,0,"2026-09-27"
"8056262722978","Emporio Armani","mid","EK4005U","unisex",125,125,0,0,"2026-09-27"
"8056262723289","Diesel","mid","DL3010U","unisex",211,211,0,0,"2026-09-27"
"8056262723791","Miu Miu","luxury","MU B07S","women",578,578,0,0,"2026-09-27"
"8056262724156","Diesel","mid","DL3013U","unisex",186,186,0,0,"2026-09-27"
"8056262724903","Polo Ralph Lauren","mid","PH4192","men",186,186,0,0,"2026-09-27"
"8056262726242","Alain Mikli","luxury","A05520","women",693,693,0,0,"2026-09-27"
"8056262726969","EA7","premium","Q74010","men",306,306,0,0,"2026-09-27"
"8056262726983","EA7","premium","Q74006","men",264,264,0,0,"2026-09-27"
"8056262727119","EA7","premium","Q74005","men",320,320,0,0,"2026-09-27"
"8056262727195","Alain Mikli","luxury","A05527","men",881,881,0,0,"2026-09-27"
"8056262728284","Vogue Eyewear","budget","VO5697SU","women",77,77,0,0,"2026-09-27"
"8056262729991","Vogue Eyewear","budget","VO5695SU","women",83,83,0,0,"2026-09-27"
"8056262730058","Vogue Eyewear","budget","VO5694SU","women",83,83,0,0,"2026-09-27"
"8056262730263","Vogue Eyewear","budget","VO5707S","men",91,91,0,0,"2026-09-27"
"8056262730515","Vogue Eyewear","budget","VO5693SU","women",83,83,0,0,"2026-09-27"
"8056262730546","Vogue Eyewear","budget","VO4356S","men",100,100,0,0,"2026-09-27"
"8056262731642","Miu Miu","luxury","MU B07SF","women",578,578,0,0,"2026-09-27"
"8056262731765","Vogue Eyewear","budget","VO4352S","women",83,83,0,0,"2026-09-27"
"8056262731901","Vogue Eyewear","budget","VO4353S","women",83,83,0,0,"2026-09-27"
"8056262732182","Vogue Eyewear","budget","VO4349S","women",100,100,0,0,"2026-09-27"
"8056262738665","Persol","luxury","PO1028S","unisex",383,383,0,0,"2026-09-27"
"8056262739273","Persol","luxury","PO3392S","unisex",329,329,0,0,"2026-09-27"
"8056262741573","Persol","luxury","PO3393S - Guido","unisex",447,447,1,0,"2026-09-27"
"8056262741658","Persol","luxury","PO3393S - Guido","unisex",383,383,0,0,"2026-09-27"
"8056262741702","Persol","luxury","PO3396S","unisex",356,356,0,0,"2026-09-27"
"8056262741740","Persol","luxury","PO3396S","unisex",420,420,1,0,"2026-09-27"
"8056262742099","Persol","luxury","PO3391S - Gae","unisex",329,329,0,0,"2026-09-27"
"8056262751220","Moncler","luxury","Splash","unisex",405,405,0,0,"2026-09-27"
"8056262758205","Brunello Cucinelli","luxury","BC2017ST","men",790,790,0,0,"2026-09-27"
"8056262758564","Brunello Cucinelli","luxury","BC2018ST","unisex",790,790,0,0,"2026-09-27"
"8056262759592","Versace","premium","VE4507U","women",354,354,0,0,"2026-09-27"
"8056262760086","Versace","premium","VE4510U","men",297,297,0,0,"2026-09-27"
"8056262760154","Versace","premium","VE4511","women",297,297,0,0,"2026-09-27"
"8056262760666","Versace","premium","VE4508U","men",423,423,0,0,"2026-09-27"
"8056262811474","Brunello Cucinelli","luxury","BC2021ST Apheleion","unisex",1718,1718,0,0,"2026-09-27"
"8056262811511","Brunello Cucinelli","luxury","BC2020ST Dike","men",1652,1652,1,0,"2026-09-27"
"8056262812211","Brunello Cucinelli","luxury","BC4025S","men",718,718,0,0,"2026-09-27"
"8056262812365","Brunello Cucinelli","luxury","Alke","men",1220,1220,0,0,"2026-09-27"
"8056262812372","Brunello Cucinelli","luxury","BC4026S Alke","men",1143,1143,0,0,"2026-09-27"
"8056262812457","Brunello Cucinelli","luxury","BC2016ST","women",1364,1364,0,0,"2026-09-27"
"8056262812860","Versace","premium","VE4506U","men",325,325,0,0,"2026-09-27"
"8056262812945","Prada","luxury","PR C08SF","women",577,577,1,0,"2026-09-27"
"8056262813003","Versace","premium","VE4505U","women",325,325,0,0,"2026-09-27"
"8056262813324","Prada","luxury","PR C09SF","men",588,588,1,0,"2026-09-27"
"8056262813348","Versace","premium","VE4509U","women",382,382,0,0,"2026-09-27"
"8056262813812","Versace","premium","VE2293","men",382,382,0,0,"2026-09-27"
"8056262813959","Versace","premium","VE2297","men",382,382,0,0,"2026-09-27"
"8056262814017","Versace","premium","VE2295","women",423,423,0,0,"2026-09-27"
"8056262814055","Versace","premium","VE2295","women",2163,2163,0,0,"2026-09-27"
"8056262814062","Versace","premium","VE2294","men",382,382,0,0,"2026-09-27"
"8056262814130","Versace","premium","VE2296","women",423,423,0,0,"2026-09-27"
"8056262814321","Brunello Cucinelli","luxury","BC4003SM","unisex",862,862,1,0,"2026-09-27"
"8056262814956","Armani Exchange","budget","AX2060S","unisex",111,111,0,0,"2026-09-27"
"8056262819531","Tiffany & Co.","luxury","TF3121KB","women",1613,1613,0,0,"2026-09-27"
"8056262819654","Tiffany & Co.","luxury","TF4254U","women",466,466,0,0,"2026-09-27"
"8056262820148","Versace","premium","VE2294","men",435,435,1,0,"2026-09-27"
"8056262820186","Moncler","luxury","Clasico","unisex",352,352,1,0,"2026-09-27"
"8056262820421","Tiffany & Co.","luxury","TF4257U","women",382,382,0,0,"2026-09-27"
"8056262820919","Ralph Lauren","premium","RL7095","women",331,331,0,0,"2026-09-27"
"8056262820957","Ralph Lauren","premium","RL7096","women",331,331,0,0,"2026-09-27"
"8056262821855","EA7","premium","Q74007","men",249,249,0,0,"2026-09-27"
"8056262821992","Burberry","premium","BE4484","men",366,366,0,0,"2026-09-27"
"8056262822784","Burberry","premium","BE4488","women",285,285,0,0,"2026-09-27"
"8056262822876","Burberry","premium","BE4485","men",366,366,0,0,"2026-09-27"
"8056262823583","Armani Exchange","budget","AX4170SU","men",117,117,1,0,"2026-09-27"
"8056262823767","Versace","premium","VE2298","men",415,415,0,0,"2026-09-27"
"8056262823873","Armani Exchange","budget","AX4171SU","women",96,96,0,0,"2026-09-27"
"8056262824146","Tiffany & Co.","luxury","TF4264U","women",463,463,1,0,"2026-09-27"
"8056262826652","Burberry","premium","BE4489U","women",393,393,0,0,"2026-09-27"
"8056262827116","Tiffany & Co.","luxury","TF3104D","men",489,489,0,0,"2026-09-27"
"8056262827451","Burberry","premium","BE3169","women",339,339,0,0,"2026-09-27"
"8056262827543","Ferrari","luxury","FH1029TD","unisex",815,815,0,0,"2026-09-27"
"8056262827741","Ralph","budget","RA5350U","women",106,106,0,0,"2026-09-27"
"8056262827840","Ralph","budget","RA4149","women",116,116,0,0,"2026-09-27"
"8056262828038","Ralph","budget","RA5351U","women",96,96,0,0,"2026-09-27"
"8056262828755","Scuderia Ferrari","mid","FZ6026","men",206,206,0,0,"2026-09-27"
"8056262828786","Scuderia Ferrari","mid","FZ6027U","men",206,206,0,0,"2026-09-27"
"8056262828861","Scuderia Ferrari","mid","FZ6028U","men",217,217,1,0,"2026-09-27"
"8056262828892","Ferrari","luxury","FH2022U","women",637,637,1,0,"2026-09-27"
"8056262828953","Burberry","premium","BE3172","unisex",339,339,0,0,"2026-09-27"
"8056262829073","Burberry","premium","BE3171","men",339,339,0,0,"2026-09-27"
"8056262829226","Ferrari","luxury","FH1028T","men",815,815,0,0,"2026-09-27"
"8056262829264","Ray-Ban","mid","RB3767 Transitions ® Color Touch ™ Lenses","unisex",272,272,0,0,"2026-09-27"
"8056262829301","Ray-Ban","mid","RB3768 Transitions ® Color Touch ™ Lenses","unisex",272,272,0,0,"2026-09-27"
"8056262830055","Burberry","premium","BE4487","women",285,285,0,0,"2026-09-27"
"8056262830116","Ferrari","luxury","FH1030T","women",815,815,0,0,"2026-09-27"
"8056262830130","Scuderia Ferrari","mid","FZ6030U","unisex",185,185,0,0,"2026-09-27"
"8056262830352","Polo Ralph Lauren","mid","PH3164","women",186,186,0,0,"2026-09-27"
"8056262830659","Ralph","budget","RA5348U","women",127,127,1,0,"2026-09-27"
"8056262831359","Burberry","premium","BE3174","unisex",552,552,0,0,"2026-09-27"
"8056262831366","Dolce&Gabbana","luxury","DG4532","women",466,466,0,0,"2026-09-27"
"8056262831519","Ferrari","luxury","FH1033D","men",563,563,0,0,"2026-09-27"
"8056262831687","Scuderia Ferrari","mid","FZ5001","men",185,185,0,0,"2026-09-27"
"8056262832516","Ray-Ban","mid","RB2225","unisex",195,195,1,0,"2026-09-27"
"8056262832844","Tiffany & Co.","luxury","TF3119D","unisex",523,523,0,0,"2026-09-27"
"8056262833117","Polo Ralph Lauren","mid","PH4237U","women",160,160,0,0,"2026-09-27"
"8056262833179","Polo Ralph Lauren","mid","PH4238U","women",160,160,0,0,"2026-09-27"
"8056262833803","Polo Ralph Lauren","mid","PH4239U","men",213,213,0,0,"2026-09-27"
"8056262833933","Ray-Ban","mid","Khal Bio-Based","unisex",197,197,1,0,"2026-09-27"
"8056262834053","Dolce&Gabbana","luxury","DG4536","women",354,354,0,0,"2026-09-27"
"8056262834077","Ray-Ban","mid","Idan Bio-Based","unisex",160,160,0,0,"2026-09-27"
"8056262834268","Ray-Ban","mid","Drea Bio-Based","unisex",160,160,0,0,"2026-09-27"
"8056262834381","Ray-Ban","mid","Mega Wayfarer II","unisex",202,202,0,0,"2026-09-27"
"8056262834978","Ray-Ban","mid","Explorer III","unisex",244,244,1,0,"2026-09-27"
"8056262835067","Dolce&Gabbana","luxury","DG4535","women",382,382,0,0,"2026-09-27"
"8056262836705","Ferrari","luxury","FH1032D","unisex",563,563,0,0,"2026-09-27"
"8056262837160","Ray-Ban","mid","RB3780","unisex",202,202,0,0,"2026-09-27"
"8056262837177","Ray-Ban","mid","RB3780","unisex",255,255,1,0,"2026-09-27"
"8056262837344","Dolce&Gabbana","luxury","DG4539","women",297,297,0,0,"2026-09-27"
"8056262837405","Dolce&Gabbana","luxury","DG4540","women",297,297,0,0,"2026-09-27"
"8056262837672","Giorgio Armani","luxury","AR8250","men",471,471,0,0,"2026-09-27"
"8056262837825","Dolce&Gabbana","luxury","DG4541","unisex",297,297,0,0,"2026-09-27"
"8056262837870","Dolce&Gabbana","luxury","DG4542","men",297,297,0,0,"2026-09-27"
"8056262838259","Swarovski","premium","SK6063","women",233,233,0,0,"2026-09-27"
"8056262838303","Swarovski","premium","SK6063","women",270,270,1,0,"2026-09-27"
"8056262838969","Burberry","premium","BE4482U","men",285,285,0,0,"2026-09-27"
"8056262838983","Burberry","premium","BE4483","men",285,285,0,0,"2026-09-27"
"8056262839164","Dolce&Gabbana","luxury","DG2334B","women",3092,3092,0,0,"2026-09-27"
"8056262840047","Ray-Ban","mid","RB2226","unisex",155,155,0,0,"2026-09-27"
"8056262840115","Diesel","mid","DL2010U","unisex",211,211,0,0,"2026-09-27"
"8056262840160","Ray-Ban","mid","RB4473D","unisex",160,160,0,0,"2026-09-27"
"8056262840887","Diesel","mid","DL2008U","unisex",211,211,0,0,"2026-09-27"
"8056262840900","Ralph","budget","RA5349U","women",127,127,1,0,"2026-09-27"
"8056262840986","Diesel","mid","DL2009U","unisex",211,211,0,0,"2026-09-27"
"8056262841198","Diesel","mid","DL2013U","unisex",186,186,0,0,"2026-09-27"
"8056262841396","Diesel","mid","DL2017U","unisex",236,236,0,0,"2026-09-27"
"8056262841426","Diesel","mid","DL2017U","unisex",273,273,0,0,"2026-09-27"
"8056262841891","Persol","luxury","PO8001S","unisex",571,571,0,0,"2026-09-27"
"8056262842683","Diesel","mid","DL1020","unisex",310,310,0,0,"2026-09-27"
"8056262842843","Swarovski","premium","SK6061U","women",283,283,0,0,"2026-09-27"
"8056262843840","Swarovski","premium","SK6057","women",282,282,0,0,"2026-09-27"
"8056262843963","Swarovski","premium","SK7042","women",282,282,0,0,"2026-09-27"
"8056262844113","Swarovski","premium","SK7043","women",233,233,0,0,"2026-09-27"
"8056262844632","Scuderia Ferrari","mid","FZ6029U","men",185,185,0,0,"2026-09-27"
"8056262845004","Ray-Ban","mid","Wayfarer Puffer Crystal Pavè Edition","unisex",701,701,0,0,"2026-09-27"
"8056262845066","Ray-Ban","mid","RB4940B Wayfarer Puffer Crystal Edition","unisex",292,292,0,0,"2026-09-27"
"8056262845080","Ray-Ban","mid","Wayfarer Puffer Crystal Edition","unisex",292,292,0,0,"2026-09-27"
"8056262845592","Giorgio Armani","luxury","AR8253U","women",428,428,0,0,"2026-09-27"
"8056262846001","Polo Ralph Lauren","mid","PP9512U","unisex",100,100,0,0,"2026-09-27"
"8056262846179","Giorgio Armani","luxury","AR6181","men",471,471,0,0,"2026-09-27"
"8056262847602","Ray-Ban","mid","RB3784D","unisex",215,215,1,0,"2026-09-27"
"8056262847633","Ray-Ban","mid","RB4475 Polarized S Lenses","unisex",262,262,1,0,"2026-09-27"
"8056262847664","Ray-Ban","mid","RB4474D","unisex",197,197,1,0,"2026-09-27"
"8056262847763","Ray-Ban","mid","RB4470 Polarized S Lenses","unisex",262,262,1,0,"2026-09-27"
"8056262847909","Ray-Ban","mid","RB4469 Liteforce","unisex",215,215,0,0,"2026-09-27"
"8056262847923","Ray-Ban","mid","RB4469 Polarized S Lenses","unisex",262,262,1,0,"2026-09-27"
"8056262847978","Ray-Ban","mid","RB4469 Liteforce","unisex",252,252,1,0,"2026-09-27"
"8056262848128","Emporio Armani","mid","EA4273BU","women",235,235,0,0,"2026-09-27"
"8056262848364","Ray-Ban","mid","Ray-Ban Star Wars™ – The Rebel Alliance Mega Wayfarer","unisex",260,260,0,0,"2026-09-27"
"8056262848371","Ray-Ban","mid","Ray-Ban Star Wars™ – Master Yoda Wayfarer","unisex",249,249,0,0,"2026-09-27"
"8056262848388","Ray-Ban","mid","Ray-Ban Star Wars™ – Kylo Ren Mega Balorama","unisex",313,313,1,0,"2026-09-27"
"8056262848395","Ray-Ban","mid","Ray-Ban Star Wars™ – Darth Vader Balorama","men",263,263,0,0,"2026-09-27"
"8056262848777","Ray-Ban","mid","Wayfarer Puffer","unisex",202,202,0,0,"2026-09-27"
"8056262848821","Ray-Ban","mid","RB4940 Wayfarer Puffer","unisex",202,202,0,0,"2026-09-27"
"8056262849507","Polo Ralph Lauren","mid","PH3163","men",213,213,0,0,"2026-09-27"
"8056262849729","Emporio Armani","mid","EA4270","men",221,221,0,0,"2026-09-27"
"8056262849897","Ray-Ban","mid","RB4940BP Wayfarer Puffer Crystal Pavè Edition","unisex",701,701,0,0,"2026-09-27"
"8056262850473","Giorgio Armani","luxury","AR6185","men",398,398,0,0,"2026-09-27"
"8056262850596","Jimmy Choo","premium","JC5058JU","women",457,457,0,0,"2026-09-27"
"8056262851050","Jimmy Choo","premium","JC4027","women",392,392,0,0,"2026-09-27"
"8056262851265","Emporio Armani","mid","EA4272U","men",221,221,0,0,"2026-09-27"
"8056262851333","Jimmy Choo","premium","JC4026","women",392,392,0,0,"2026-09-27"
"8056262851548","Emporio Armani","mid","EA2173","men",221,221,0,0,"2026-09-27"
"8056262851609","Dolce&Gabbana","luxury","DG4537","women",354,354,0,0,"2026-09-27"
"8056262851944","Jimmy Choo","premium","JC5065U","women",430,430,0,0,"2026-09-27"
"8056262852583","Jimmy Choo","premium","JC4026","women",445,445,1,0,"2026-09-27"
"8056262852699","Jimmy Choo","premium","JC5012","women",313,313,0,0,"2026-09-27"
"8056262853313","Swarovski","premium","SK7045D","women",233,233,0,0,"2026-09-27"
"8056262853382","Moncler","luxury","Vantos","unisex",300,300,0,0,"2026-09-27"
"8056262853511","Emporio Armani","mid","EA2174B","women",221,221,0,0,"2026-09-27"
"8056262853870","Ray-Ban","mid","Ray-Ban Star Wars™ – Master Yoda Wayfarer","unisex",249,249,0,0,"2026-09-27"
"8056262853986","Ray-Ban","mid","Ray-Ban Star Wars™ – The Rebel Alliance Mega Wayfarer","unisex",260,260,0,0,"2026-09-27"
"8056262854952","Ralph Lauren","premium","RL8240U","women",289,289,0,0,"2026-09-27"
"8056262855256","Dolce&Gabbana","luxury","DG6205","unisex",382,382,0,0,"2026-09-27"
"8056262855386","Emporio Armani","mid","EK2003","men",119,119,0,0,"2026-09-27"
"8056262855461","Dolce&Gabbana","luxury","DG2333B","women",523,523,0,0,"2026-09-27"
"8056262855621","Dolce&Gabbana","luxury","DG2336","men",495,495,0,0,"2026-09-27"
"8056262856611","Burberry","premium","BE3170","men",392,392,1,0,"2026-09-27"
"8056262857663","Ralph Lauren","premium","RL7094","women",331,331,0,0,"2026-09-27"
"8056262858189","Prada","luxury","PR D13SU","men",417,417,0,0,"2026-09-27"
"8056262858868","Versace","premium","VE4513D","men",297,297,0,0,"2026-09-27"
"8056262859322","Versace","premium","VE4512D","women",297,297,0,0,"2026-09-27"
"8056262859346","Versace","premium","VE4514D","women",269,269,0,0,"2026-09-27"
"8056262859575","Swarovski","premium","SK7033","women",258,258,0,0,"2026-09-27"
"8056262866061","Prada Linea Rossa","luxury","PS B54S","men",417,417,0,0,"2026-09-27"
"8056262866092","Dolce&Gabbana","luxury","DG4538","women",1724,1724,0,0,"2026-09-27"
"8056262866122","Dolce&Gabbana","luxury","DG4538","women",354,354,0,0,"2026-09-27"
"8056262866207","Prada Linea Rossa","luxury","PS B53S","men",438,438,0,0,"2026-09-27"
"8056262866641","Dolce&Gabbana","luxury","DG4545","men",423,423,0,0,"2026-09-27"
"8056262866979","Prada","luxury","PR D07S","women",524,524,0,0,"2026-09-27"
"8056262867334","Prada","luxury","PR D01S","women",390,390,0,0,"2026-09-27"
"8056262867426","Prada","luxury","PR D02S","women",390,390,0,0,"2026-09-27"
"8056262867440","Prada","luxury","PR C09S","men",524,524,0,0,"2026-09-27"
"8056262867518","Vogue Eyewear","budget","VO4362S","women",100,100,0,0,"2026-09-27"
"8056262867525","Prada","luxury","PR C08S","women",524,524,0,0,"2026-09-27"
"8056262867563","Polo Ralph Lauren","mid","PH4211U","unisex",160,160,0,0,"2026-09-27"
"8056262874318","Vogue Eyewear","budget","VO5726SU","women",83,83,0,0,"2026-09-27"
"8056262874479","Vogue Eyewear","budget","VO5725SU","women",83,83,0,0,"2026-09-27"
"8056262874486","Prada","luxury","PR D05S","women",524,524,0,0,"2026-09-27"
"8056262874578","Prada","luxury","PR D06S","women",524,524,0,0,"2026-09-27"
"8056262874622","Prada","luxury","PR D09SD","men",497,497,0,0,"2026-09-27"
"8056262874844","Prada","luxury","PR D08SU","women",524,524,0,0,"2026-09-27"
"8056262875568","Prada","luxury","PR D11S","men",524,524,0,0,"2026-09-27"
"8056262879849","Prada","luxury","PR D03SD","women",497,497,0,0,"2026-09-27"
"8056262879917","Jimmy Choo","premium","JC5062U","women",313,313,0,0,"2026-09-27"
"8056262879993","Polo Ralph Lauren","mid","PH4240U","men",215,215,1,0,"2026-09-27"
"8056262880135","Prada","luxury","PR D52S","men",497,497,0,0,"2026-09-27"
"8056262880395","Prada","luxury","PR D55S","men",524,524,0,0,"2026-09-27"
"8056262880845","Prada","luxury","PR D51S","women",578,578,0,0,"2026-09-27"
"8056262882436","Prada","luxury","PR D53S","men",578,578,0,0,"2026-09-27"
"8056262883310","Prada","luxury","PR B53S","women",578,578,0,0,"2026-09-27"
"8056262883457","Dolce&Gabbana","luxury","DG4543","men",1143,1143,0,0,"2026-09-27"
"8056262883501","Prada Linea Rossa","luxury","PS B11SU","men",417,417,0,0,"2026-09-27"
"8056262883648","Prada Linea Rossa","luxury","PS B09SU","men",363,363,0,0,"2026-09-27"
"8056262883655","Prada Linea Rossa","luxury","PS B09SU","men",416,416,1,0,"2026-09-27"
"8056262883754","EA7","premium","Q74011","men",306,306,0,0,"2026-09-27"
"8056262883792","Miu Miu","luxury","MU B09S","women",524,524,0,0,"2026-09-27"
"8056262883822","Miu Miu","luxury","MU B10SU","women",470,470,0,0,"2026-09-27"
"8056262884195","Versace","premium","VE2299","men",423,423,0,0,"2026-09-27"
"8056262885055","Emporio Armani","mid","EA4267U","men",248,248,1,0,"2026-09-27"
"8056262885062","Emporio Armani","mid","EA4272U","men",263,263,1,0,"2026-09-27"
"8056262885079","Emporio Armani","mid","EA4273BU","women",277,277,1,0,"2026-09-27"
"8056262885406","Miu Miu","luxury","MU B52S","women",551,551,0,0,"2026-09-27"
"8056262885475","Jimmy Choo","premium","JC5068U","women",287,287,0,0,"2026-09-27"
"8056262885758","Miu Miu","luxury","MU B11SU","women",497,497,0,0,"2026-09-27"
"8056262885789","Miu Miu","luxury","MU B12S","women",497,497,0,0,"2026-09-27"
"8056262886090","Miu Miu","luxury","MU B13S","women",524,524,0,0,"2026-09-27"
"8056262886779","Miu Miu","luxury","MU B53S","women",632,632,0,0,"2026-09-27"
"8056262888667","Moncler","luxury","Sunsette","unisex",405,405,0,0,"2026-09-27"
"8056262889046","Ray-Ban","mid","RB2228M Scuderia Ferrari Collection","unisex",305,305,0,0,"2026-09-27"
"8056262889060","Ray-Ban","mid","Monza Special Edition 2026 - Scuderia Ferrari Collection","unisex",344,344,1,0,"2026-09-27"
"8056262889107","Ray-Ban","mid","RB3819M Scuderia Ferrari Collection","unisex",264,264,0,0,"2026-09-27"
"8056262889138","Ray-Ban","mid","RB3789M Scuderia Ferrari Collection","unisex",313,313,0,0,"2026-09-27"
"8056262889299","Ray-Ban","mid","Alix Bio-Based","unisex",160,160,0,0,"2026-09-27"
"8056262889480","Polo Ralph Lauren","mid","PH3165","men",215,215,1,0,"2026-09-27"
"8056262890936","Ray-Ban","mid","RB2224","unisex",195,195,1,0,"2026-09-27"
"8056262890943","Ray-Ban","mid","RB2224","unisex",145,145,0,0,"2026-09-27"
"8056262891391","Polo Ralph Lauren","mid","PH4245U","unisex",149,149,0,0,"2026-09-27"
"8056262892121","Ray-Ban","mid","RB2226","unisex",145,145,0,0,"2026-09-27"
"8056262892169","Ray-Ban","mid","RB2223","women",191,191,0,0,"2026-09-27"
"8056262892220","Ray-Ban","mid","Mega Wayfarer II","unisex",255,255,1,0,"2026-09-27"
"8056262894682","Diesel","mid","DL2018U","unisex",223,223,1,0,"2026-09-27"
"8056262897591","Ray-Ban","mid","Aviator Max Summer Capsule","unisex",202,202,0,0,"2026-09-27"
"8056262897607","Ray-Ban","mid","Bill Summer Capsule","unisex",191,191,0,0,"2026-09-27"
"8056262897690","Ray-Ban","mid","Aviator Classic Summer Capsule","unisex",191,191,0,0,"2026-09-27"
"8056262897706","Ray-Ban","mid","Cats 5000 Classic Summer Capsule","men",191,191,0,0,"2026-09-27"
"8056262897720","Ray-Ban","mid","Cats 5000 Classic Summer Capsule","men",191,191,0,0,"2026-09-27"
"8056262899335","Persol","luxury","PO3401S - Persol & Cassina Limited Edition","unisex",1270,1270,0,0,"2026-09-27"
"8056262901915","Ray-Ban","mid","The Outdoorsman By Dolce&Gabbana","unisex",510,510,0,0,"2026-09-27"
"8056262902073","Ray-Ban","mid","The Shooter By Dolce&Gabbana","unisex",490,490,0,0,"2026-09-27"
"8056262903346","Burberry","premium","BE4497U","women",393,393,0,0,"2026-09-27"
"8056262904053","Ray-Ban","mid","RB3931 By A$AP Rocky","unisex",255,255,1,0,"2026-09-27"
"8056262904060","Ray-Ban","mid","RB3927 By A$AP Rocky","unisex",202,202,0,0,"2026-09-27"
"8056262904107","Ray-Ban","mid","RB3927 By A$AP Rocky","unisex",255,255,1,0,"2026-09-27"
"8056262904206","Ray-Ban","mid","RB3931 By A$AP Rocky","unisex",202,202,0,0,"2026-09-27"
"8056262905753","Ray-Ban","mid","RB3929 By A$AP Rocky","unisex",254,254,0,0,"2026-09-27"
"8056262905821","Ray-Ban","mid","RB3928 By A$AP Rocky","unisex",264,264,1,0,"2026-09-27"
"8056262905869","Burberry","premium","BE3175","unisex",501,501,0,0,"2026-09-27"
"8056262906996","Prada","luxury","PR D56S","women",1331,1331,0,0,"2026-09-27"
"8056262908754","Ray-Ban","mid","Zena","unisex",197,197,1,0,"2026-09-27"
"8056262909539","Versace","premium","VE2301","men",452,452,0,0,"2026-09-27"
"8056262910085","Versace","premium","VE4515","unisex",523,523,0,0,"2026-09-27"
"8056262910283","Miu Miu","luxury","MU B14SU","women",417,417,0,0,"2026-09-27"
"8056262912522","Ferrari","luxury","FH2024U","men",637,637,1,0,"2026-09-27"
"8056262912584","Ferrari","luxury","FH1039J","men",667,667,0,0,"2026-09-27"
"8056262912652","Ferrari","luxury","FH1038","unisex",563,563,0,0,"2026-09-27"
"8056262912843","Ferrari","luxury","FH1037T","men",815,815,0,0,"2026-09-27"
"8056262914748","Scuderia Ferrari","mid","FZ6033D","men",185,185,0,0,"2026-09-27"
"8056262915288","Scuderia Ferrari","mid","FZ6038U","men",185,185,0,0,"2026-09-27"
"8056262915837","Versace","premium","VE4516","women",423,423,0,0,"2026-09-27"
"8056262918180","Ralph Lauren","premium","RL8243U","women",331,331,0,0,"2026-09-27"
"8056262921043","Polo Ralph Lauren","mid","PH4248U","men",160,160,0,0,"2026-09-27"
"8056262922552","Ralph Lauren","premium","RL8246","men",360,360,0,0,"2026-09-27"
"8056262922699","Ralph Lauren","premium","RL8247U","men",309,309,0,0,"2026-09-27"
"8056262924693","Polo Ralph Lauren","mid","PH4252U","men",149,149,0,0,"2026-09-27"
"8056262924716","Polo Ralph Lauren","mid","PH4253U","men",149,149,0,0,"2026-09-27"
"8056262925256","Vogue Eyewear","budget","VO4371S","women",83,83,0,0,"2026-09-27"
"8056262925577","EA7","premium","Q74014","men",193,193,0,0,"2026-09-27"
"8056262925638","Vogue Eyewear","budget","VO5752S","men",91,91,0,0,"2026-09-27"
"8056262933367","Swarovski","premium","SK6076U","women",282,282,0,0,"2026-09-27"
"8056262933923","Alain Mikli","luxury","A05532","unisex",529,529,0,0,"2026-09-27"
"8056262934708","Vogue Eyewear","budget","VO4369S","women",100,100,0,0,"2026-09-27"
"8056262935170","Vogue Eyewear","budget","VO5754S","men",77,77,0,0,"2026-09-27"
"8056262935385","Polo Ralph Lauren","mid","PH4251U","men",228,228,1,0,"2026-09-27"
"8056262935392","Polo Ralph Lauren","mid","PH4252U","men",191,191,1,0,"2026-09-27"
"8056262935972","Vogue Eyewear","budget","VJ2036","unisex",69,69,0,0,"2026-09-27"
"8056262938416","EA7","premium","Q74013","men",235,235,0,0,"2026-09-27"
"8056262938867","Swarovski","premium","SK6068U","women",282,282,0,0,"2026-09-27"
"8056262939116","Swarovski","premium","SK6069U","women",196,196,0,0,"2026-09-27"
"8056262939192","Swarovski","premium","SK6070","women",233,233,1,0,"2026-09-27"
"8056262939574","Tiffany & Co.","luxury","TF3123","women",466,466,0,0,"2026-09-27"
"8056262939697","Tiffany & Co.","luxury","TF3124","unisex",466,466,0,0,"2026-09-27"
"8056262940327","Diesel","mid","DL2020U","unisex",211,211,0,0,"2026-09-27"
"8056262940556","Diesel","mid","DL2023U","unisex",211,211,0,0,"2026-09-27"
"8056262940921","Diesel","mid","DL3020U","unisex",186,186,0,0,"2026-09-27"
"8056262940976","Diesel","mid","DL3023U","unisex",186,186,0,0,"2026-09-27"
"8056262941195","Diesel","mid","DL3024U","unisex",186,186,0,0,"2026-09-27"
"8056262941249","Diesel","mid","DL1021","unisex",186,186,0,0,"2026-09-27"
"8056262941348","Diesel","mid","DL1024T","unisex",285,285,0,0,"2026-09-27"
"8056262942949","Swarovski","premium","SK6065U","women",282,282,0,0,"2026-09-27"
"8056262943540","Swarovski","premium","SK6067","women",196,196,0,0,"2026-09-27"
"8056262944080","Tiffany & Co.","luxury","TF4271","women",410,410,0,0,"2026-09-27"
"8056262944417","Tiffany & Co.","luxury","TF4270U","women",382,382,0,0,"2026-09-27"
"8056262944424","Tiffany & Co.","luxury","TF4270U","women",435,435,1,0,"2026-09-27"
"8056262945179","Armani Exchange","budget","AX4173SU","women",82,82,0,0,"2026-09-27"
"8056262946053","Armani Exchange","budget","AX2062S","women",101,101,0,0,"2026-09-27"
"8056262947180","Jimmy Choo","premium","JC5076","women",314,314,1,0,"2026-09-27"
"8056262947449","Persol","luxury","PO3403S - Walter","unisex",420,420,1,0,"2026-09-27"
"8056262947593","Persol","luxury","PO3007SX","unisex",329,329,0,0,"2026-09-27"
"8056262947630","Jimmy Choo","premium","JC5074U","women",366,366,1,0,"2026-09-27"
"8056262948545","Jimmy Choo","premium","JC4028J","women",457,457,0,0,"2026-09-27"
"8056262948729","Ralph Lauren","premium","RL7097","women",360,360,0,0,"2026-09-27"
"8056262948804","Jimmy Choo","premium","JC6004HU","women",339,339,0,0,"2026-09-27"
"8056262955147","Persol","luxury","PO1031S","unisex",761,761,0,0,"2026-09-27"
"8056262955154","Persol","luxury","PO1031S","unisex",383,383,0,0,"2026-09-27"
"8056262955185","Jimmy Choo","premium","JC4031B","women",365,365,0,0,"2026-09-27"
"8056262955314","Jimmy Choo","premium","JC4032BD","women",365,365,0,0,"2026-09-27"
"8056262955499","Persol","luxury","PO3403S - Walter","unisex",356,356,0,0,"2026-09-27"
"8056262955703","Armani Exchange","budget","AX2061S","men",101,101,0,0,"2026-09-27"
"8056262956588","Ray-Ban","mid","Ray-Ban Star Wars™ – Grogu Mega Wayfarer II","unisex",260,260,0,0,"2026-09-27"
"8056262956670","Ray-Ban","mid","Ray-Ban Star Wars™ – The Mandalorian Olympian Deluxe","unisex",287,287,0,0,"2026-09-27"
"8056262956861","Prada","luxury","PR D59S","men",497,497,0,0,"2026-09-27"
"8056262956908","Prada","luxury","PR D14S","men",524,524,0,0,"2026-09-27"
"8056262957073","Jimmy Choo","premium","JC5077U","women",261,261,0,0,"2026-09-27"
"8056262957240","Burberry","premium","BE3176","unisex",501,501,0,0,"2026-09-27"
"8056262959206","Ray-Ban","mid","Flacko Puffer","unisex",202,202,0,0,"2026-09-27"
"8056262960073","Ray-Ban","mid","Aviator Puffer","unisex",202,202,0,0,"2026-09-27"
"8056262960752","Prada","luxury","PR A17S","men",642,642,1,0,"2026-09-27"
"8056262961339","Prada","luxury","PR D24S","women",470,470,0,0,"2026-09-27"
"8056262961612","Prada","luxury","PR D62S","women",524,524,0,0,"2026-09-27"
"8056262961933","Moncler","luxury","ME4021TD","unisex",483,483,0,0,"2026-09-27"
"8056262962077","Ray-Ban","mid","Kiliane Puffer","unisex",202,202,0,0,"2026-09-27"
"8056262962138","Prada","luxury","PR D57S","women",578,578,0,0,"2026-09-27"
"8056262962329","Versace","premium","VE4523","women",322,322,1,0,"2026-09-27"
"8056262962510","Versace","premium","VE4517U","women",423,423,0,0,"2026-09-27"
"8056262962633","Moncler","luxury","Refrax","unisex",378,378,0,0,"2026-09-27"
"8056262962749","Miu Miu","luxury","MU C01S","women",497,497,0,0,"2026-09-27"
"8056262963111","Burberry","premium","BE4501U","men",285,285,0,0,"2026-09-27"
"8056262963555","Burberry","premium","BE4499U","men",285,285,0,0,"2026-09-27"
"8056262963838","Versace","premium","VE4518U","men",636,636,0,0,"2026-09-27"
"8056262963937","Moncler","luxury","Pulser","unisex",326,326,0,0,"2026-09-27"
"8056262964330","Moncler","luxury","Auron","unisex",405,405,0,0,"2026-09-27"
"8056262964750","Versace","premium","VE4526U","men",325,325,0,0,"2026-09-27"
"8056262964927","Versace","premium","VE4524U","women",325,325,0,0,"2026-09-27"
"8056262964941","Moncler","luxury","ICEBORNE","unisex",300,300,0,0,"2026-09-27"
"8056262965757","Miu Miu","luxury","MU C06SU","women",457,457,0,0,"2026-09-27"
"8056262966976","Prada","luxury","PR D18SD","women",430,430,0,0,"2026-09-27"
"8056262967140","Versace","premium","VE2304","women",423,423,0,0,"2026-09-27"
"8056262967676","Versace","premium","VE2307","women",452,452,0,0,"2026-09-27"
"8056262967836","Versace","premium","VE2306","men",382,382,0,0,"2026-09-27"
"8056262968345","Prada","luxury","PR D17S","women",430,430,0,0,"2026-09-27"
"8056262968659","Prada","luxury","PR D20SU","women",430,430,0,0,"2026-09-27"
"8056262968727","Prada","luxury","PR D19S","men",483,483,1,0,"2026-09-27"
"8056262969212","Prada","luxury","PR D15SD","men",430,430,0,0,"2026-09-27"
"8056262969472","Burberry","premium","BE3177","women",393,393,0,0,"2026-09-27"
"8056262969519","Miu Miu","luxury","MU C04S","women",524,524,0,0,"2026-09-27"
"8056262970348","Prada","luxury","PR D58S","women",497,497,0,0,"2026-09-27"
"8056262970638","Emporio Armani","mid","EA4280","men",192,192,0,0,"2026-09-27"
"8056262971024","Emporio Armani","mid","EA4281U","women",192,192,0,0,"2026-09-27"
"8056262971260","Miu Miu","luxury","MU C02S","women",457,457,0,0,"2026-09-27"
"8056262972236","Miu Miu","luxury","MU C50S","women",497,497,0,0,"2026-09-27"
"8056262972342","Miu Miu","luxury","MU C51S","women",497,497,0,0,"2026-09-27"
"8056262972373","Versace","premium","VE4522U","women",269,269,0,0,"2026-09-27"
"8056262972410","Emporio Armani","mid","EA4285U","men",221,221,0,0,"2026-09-27"
"8056262973004","Ray-Ban","mid","Bill Max","unisex",255,255,1,0,"2026-09-27"
"8056262973066","Ray-Ban","mid","Bill Max","unisex",202,202,0,0,"2026-09-27"
"8056262973226","Burberry","premium","BE4506U","women",271,271,0,0,"2026-09-27"
"8056262974247","Persol","luxury","PO3404S","men",356,356,0,0,"2026-09-27"
"8056262974254","Persol","luxury","PO3404S","men",420,420,1,0,"2026-09-27"
"8056262974728","Burberry","premium","BE3180","women",339,339,0,0,"2026-09-27"
"8056262974827","Versace","premium","VE2308D","women",325,325,0,0,"2026-09-27"
"8056262974919","Emporio Armani","mid","EA4283U","men",221,221,0,0,"2026-09-27"
"8056262975077","Prada","luxury","PR D16S","men",538,538,0,0,"2026-09-27"
"8056262975480","Emporio Armani","mid","EA4282U","men",221,221,0,0,"2026-09-27"
"8056262975787","Emporio Armani","mid","EA2180","men",221,221,0,0,"2026-09-27"
"8056262976166","Ray-Ban","mid","Brunel II","unisex",191,191,0,0,"2026-09-27"
"8056262976234","Ray-Ban","mid","RB2238","unisex",215,215,1,0,"2026-09-27"
"8056262976579","Ray-Ban","mid","RB8550","unisex",251,251,0,0,"2026-09-27"
"8056262977262","Ray-Ban","mid","RB3791","unisex",194,194,0,0,"2026-09-27"
"8056262978535","Jimmy Choo","premium","JC4033H","women",484,484,0,0,"2026-09-27"
"8056262979136","Ray-Ban","mid","RB2236","unisex",222,222,1,0,"2026-09-27"
"8056262979426","Emporio Armani","mid","EA2179","women",221,221,0,0,"2026-09-27"
"8056262979877","Miu Miu","luxury","MU C03SU","women",457,457,0,0,"2026-09-27"
"8056262980798","Prada","luxury","PR D61S","women",578,578,0,0,"2026-09-27"
"8056262980903","Emporio Armani","mid","EA4282U","men",263,263,1,0,"2026-09-27"
"8056262981061","Prada","luxury","PR D23SU","women",524,524,0,0,"2026-09-27"
"8056262981139","Prada","luxury","PR D22S","women",524,524,0,0,"2026-09-27"
"8056262981733","Emporio Armani","mid","EA4277U","men",234,234,1,0,"2026-09-27"
"8056262990070","Miu Miu","luxury","MU C05SU","women",524,524,0,0,"2026-09-27"
"8056262990568","Dolce&Gabbana","luxury","DX4014","women",184,184,0,0,"2026-09-27"
"8056262990681","Giorgio Armani","luxury","AR6187","men",398,398,0,0,"2026-09-27"
"8056262990827","Ray-Ban","mid","RB3792","unisex",178,178,0,0,"2026-09-27"
"8056262991022","Burberry","premium","BE4498","men",285,285,0,0,"2026-09-27"
"8056262991824","Emporio Armani","mid","EA2162","men",263,263,1,0,"2026-09-27"
"8056262992166","Giorgio Armani","luxury","AR8268U","women",369,369,0,0,"2026-09-27"
"8056262996560","Giorgio Armani","luxury","AR8263U","men",398,398,0,0,"2026-09-27"
"8056262996645","Scuderia Ferrari","mid","FZ6032D","unisex",185,185,0,0,"2026-09-27"
"8056262996652","Scuderia Ferrari","mid","FZ6036U","men",206,206,0,0,"2026-09-27"
"8056262996669","Scuderia Ferrari","mid","FZ6034U","men",206,206,0,0,"2026-09-27"
"8056262997109","Giorgio Armani","luxury","AR8264U","men",398,398,0,0,"2026-09-27"
"8056262997611","Tiffany & Co.","luxury","TF4266U","women",463,463,1,0,"2026-09-27"
"8056262998410","Giorgio Armani","luxury","AR6188","men",398,398,0,0,"2026-09-27"
"8056262999127","Burberry","premium","BE4508D","women",285,285,0,0,"2026-09-27"
"8056266000201","Prada Linea Rossa","luxury","PS C04S","men",390,390,0,0,"2026-09-27"
"8056266000232","Prada Linea Rossa","luxury","PS C52S","men",459,459,0,0,"2026-09-27"
"8056266000355","Burberry","premium","BE4504","men",393,393,0,0,"2026-09-27"
"8056266001437","Burberry","premium","BE3179","men",392,392,1,0,"2026-09-27"
"8056266001505","Ray-Ban","mid","RB3686","unisex",268,268,1,0,"2026-09-27"
"8056266001536","Ray-Ban","mid","RB3721 Polarized + Lenses","unisex",262,262,1,0,"2026-09-27"
"8056266002137","Dolce&Gabbana","luxury","DG4571","women",297,297,0,0,"2026-09-27"
"8056266002281","Ray-Ban","mid","RB2243D","unisex",206,206,1,0,"2026-09-27"
"8056266002458","Dolce&Gabbana","luxury","DG2338","women",354,354,0,0,"2026-09-27"
"8056266002625","Dolce&Gabbana","luxury","DG6210","women",354,354,0,0,"2026-09-27"
"8056266003462","Dolce&Gabbana","luxury","DG4569","women",297,297,0,0,"2026-09-27"
"8056266003653","Dolce&Gabbana","luxury","DG4570","women",297,297,0,0,"2026-09-27"
"8056266004070","Dolce&Gabbana","luxury","DG4567","men",297,297,0,0,"2026-09-27"
"8056266004339","Dolce&Gabbana","luxury","DG4568","men",297,297,0,0,"2026-09-27"
"8056266004919","Dolce&Gabbana","luxury","DG4565","men",423,423,0,0,"2026-09-27"
"8056266005114","Dolce&Gabbana","luxury","DG4562","men",423,423,0,0,"2026-09-27"
"8056266005800","Dolce&Gabbana","luxury","DG4564","women",423,423,0,0,"2026-09-27"
"8056266007132","Ray-Ban","mid","RB3798D","unisex",215,215,1,0,"2026-09-27"
"8056266007163","Ray-Ban","mid","RB4479M SCUDERIA FERRARI COLLECTION","unisex",264,264,0,0,"2026-09-27"
"8056266007736","Ray-Ban","mid","RB2228","unisex",196,196,0,0,"2026-09-27"
"8056266008153","Burberry","premium","BE4507D","women",338,338,1,0,"2026-09-27"
"8056266008818","Burberry","premium","BE4505U","women",271,271,0,0,"2026-09-27"
"8056266092237","Ray-Ban","mid","RB3791 TRANSITIONS ® COLOR TOUCH ™ LENSES","unisex",272,272,0,0,"2026-09-27"
"8056266092305","Ray-Ban","mid","RB3792 TRANSITIONS ® COLOR TOUCH ™ LENSES","unisex",272,272,0,0,"2026-09-27"
"8056266093791","Ray-Ban","mid","Brunel","unisex",244,244,1,0,"2026-09-27"
"8056266094033","Dolce&Gabbana","luxury","DG4566","men",350,350,1,0,"2026-09-27"
"8056266114410","Dolce&Gabbana","luxury","DG4563","women",423,423,0,0,"2026-09-27"
"8056266117275","Prada Linea Rossa","luxury","PS C03SU","men",470,470,0,0,"2026-09-27"
"8056266140631","Prada Linea Rossa","luxury","PS C01S","men",376,376,0,0,"2026-09-27"
"8056266140662","Prada Linea Rossa","luxury","PS C01S","men",429,429,1,0,"2026-09-27"
"8056266146701","Versace","premium","VE4525U","men",325,325,0,0,"2026-09-27"
"8056266183911","Ray-Ban","mid","RB2229 Polarized S Lenses","unisex",216,216,1,0,"2026-09-27"
"8056266183935","Ray-Ban","mid","RB2229 Polarized+ Lenses","unisex",239,239,1,0,"2026-09-27"
"8056266192241","Miu Miu","luxury","MU C07SU","women",524,524,0,0,"2026-09-27"
"8056266260339","Ray-Ban","mid","Ray-Ban Meta (Gen 3) Aviator","unisex",529,529,0,0,"2026-09-27"
"8056266260988","Ray-Ban","mid","Ray-Ban Meta (Gen 3) Zena","unisex",529,529,0,0,"2026-09-27"
"8056266261435","Ray-Ban","mid","Ray-Ban Meta (Gen 3) Wayfarer","unisex",529,529,0,0,"2026-09-27"
"8056597004466","Burberry","premium","BE4291","men",314,314,0,0,"2026-09-27"
"8056597018012","Dolce&Gabbana","luxury","DG2220","men",437,437,1,0,"2026-09-27"
"8056597018357","Ray-Ban","mid","Oval Metal","unisex",191,191,0,0,"2026-09-27"
"8056597019132","Dolce&Gabbana","luxury","DG4354","men",354,354,0,0,"2026-09-27"
"8056597019170","Dolce&Gabbana","luxury","DG4354","men",354,247.8,0,1,"2026-09-27"
"8056597041379","Burberry","premium","BE4293","men",284,284,0,0,"2026-09-27"
"8056597048903","Dolce&Gabbana","luxury","DG2233","men",456,456,0,0,"2026-09-27"
"8056597049788","Versace","premium","VE4368","women",354,354,0,0,"2026-09-27"
"8056597053303","Giorgio Armani","luxury","AR8121","men",356,356,0,0,"2026-09-27"
"8056597054010","Ray-Ban","mid","Square 1971 Classic","women",207,144.9,0,1,"2026-09-27"
"8056597071413","Ray-Ban","mid","RB3611","men",207,144.9,0,1,"2026-09-27"
"8056597071512","Ray-Ban","mid","Wings II","men",231,231,0,0,"2026-09-27"
"8056597071659","Ray-Ban","mid","RB4305","unisex",215,215,1,0,"2026-09-27"
"8056597073011","Ray-Ban","mid","RB4306","unisex",215,215,1,0,"2026-09-27"
"8056597075091","Ray-Ban","mid","RB4305","unisex",215,215,1,0,"2026-09-27"
"8056597075213","Ray-Ban","mid","RB4306","unisex",215,215,1,0,"2026-09-27"
"8056597077330","Ray-Ban","mid","Hexagonal Flat Lenses","unisex",207,144.9,0,1,"2026-09-27"
"8056597077903","Versace","premium","VE4369","men",407,407,1,0,"2026-09-27"
"8056597100038","Ralph Lauren","premium","RL8181P","men",353,353,0,0,"2026-09-27"
"8056597100724","Ralph Lauren","premium","RL8178","women",235,117.5,0,1,"2026-09-27"
"8056597101509","Giorgio Armani","luxury","AR6095T","men",602,301,0,1,"2026-09-27"
"8056597102476","Burberry","premium","Ferry","women",314,314,0,0,"2026-09-27"
"8056597114028","Emporio Armani","mid","EA2087","men",206,206,0,0,"2026-09-27"
"8056597118743","Giorgio Armani","luxury","AR8127B","women",628,314,0,1,"2026-09-27"
"8056597122108","Ray-Ban","mid","Olympian I Deluxe","unisex",202,202,0,0,"2026-09-27"
"8056597122153","Ray-Ban","mid","Olympian I Deluxe","unisex",255,255,1,0,"2026-09-27"
"8056597122580","Ray-Ban","mid","RB4323","unisex",194,97,0,1,"2026-09-27"
"8056597122856","Ray-Ban","mid","RB4330 Polarized+ Lenses","unisex",285,285,1,0,"2026-09-27"
"8056597133227","Dolce&Gabbana","luxury","DG2242","women",354,354,0,0,"2026-09-27"
"8056597139649","Ray-Ban","mid","Aviator Classic","unisex",191,133.7,0,1,"2026-09-27"
"8056597139908","Ray-Ban","mid","Daddy-O","unisex",147,147,0,0,"2026-09-27"
"8056597140263","Prada Linea Rossa","luxury","PS 51VS","men",400,280,0,1,"2026-09-27"
"8056597142441","Ray-Ban","mid","Round Metal","men",244,244,1,0,"2026-09-27"
"8056597142526","Ray-Ban","mid","Erika Color Mix","unisex",197,197,1,0,"2026-09-27"
"8056597145657","Ray-Ban","mid","Erika Color Mix","unisex",197,197,1,0,"2026-09-27"
"8056597148429","Ray-Ban","mid","RB3659M Scuderia Ferrari Collection Polarized+ Lenses","men",285,285,1,0,"2026-09-27"
"8056597148443","Ray-Ban","mid","RB3659M Scuderia Ferrari Collection","men",215,215,0,0,"2026-09-27"
"8056597148450","Ray-Ban","mid","RB2132M Scuderia Ferrari Collection","unisex",215,215,0,0,"2026-09-27"
"8056597173056","Giorgio Armani","luxury","AR6104","men",356,356,0,0,"2026-09-27"
"8056597174459","Dolce&Gabbana","luxury","DG4354","men",407,407,1,0,"2026-09-27"
"8056597177627","Ray-Ban","mid","State Street","unisex",202,202,0,0,"2026-09-27"
"8056597179669","Ray-Ban","mid","RB4334D","unisex",160,160,0,0,"2026-09-27"
"8056597185301","Dolce&Gabbana","luxury","DG4373","women",415,415,0,0,"2026-09-27"
"8056597186216","Dolce&Gabbana","luxury","DG6134","men",323,226.1,0,1,"2026-09-27"
"8056597196635","Giorgio Armani","luxury","AR6111","women",365,182.5,0,1,"2026-09-27"
"8056597197519","Ray-Ban","mid","Round Metal Legend Gold","unisex",191,133.7,0,1,"2026-09-27"
"8056597197694","Ray-Ban","mid","Original Wayfarer Bicolor","unisex",191,133.7,0,1,"2026-09-27"
"8056597204477","Giorgio Armani","luxury","AR6110","men",325,325,0,0,"2026-09-27"
"8056597209182","Vogue Eyewear","budget","VO5327S","men",91,91,0,0,"2026-09-27"
"8056597209243","Vogue Eyewear","budget","VO5328S","men",91,91,0,0,"2026-09-27"
"8056597210812","Ray-Ban","mid","Jackie Ohh","women",207,144.9,0,1,"2026-09-27"
"8056597210843","Ray-Ban","mid","RB4068","women",176,123.2,0,1,"2026-09-27"
"8056597213134","Ray-Ban","mid","RB4333D","unisex",197,197,1,0,"2026-09-27"
"8056597213639","Armani Exchange","budget","AX2034S","men",91,91,0,0,"2026-09-27"
"8056597214698","Versace","premium","VE4387","women",354,354,0,0,"2026-09-27"
"8056597215879","Vogue Eyewear","budget","VO5338S","women",91,91,0,0,"2026-09-27"
"8056597215909","Vogue Eyewear","budget","VO5338S","women",91,63.7,0,1,"2026-09-27"
"8056597216425","Ray-Ban","mid","RB3662M Scuderia Ferrari Collection","men",208,104,0,1,"2026-09-27"
"8056597217521","Ray-Ban","mid","RB8395M Scuderia Ferrari Collection","unisex",570,570,0,0,"2026-09-27"
"8056597218115","Burberry","premium","Sophia","women",284,284,0,0,"2026-09-27"
"8056597218160","Burberry","premium","Willow","women",337,337,1,0,"2026-09-27"
"8056597220194","Versace","premium","VE2225","men",384,384,0,0,"2026-09-27"
"8056597221252","Polo Ralph Lauren","mid","PH4167","men",164,82,0,1,"2026-09-27"
"8056597224796","Versace","premium","VE4391","men",384,384,0,0,"2026-09-27"
"8056597225083","Burberry","premium","Caroll","women",284,284,0,0,"2026-09-27"
"8056597225250","Persol","luxury","PO0581S","unisex",363,254.1,0,1,"2026-09-27"
"8056597238007","Vogue Eyewear","budget","VO5337S","women",91,91,0,0,"2026-09-27"
"8056597238014","Vogue Eyewear","budget","VO5337S","women",91,63.7,0,1,"2026-09-27"
"8056597238557","Burberry","premium","Caroll","women",284,284,0,0,"2026-09-27"
"8056597240192","Dolce&Gabbana","luxury","DG4373F","women",415,415,0,0,"2026-09-27"
"8056597242905","Ray-Ban","mid","RB3663","men",178,124.6,0,1,"2026-09-27"
"8056597242950","Ray-Ban","mid","RB3663","men",231,231,1,0,"2026-09-27"
"8056597252867","Sunglass Hut Collection","budget","HU2019","unisex",126,63,1,1,"2026-09-27"
"8056597259835","Ray-Ban","mid","Aviator Classic","unisex",244,244,1,0,"2026-09-27"
"8056597260053","Ray-Ban","mid","Aviator Classic Polarized+ Lenses","unisex",261,182.7,1,1,"2026-09-27"
"8056597260558","Ray-Ban","mid","Aviator Metal II","unisex",244,244,1,0,"2026-09-27"
"8056597260602","Ray-Ban","mid","Aviator Metal II Polarized+ Lenses","unisex",261,182.7,1,1,"2026-09-27"
"8056597313469","Persol","luxury","PO3105S - Cellor Original","men",422,422,0,0,"2026-09-27"
"8056597316620","Ray-Ban","mid","Outdoorsman | Aviation Collection","unisex",191,191,0,0,"2026-09-27"
"8056597316637","Ray-Ban","mid","Shooter | Aviation Collection","unisex",191,191,0,0,"2026-09-27"
"8056597316675","Ray-Ban","mid","Aviator | Aviation Collection","unisex",191,191,0,0,"2026-09-27"
"8056597318044","Ray-Ban","mid","Leonard","unisex",244,244,1,0,"2026-09-27"
"8056597328111","Ray-Ban","mid","Aviator Total Black","unisex",244,244,1,0,"2026-09-27"
"8056597332743","Burberry","premium","Delilah","women",324,162,0,1,"2026-09-27"
"8056597335614","Giorgio Armani","luxury","AR6117","men",369,184.5,0,1,"2026-09-27"
"8056597335683","Giorgio Armani","luxury","AR8143Q","men",570,285,0,1,"2026-09-27"
"8056597335744","Giorgio Armani","luxury","AR6115T","men",572,572,0,0,"2026-09-27"
"8056597335751","Giorgio Armani","luxury","AR6112J","men",418,209,0,1,"2026-09-27"
"8056597335782","Giorgio Armani","luxury","AR6112J","men",418,418,0,0,"2026-09-27"
"8056597339063","Vogue Eyewear","budget","VO5361S","women",83,83,0,0,"2026-09-27"
"8056597342520","Versace","premium","VE4399","men",354,247.8,0,1,"2026-09-27"
"8056597344821","Versace","premium","VE4396","women",307,307,0,0,"2026-09-27"
"8056597353304","Versace","premium","VE4403","men",384,384,0,0,"2026-09-27"
"8056597353328","Versace","premium","VE4403","men",384,268.8,0,1,"2026-09-27"
"8056597362641","Ray-Ban","mid","Jeffrey","men",255,127.5,1,1,"2026-09-27"
"8056597363327","Ray-Ban","mid","RB3671 Polarized+ Lenses","unisex",281,281,1,0,"2026-09-27"
"8056597364232","Giorgio Armani","luxury","AR6118","women",369,184.5,0,1,"2026-09-27"
"8056597364928","Ray-Ban","mid","New Wayfarer Color Mix","unisex",178,124.6,0,1,"2026-09-27"
"8056597366441","Ray-Ban","mid","Aviator Clear Evolve","unisex",223,156.1,0,1,"2026-09-27"
"8056597366885","Ray-Ban","mid","Wayfarer Clear Evolve","unisex",223,156.1,0,1,"2026-09-27"
"8056597369374","Ray-Ban","mid","Erika Color Mix","unisex",176,123.2,0,1,"2026-09-27"
"8056597371889","Dolce&Gabbana","luxury","DG4384","women",323,323,0,0,"2026-09-27"
"8056597372060","Dolce&Gabbana","luxury","DG6146","women",323,323,0,0,"2026-09-27"
"8056597372077","Dolce&Gabbana","luxury","DG6146","women",305,152.5,0,1,"2026-09-27"
"8056597376310","Versace","premium","VE4402","women",384,384,0,0,"2026-09-27"
"8056597377362","Ray-Ban","mid","Hexagonal Blue-Violet Light Clear","unisex",191,133.7,0,1,"2026-09-27"
"8056597377485","Ray-Ban","mid","Clubmaster Blue-Violet Light Clear","unisex",191,191,0,0,"2026-09-27"
"8056597381376","Persol","luxury","649 - Photochromic","men",427,298.9,0,1,"2026-09-27"
"8056597382700","Tiffany & Co.","luxury","TF3077","women",483,483,0,0,"2026-09-27"
"8056597382717","Ray-Ban","mid","RB3673M Scuderia Ferrari Collection","unisex",231,231,0,0,"2026-09-27"
"8056597382779","Ray-Ban","mid","RB3673M Scuderia Ferrari Collection Polarized+ Lenses","unisex",285,285,1,0,"2026-09-27"
"8056597383172","Prada","luxury","PR 54WS","women",830,581,0,1,"2026-09-27"
"8056597383288","Tiffany & Co.","luxury","TF4178F","women",430,430,0,0,"2026-09-27"
"8056597384704","Versace","premium","VE2231","women",323,323,0,0,"2026-09-27"
"8056597384889","Versace","premium","VE4405","women",323,323,0,0,"2026-09-27"
"8056597384902","Versace","premium","VE4406","men",323,323,0,0,"2026-09-27"
"8056597386142","Alain Mikli","luxury","A05065 N°861 SUN","men",385,385,0,0,"2026-09-27"
"8056597394741","Persol","luxury","PO3264S","unisex",422,422,0,0,"2026-09-27"
"8056597409261","Persol","luxury","PO3269S","unisex",363,363,0,0,"2026-09-27"
"8056597409278","Persol","luxury","PO3269S","unisex",427,427,1,0,"2026-09-27"
"8056597412476","Tiffany & Co.","luxury","TF4178","women",483,483,1,0,"2026-09-27"
"8056597414241","Polo Ralph Lauren","mid","PH3137","men",215,215,1,0,"2026-09-27"
"8056597415507","Giorgio Armani","luxury","AR8146","women",387,387,0,0,"2026-09-27"
"8056597415514","Giorgio Armani","luxury","AR8146","women",387,270.9,0,1,"2026-09-27"
"8056597416887","Emporio Armani","mid","EA4163","men",206,206,0,0,"2026-09-27"
"8056597418478","Prada","luxury","PR 17WS","unisex",548,548,0,0,"2026-09-27"
"8056597419161","Burberry","premium","Carnaby","men",284,284,0,0,"2026-09-27"
"8056597420129","Prada","luxury","PR 17WSF","unisex",548,548,0,0,"2026-09-27"
"8056597422567","Vogue Eyewear","budget","VO4199S","women",100,70,0,1,"2026-09-27"
"8056597426329","Burberry","premium","Oliver","men",314,314,0,0,"2026-09-27"
"8056597427074","Ray-Ban","mid","Original Wayfarer Horn","unisex",1277,1277,0,0,"2026-09-27"
"8056597427081","Ray-Ban","mid","RB2140CO Original Wayfarer Horn","unisex",1277,1277,0,0,"2026-09-27"
"8056597429948","Giorgio Armani","luxury","AR6120J","men",394,197,0,1,"2026-09-27"
"8056597431149","Ray-Ban","mid","Frank Titanium","men",490,245,1,1,"2026-09-27"
"8056597433464","Burberry","premium","Alice","women",314,314,0,0,"2026-09-27"
"8056597433907","Armani Exchange","budget","AX2037S","men",112,112,1,0,"2026-09-27"
"8056597434201","Prada","luxury","PR 53WS","men",830,830,0,0,"2026-09-27"
"8056597435635","Prada","luxury","PR 16WS","women",518,362.6,0,1,"2026-09-27"
"8056597436076","Prada","luxury","PR 14WS","women",429,429,0,0,"2026-09-27"
"8056597437523","Prada","luxury","PR 15WS","women",429,429,0,0,"2026-09-27"
"8056597440240","Prada","luxury","PR 19WS","men",518,518,0,0,"2026-09-27"
"8056597445979","Ray-Ban","mid","Erika Metal Evolve","women",192,192,0,0,"2026-09-27"
"8056597450898","Prada","luxury","PR 14WSF","women",429,429,0,0,"2026-09-27"
"8056597451758","Prada","luxury","PR 15WSF","women",429,429,0,0,"2026-09-27"
"8056597459181","Ray-Ban","mid","RB4165 Justin Mickey D20","men",255,178.5,1,1,"2026-09-27"
"8056597460941","Versace","premium","VE2232","unisex",473,473,0,0,"2026-09-27"
"8056597463805","Ray-Ban","mid","Hexagonal","unisex",207,207,0,0,"2026-09-27"
"8056597484855","Versace","premium","VE2199","men",317,158.5,0,1,"2026-09-27"
"8056597484879","Ray-Ban","mid","RB4165 Justin Mickey A21","men",255,178.5,1,1,"2026-09-27"
"8056597488556","Burberry","premium","Daisy","women",344,344,0,0,"2026-09-27"
"8056597489331","Burberry","premium","Elsa","women",314,219.8,0,1,"2026-09-27"
"8056597489782","Burberry","premium","Eldon","men",314,314,0,0,"2026-09-27"
"8056597508988","Burberry","premium","Daisy","women",397,277.9,1,1,"2026-09-27"
"8056597516259","Prada","luxury","PR 04YS","men",370,370,0,0,"2026-09-27"
"8056597516303","Prada","luxury","PR 04YS","men",434,434,1,0,"2026-09-27"
"8056597517140","Giorgio Armani","luxury","AR6125","men",356,178,0,1,"2026-09-27"
"8056597517386","Prada","luxury","PR 07YS","women",518,362.6,0,1,"2026-09-27"
"8056597517447","Prada","luxury","PR 08YS","women",518,362.6,0,1,"2026-09-27"
"8056597517461","Prada","luxury","PR 08YS","women",489,489,0,0,"2026-09-27"
"8056597518963","Ray-Ban","mid","RB4362","unisex",194,194,0,0,"2026-09-27"
"8056597519465","Vogue Eyewear","budget","VO5409S","women",91,63.7,0,1,"2026-09-27"
"8056597519502","Vogue Eyewear","budget","VO5409S","women",91,91,0,0,"2026-09-27"
"8056597521598","Prada","luxury","PR 08YSF","women",518,362.6,0,1,"2026-09-27"
"8056597523189","Ray-Ban","mid","RB3683","unisex",231,231,1,0,"2026-09-27"
"8056597523202","Prada","luxury","PR 06YSF","men",518,518,0,0,"2026-09-27"
"8056597523493","Versace","premium","VE2238","men",323,323,0,0,"2026-09-27"
"8056597524292","Versace","premium","VE4409","women",354,354,0,0,"2026-09-27"
"8056597524322","Versace","premium","VE4409","women",354,177,0,1,"2026-09-27"
"8056597525145","Versace","premium","VE2236","unisex",354,354,0,0,"2026-09-27"
"8056597528818","Persol","luxury","PO3271S","men",367,183.5,1,1,"2026-09-27"
"8056597528979","Dolce&Gabbana","luxury","DG2279","women",415,415,0,0,"2026-09-27"
"8056597529679","Ray-Ban","mid","Bill","unisex",207,207,0,0,"2026-09-27"
"8056597531085","Ray-Ban","mid","RB3682","unisex",154,77,0,1,"2026-09-27"
"8056597534062","Prada Linea Rossa","luxury","PS 04WS","men",459,459,0,0,"2026-09-27"
"8056597535229","Dolce&Gabbana","luxury","DG2277","men",384,192,0,1,"2026-09-27"
"8056597541794","Prada","luxury","PR 06YS","women",518,518,0,0,"2026-09-27"
"8056597546157","Ray-Ban","mid","RB4365M Scuderia Ferrari Collection","unisex",210,105,0,1,"2026-09-27"
"8056597546195","Persol","luxury","PO3272S","unisex",363,363,0,0,"2026-09-27"
"8056597547123","Ray-Ban","mid","RB4387","unisex",176,123.2,0,1,"2026-09-27"
"8056597548731","Ray-Ban","mid","Lady Burbank","women",189,94.5,0,1,"2026-09-27"
"8056597550581","Versace","premium","VE4409F","women",354,354,0,0,"2026-09-27"
"8056597551960","Persol","luxury","FOLDING","men",426,298.2,0,1,"2026-09-27"
"8056597555463","Versace","premium","VE2236","unisex",407,407,1,0,"2026-09-27"
"8056597556408","Ray-Ban","mid","Burbank","men",202,141.4,0,1,"2026-09-27"
"8056597556460","Ray-Ban","mid","Burbank","unisex",255,178.5,1,1,"2026-09-27"
"8056597557283","Polo Ralph Lauren","mid","PH4180U","unisex",202,202,1,0,"2026-09-27"
"8056597559881","Ray-Ban","mid","State Street Fleck","unisex",218,218,0,0,"2026-09-27"
"8056597560085","Persol","luxury","PO3274S","unisex",570,399,0,1,"2026-09-27"
"8056597560184","Persol","luxury","PO2422SJ","men",363,363,0,0,"2026-09-27"
"8056597560658","Versace","premium","VE4361F","men",384,384,0,0,"2026-09-27"
"8056597580656","Tiffany & Co.","luxury","TF3082","women",430,430,0,0,"2026-09-27"
"8056597580700","Tiffany & Co.","luxury","TF3082","women",430,215,0,1,"2026-09-27"
"8056597581868","Ray-Ban","mid","RB4369M Scuderia Ferrari Collection","unisex",240,120,0,1,"2026-09-27"
"8056597586030","Ray-Ban","mid","Jack","unisex",244,244,1,0,"2026-09-27"
"8056597594363","Burberry","premium","Tamsin","women",268,134,0,1,"2026-09-27"
"8056597596510","Persol","luxury","PO3288S","men",427,427,1,0,"2026-09-27"
"8056597596527","Persol","luxury","PO3288S","men",363,363,0,0,"2026-09-27"
"8056597596985","Polo Ralph Lauren","mid","PP9001 Kids","men",100,100,0,0,"2026-09-27"
"8056597597210","Burberry","premium","Kitty","women",314,314,0,0,"2026-09-27"
"8056597599610","Burberry","premium","Tamsin","women",304,152,1,1,"2026-09-27"
"8056597599733","Burberry","premium","Knight","men",337,337,1,0,"2026-09-27"
"8056597599955","Burberry","premium","Daphne","women",314,314,0,0,"2026-09-27"
"8056597603928","Vogue Eyewear","budget","VO5426S","women",77,77,0,0,"2026-09-27"
"8056597614115","Emporio Armani","mid","EA4176","women",192,192,0,0,"2026-09-27"
"8056597616720","Ray-Ban","mid","Erika Classic","men",197,197,1,0,"2026-09-27"
"8056597618977","Ralph Lauren","premium","RL8201","women",277,277,0,0,"2026-09-27"
"8056597620604","Persol","luxury","PO2496SZ - Protector","unisex",514,359.8,1,1,"2026-09-27"
"8056597621687","Emporio Armani","mid","EA4185 Kids","men",129,64.5,0,1,"2026-09-27"
"8056597622615","Dolce&Gabbana","luxury","DG6174","men",372,186,0,1,"2026-09-27"
"8056597622646","Giorgio Armani","luxury","AR 318SM","men",449,224.5,0,1,"2026-09-27"
"8056597624527","Giorgio Armani","luxury","AR6135","women",585,292.5,0,1,"2026-09-27"
"8056597625494","Ray-Ban","mid","RB3686","unisex",215,215,0,0,"2026-09-27"
"8056597625500","Ray-Ban","mid","RB3686 Polarized+ Lenses","unisex",285,285,1,0,"2026-09-27"
"8056597625661","Prada","luxury","PR 15YS","women",489,342.3,0,1,"2026-09-27"
"8056597625692","Prada","luxury","PR 16YS","women",405,283.5,0,1,"2026-09-27"
"8056597625883","Ray-Ban","mid","Elliot","unisex",244,244,1,0,"2026-09-27"
"8056597626620","Ray-Ban","mid","RB4376","unisex",176,176,0,0,"2026-09-27"
"8056597626682","Ray-Ban","mid","Hawkeye","unisex",255,255,1,0,"2026-09-27"
"8056597626705","Ray-Ban","mid","Hawkeye","unisex",255,178.5,1,1,"2026-09-27"
"8056597626729","Ray-Ban","mid","Hawkeye","unisex",218,218,0,0,"2026-09-27"
"8056597626897","Ray-Ban","mid","RB4378","women",176,176,0,0,"2026-09-27"
"8056597627375","Prada","luxury","PR 14YS","women",563,563,0,0,"2026-09-27"
"8056597627436","Prada","luxury","PR 57YS","women",563,394.1,0,1,"2026-09-27"
"8056597627443","Prada","luxury","PR 23YS","women",518,518,0,0,"2026-09-27"
"8056597627467","Prada","luxury","PR 23YS","women",518,362.6,0,1,"2026-09-27"
"8056597627474","Prada","luxury","PR 57YS","women",563,563,0,0,"2026-09-27"
"8056597628471","Giorgio Armani","luxury","AR8159U","men",513,256.5,0,1,"2026-09-27"
"8056597629478","Prada","luxury","PR 20YS","men",434,434,1,0,"2026-09-27"
"8056597629614","Prada","luxury","PR 56YS","women",447,312.9,0,1,"2026-09-27"
"8056597629652","Prada","luxury","PR 22YS","men",489,342.3,0,1,"2026-09-27"
"8056597630160","Prada","luxury","PR 17YS","men",504,504,0,0,"2026-09-27"
"8056597630320","Giorgio Armani","luxury","AR8155","men",387,193.5,0,1,"2026-09-27"
"8056597632287","Prada","luxury","PR 23YSF","women",518,362.6,0,1,"2026-09-27"
"8056597640237","Versace","premium","VE2243","men",392,196,0,1,"2026-09-27"
"8056597640435","Versace","premium","VE2242","men",384,268.8,0,1,"2026-09-27"
"8056597641784","Ray-Ban","mid","New Caravan","unisex",202,141.4,0,1,"2026-09-27"
"8056597641807","Ray-Ban","mid","New Round","unisex",202,202,0,0,"2026-09-27"
"8056597641845","Ray-Ban","mid","New Caravan","unisex",218,152.6,0,1,"2026-09-27"
"8056597641869","Giorgio Armani","luxury","AR8163 Runway","men",375,187.5,0,1,"2026-09-27"
"8056597642392","Tiffany & Co.","luxury","TF4188D","women",483,483,0,0,"2026-09-27"
"8056597642613","Ray-Ban","mid","New Aviator","unisex",202,141.4,0,1,"2026-09-27"
"8056597643030","Versace","premium","VE2245","women",354,354,0,0,"2026-09-27"
"8056597643160","Ray-Ban","mid","Elliot","unisex",244,244,1,0,"2026-09-27"
"8056597643382","Prada","luxury","PR 12YS","men",657,459.9,0,1,"2026-09-27"
"8056597645300","Ray-Ban","mid","RB3696M Scuderia Ferrari Collection Polarized+ Lenses","unisex",258,129,1,1,"2026-09-27"
"8056597646116","Ray-Ban","mid","RB4378","women",176,176,0,0,"2026-09-27"
"8056597646321","Dolce&Gabbana","luxury","DG4399","women",323,161.5,0,1,"2026-09-27"
"8056597646642","Dolce&Gabbana","luxury","DG4405","women",354,354,0,0,"2026-09-27"
"8056597656054","Dolce&Gabbana","luxury","DG2285","men",468,468,1,0,"2026-09-27"
"8056597656221","Dolce&Gabbana","luxury","DG4402","men",334,167,0,1,"2026-09-27"
"8056597656559","Dolce&Gabbana","luxury","DG6177","unisex",354,354,0,0,"2026-09-27"
"8056597657952","Dolce&Gabbana","luxury","DG4403","men",354,354,0,0,"2026-09-27"
"8056597658836","Dolce&Gabbana","luxury","DG6177","men",354,177,0,1,"2026-09-27"
"8056597659086","Polo Ralph Lauren","mid","PH4183U","men",200,200,0,0,"2026-09-27"
"8056597659116","Polo Ralph Lauren","mid","PH4183U","men",189,94.5,0,1,"2026-09-27"
"8056597659505","Dolce&Gabbana","luxury","DG4403F","men",354,354,0,0,"2026-09-27"
"8056597660044","Dolce&Gabbana","luxury","DG4405F","women",354,354,0,0,"2026-09-27"
"8056597661027","Ray-Ban","mid","Jackie Ohh Transparent","women",244,170.8,1,1,"2026-09-27"
"8056597661942","Prada Linea Rossa","luxury","PS 07WS","men",445,311.5,0,1,"2026-09-27"
"8056597662161","Prada Linea Rossa","luxury","PS 55WS","men",400,280,0,1,"2026-09-27"
"8056597662383","Ray-Ban","mid","Original Wayfarer Polarized+ Lenses","unisex",265,185.5,1,1,"2026-09-27"
"8056597665131","Ray-Ban","mid","New Caravan Polarized+ Lenses","unisex",292,204.4,1,1,"2026-09-27"
"8056597667227","Tiffany & Co.","luxury","TF4193B","women",489,489,0,0,"2026-09-27"
"8056597667296","Tiffany & Co.","luxury","TF4193BF","women",489,489,0,0,"2026-09-27"
"8056597667371","Versace","premium","VE4415U","women",345,172.5,0,1,"2026-09-27"
"8056597671927","Miu Miu","luxury","Runway","women",518,518,0,0,"2026-09-27"
"8056597671934","Miu Miu","luxury","MU 09WS","women",518,518,0,0,"2026-09-27"
"8056597672351","Miu Miu","luxury","MU 52WS","women",548,383.6,0,1,"2026-09-27"
"8056597682527","Versace","premium","VE2248","women",384,268.8,0,1,"2026-09-27"
"8056597684453","Miu Miu","luxury","MU 11WS","women",518,518,0,0,"2026-09-27"
"8056597684828","Ray-Ban","mid","Bill","unisex",281,196.7,1,1,"2026-09-27"
"8056597690119","Versace","premium","VE4424U","women",415,207.5,0,1,"2026-09-27"
"8056597690317","Versace","premium","VE4425U","men",384,268.8,0,1,"2026-09-27"
"8056597691628","Giorgio Armani","luxury","AR6138T","men",850,595,0,1,"2026-09-27"
"8056597693189","Ray-Ban","mid","Original Wayfarer Bio-Based","unisex",212,212,0,0,"2026-09-27"
"8056597698443","Ray-Ban","mid","Original Wayfarer Bio-Based","unisex",212,212,0,0,"2026-09-27"
"8056597699181","Ralph","budget","RA5292","women",90,45,0,1,"2026-09-27"
"8056597699204","Ralph","budget","VVCV","women",96,96,0,0,"2026-09-27"
"8056597702973","Ralph Lauren","premium","RL7076","men",280,280,0,0,"2026-09-27"
"8056597704755","Dolce&Gabbana","luxury","DG4411","women",434,217,0,1,"2026-09-27"
"8056597705325","Burberry","premium","Jarvis","men",296,148,0,1,"2026-09-27"
"8056597707916","Vogue Eyewear","budget","VO5453S","women",77,53.9,0,1,"2026-09-27"
"8056597708296","Versace","premium","VE4437U","women",376,376,1,0,"2026-09-27"
"8056597709040","Versace","premium","VE4436U","men",376,376,1,0,"2026-09-27"
"8056597711555","Versace","premium","VE4431","women",363,181.5,0,1,"2026-09-27"
"8056597712392","Ralph","budget","RA5274","women",96,96,0,0,"2026-09-27"
"8056597713542","Dolce&Gabbana","luxury","DG4413","men",415,415,0,0,"2026-09-27"
"8056597713566","Dolce&Gabbana","luxury","DG4413","men",415,290.5,0,1,"2026-09-27"
"8056597714136","Ray-Ban","mid","RB4392D","unisex",197,197,1,0,"2026-09-27"
"8056597714884","Vogue Eyewear","budget","VO5462S","women",91,91,0,0,"2026-09-27"
"8056597715317","Dolce&Gabbana","luxury","DG4414","women",384,384,0,0,"2026-09-27"
"8056597719612","Ray-Ban","mid","RB3699","unisex",194,194,0,0,"2026-09-27"
"8056597719636","Ray-Ban","mid","RB3699 Polarized+ Lenses","unisex",248,248,1,0,"2026-09-27"
"8056597720311","Ray-Ban","mid","RB0707S","unisex",218,109,0,1,"2026-09-27"
"8056597720670","Ray-Ban","mid","Mega Wayfarer","unisex",202,202,0,0,"2026-09-27"
"8056597720687","Ray-Ban","mid","Mega Wayfarer","unisex",255,255,1,0,"2026-09-27"
"8056597720700","Ray-Ban","mid","Mega Wayfarer","unisex",255,178.5,1,1,"2026-09-27"
"8056597721370","Ray-Ban","mid","New Clubmaster Polarized+ Lenses","unisex",281,196.7,1,1,"2026-09-27"
"8056597721431","Ray-Ban","mid","New Clubmaster","unisex",207,207,0,0,"2026-09-27"
"8056597724388","Versace","premium","VE4430U","men",384,192,0,1,"2026-09-27"
"8056597725590","Burberry","premium","BE4380D","women",284,284,0,0,"2026-09-27"
"8056597725958","Ray-Ban","mid","RB4385 Polarized+ Lenses","men",285,285,1,0,"2026-09-27"
"8056597726276","Ray-Ban","mid","Mega Wayfarer","unisex",202,202,0,0,"2026-09-27"
"8056597726306","Ray-Ban","mid","Mega Wayfarer","unisex",255,255,1,0,"2026-09-27"
"8056597726313","Ralph Lauren","premium","The Jacquie","women",319,223.3,1,1,"2026-09-27"
"8056597728362","Ray-Ban","mid","RB3701 Polarized+ Lenses","men",285,285,1,0,"2026-09-27"
"8056597728379","Ray-Ban","mid","RB3701","men",215,215,0,0,"2026-09-27"
"8056597729543","Emporio Armani","mid","EA4189U","men",235,235,0,0,"2026-09-27"
"8056597729864","Versace","premium","VE2251","men",384,268.8,0,1,"2026-09-27"
"8056597729963","Versace","premium","VE2252","men",384,268.8,0,1,"2026-09-27"
"8056597729970","Versace","premium","VE2252","men",384,384,0,0,"2026-09-27"
"8056597731560","Burberry","premium","Margot","women",352,176,0,1,"2026-09-27"
"8056597733380","Giorgio Armani","luxury","AR8171","men",452,226,0,1,"2026-09-27"
"8056597735216","Polo Ralph Lauren","mid","PH4189U","men",160,160,0,0,"2026-09-27"
"8056597736152","Burberry","premium","Jude","men",324,162,0,1,"2026-09-27"
"8056597736800","Burberry","premium","BE3138 Alice","women",281,140.5,0,1,"2026-09-27"
"8056597738149","Vogue Eyewear","budget","VO5457S","women",112,78.4,1,1,"2026-09-27"
"8056597738941","Giorgio Armani","luxury","AR8169","men",656,328,0,1,"2026-09-27"
"8056597744010","Prada","luxury","PR 17ZS","women",489,342.3,0,1,"2026-09-27"
"8056597744164","Prada","luxury","PR 09ZS","women",563,563,0,0,"2026-09-27"
"8056597744218","Prada","luxury","PR 19ZS","women",489,342.3,0,1,"2026-09-27"
"8056597744225","Prada","luxury","PR 19ZS","women",518,518,0,0,"2026-09-27"
"8056597744386","Prada","luxury","PR 04ZS","women",371,259.7,1,1,"2026-09-27"
"8056597744423","Prada","luxury","PR 13ZS","women",531,371.7,0,1,"2026-09-27"
"8056597744522","Prada","luxury","PR 50ZS","women",563,394.1,0,1,"2026-09-27"
"8056597744652","Prada","luxury","PR 14ZS","women",563,394.1,0,1,"2026-09-27"
"8056597744904","Persol","luxury","PO3306S","unisex",427,427,1,0,"2026-09-27"
"8056597744980","Persol","luxury","PO3306S","unisex",363,363,0,0,"2026-09-27"
"8056597745222","Persol","luxury","PO3302S","unisex",393,393,0,0,"2026-09-27"
"8056597745239","Persol","luxury","PO3302S","unisex",457,457,1,0,"2026-09-27"
"8056597745260","Prada","luxury","PR 02ZS","men",459,459,0,0,"2026-09-27"
"8056597745864","Prada","luxury","PR 10ZS","men",563,563,0,0,"2026-09-27"
"8056597746144","Giorgio Armani","luxury","AR8175","women",394,197,0,1,"2026-09-27"
"8056597750370","Giorgio Armani","luxury","AR6139Q","men",656,328,0,1,"2026-09-27"
"8056597750554","Prada","luxury","PR 19ZSF","women",518,518,0,0,"2026-09-27"
"8056597750608","Prada","luxury","PR 10ZSF","men",563,563,0,0,"2026-09-27"
"8056597750653","Prada","luxury","PR 09ZSF","men",563,563,0,0,"2026-09-27"
"8056597752275","Tiffany & Co.","luxury","TF4196","women",460,322,0,1,"2026-09-27"
"8056597752312","Tiffany & Co.","luxury","TF4196","women",460,230,0,1,"2026-09-27"
"8056597752329","Tiffany & Co.","luxury","TF4197","women",489,244.5,0,1,"2026-09-27"
"8056597752336","Tiffany & Co.","luxury","TF4197","women",489,489,0,0,"2026-09-27"
"8056597752602","Ray-Ban","mid","Clubmaster Folding","unisex",305,305,0,0,"2026-09-27"
"8056597752725","Tiffany & Co.","luxury","TF4199","women",460,460,0,0,"2026-09-27"
"8056597752879","Tiffany & Co.","luxury","TF4198","women",406,203,0,1,"2026-09-27"
"8056597753135","Giorgio Armani","luxury","AR8170","men",802,401,1,1,"2026-09-27"
"8056597753302","Giorgio Armani","luxury","AR8177","unisex",394,197,0,1,"2026-09-27"
"8056597753722","Prada","luxury","PR 16WSF","women",571,399.7,1,1,"2026-09-27"
"8056597755627","Dolce&Gabbana","luxury","Round Gaze","unisex",679,339.5,0,1,"2026-09-27"
"8056597756235","Dolce&Gabbana","luxury","DG4416","women",460,322,0,1,"2026-09-27"
"8056597757379","Dolce&Gabbana","luxury","DG4417","women",384,384,0,0,"2026-09-27"
"8056597757768","Dolce&Gabbana","luxury","DG4413","men",392,196,0,1,"2026-09-27"
"8056597757775","Dolce&Gabbana","luxury","DG4420","men",392,196,0,1,"2026-09-27"
"8056597757805","Dolce&Gabbana","luxury","DG4420","men",415,290.5,0,1,"2026-09-27"
"8056597757928","Ray-Ban","mid","RB4260D","unisex",160,160,0,0,"2026-09-27"
"8056597758031","Tiffany & Co.","luxury","TF4148","women",513,513,1,0,"2026-09-27"
"8056597758147","Dolce&Gabbana","luxury","DG2288","men",415,290.5,0,1,"2026-09-27"
"8056597760249","Ray-Ban","mid","Chris","men",197,197,1,0,"2026-09-27"
"8056597763394","Dolce&Gabbana","luxury","DG4338","men",434,217,0,1,"2026-09-27"
"8056597767859","Prada Linea Rossa","luxury","PS 51YS","women",377,263.9,0,1,"2026-09-27"
"8056597768382","Ray-Ban","mid","RB3703M Scuderia Ferrari Collection","unisex",264,264,0,0,"2026-09-27"
"8056597768405","Ray-Ban","mid","RB3703M Scuderia Ferrari Collection Polarized+ Lenses","unisex",334,334,1,0,"2026-09-27"
"8056597768788","Giorgio Armani","luxury","AR8172U","women",452,226,0,1,"2026-09-27"
"8056597769341","Dolce&Gabbana","luxury","DG4420F","men",415,415,0,0,"2026-09-27"
"8056597774765","Dolce&Gabbana","luxury","DG4414F","women",384,384,0,0,"2026-09-27"
"8056597781473","Ray-Ban","mid","RB2140 Wayfarer Mickey J22","unisex",276,193.2,1,1,"2026-09-27"
"8056597782401","Miu Miu","luxury","MU 01YS","women",489,342.3,0,1,"2026-09-27"
"8056597785327","Versace","premium","VE4439","unisex",460,322,0,1,"2026-09-27"
"8056597787154","Burberry","premium","BE4383","women",2422,2422,0,0,"2026-09-27"
"8056597788571","Ray-Ban","mid","State Street","unisex",218,152.6,0,1,"2026-09-27"
"8056597792394","Versace","premium","VE4437U","women",376,263.2,1,1,"2026-09-27"
"8056597800006","Dolce&Gabbana","luxury","DG4384","women",305,152.5,0,1,"2026-09-27"
"8056597801706","Ray-Ban","mid","New Clubmaster","unisex",244,170.8,1,1,"2026-09-27"
"8056597807289","Tiffany & Co.","luxury","TF3091","women",548,548,0,0,"2026-09-27"
"8056597808187","Persol","luxury","PO3292S","unisex",393,393,0,0,"2026-09-27"
"8056597808637","Persol","luxury","PO3286S","unisex",333,333,0,0,"2026-09-27"
"8056597808651","Persol","luxury","PO3272S","unisex",427,427,1,0,"2026-09-27"
"8056597809108","Ralph","budget","RA5301U","women",106,106,0,0,"2026-09-27"
"8056597809702","Ralph","budget","RA5298U","women",137,137,1,0,"2026-09-27"
"8056597812849","Ralph","budget","RA5150","women",106,106,0,0,"2026-09-27"
"8056597813891","Vogue Eyewear","budget","VO5481S","women",112,78.4,1,1,"2026-09-27"
"8056597815024","Vogue Eyewear","budget","VO5476SB","women",130,65,1,1,"2026-09-27"
"8056597815390","Vogue Eyewear","budget","VO4277SB","women",111,55.5,0,1,"2026-09-27"
"8056597816090","Ralph","budget","RA5302U","women",120,60,1,1,"2026-09-27"
"8056597817073","Emporio Armani","mid","EA4197","men",192,192,0,0,"2026-09-27"
"8056597817974","Polo Ralph Lauren","mid","PH4198U","women",213,213,0,0,"2026-09-27"
"8056597818681","Persol","luxury","PO3316S","unisex",397,397,1,0,"2026-09-27"
"8056597819626","Emporio Armani","mid","EA4203U","women",221,221,0,0,"2026-09-27"
"8056597821582","Emporio Armani","mid","EK4002 Kids","men",94,94,0,0,"2026-09-27"
"8056597823005","Persol","luxury","PO3310S - Jean","unisex",457,457,1,0,"2026-09-27"
"8056597823081","Persol","luxury","PO3310S - Jean","unisex",393,393,0,0,"2026-09-27"
"8056597823227","Persol","luxury","PO3313S - Transitions®","unisex",482,241,0,1,"2026-09-27"
"8056597823432","Polo Ralph Lauren","mid","PH4197U","men",160,160,0,0,"2026-09-27"
"8056597823708","Persol","luxury","PO3315S","men",427,427,1,0,"2026-09-27"
"8056597823760","Persol","luxury","PO3315S","men",363,363,0,0,"2026-09-27"
"8056597826303","Vogue Eyewear","budget","VO5426S","women",77,38.5,0,1,"2026-09-27"
"8056597826365","Burberry","premium","Meryl","women",298,298,0,0,"2026-09-27"
"8056597826686","Burberry","premium","Briar","women",298,298,0,0,"2026-09-27"
"8056597827591","Giorgio Armani","luxury","AR8186U","men",356,356,0,0,"2026-09-27"
"8056597828871","Ray-Ban","mid","Erik","unisex",202,141.4,0,1,"2026-09-27"
"8056597828901","Ray-Ban","mid","Erik","unisex",255,178.5,1,1,"2026-09-27"
"8056597829137","Ray-Ban","mid","Warren Bio-Based","unisex",178,178,0,0,"2026-09-27"
"8056597829311","Ray-Ban","mid","Kiliane Bio-Based","unisex",215,215,1,0,"2026-09-27"
"8056597829335","Ray-Ban","mid","Kiliane Bio-Based","unisex",194,97,0,1,"2026-09-27"
"8056597829540","Ray-Ban","mid","Corrigan Bio-Based","unisex",178,124.6,0,1,"2026-09-27"
"8056597829724","Burberry","premium","Joni","women",373,261.1,0,1,"2026-09-27"
"8056597832267","Ralph Lauren","premium","The Ricky II","women",277,277,0,0,"2026-09-27"
"8056597832274","Ralph Lauren","premium","RL8212 The Ricky II","women",250,125,0,1,"2026-09-27"
"8056597832922","Burberry","premium","Peter","men",308,154,0,1,"2026-09-27"
"8056597832960","Burberry","premium","Harper","women",324,162,0,1,"2026-09-27"
"8056597834285","Ray-Ban","mid","RB3707","unisex",207,207,0,0,"2026-09-27"
"8056597834308","Ray-Ban","mid","RB3707 Polarized+ Lenses","unisex",261,261,1,0,"2026-09-27"
"8056597834636","Giorgio Armani","luxury","AR8180","women",831,415.5,0,1,"2026-09-27"
"8056597834650","Giorgio Armani","luxury","AR8180","women",449,314.3,0,1,"2026-09-27"
"8056597835404","Versace","premium","VE4441","women",354,247.8,0,1,"2026-09-27"
"8056597835572","Ray-Ban","mid","RB3706 Polarized+ Lenses","unisex",261,130.5,1,1,"2026-09-27"
"8056597835688","Ray-Ban","mid","RB3717","unisex",202,141.4,0,1,"2026-09-27"
"8056597835718","Ray-Ban","mid","RB3717","unisex",202,202,0,0,"2026-09-27"
"8056597835947","Burberry","premium","Wren","men",268,134,0,1,"2026-09-27"
"8056597835961","Burberry","premium","Micah","men",284,284,0,0,"2026-09-27"
"8056597836081","Versace","premium","VE4444U","women",384,192,0,1,"2026-09-27"
"8056597837187","Ray-Ban","mid","Mega Clubmaster","unisex",202,202,0,0,"2026-09-27"
"8056597837590","Burberry","premium","Joni","women",373,373,0,0,"2026-09-27"
"8056597838511","Versace","premium","VE2257","unisex",384,384,0,0,"2026-09-27"
"8056597839525","Dolce&Gabbana","luxury","DG4430","men",415,290.5,0,1,"2026-09-27"
"8056597839716","Dolce&Gabbana","luxury","DG4430F","men",415,415,0,0,"2026-09-27"
"8056597840200","Persol","luxury","PO1935S","unisex",333,233.1,0,1,"2026-09-27"
"8056597840354","Persol","luxury","PO1935S","unisex",397,277.9,1,1,"2026-09-27"
"8056597840675","Dolce&Gabbana","luxury","DG4434","women",414,207,0,1,"2026-09-27"
"8056597840903","Dolce&Gabbana","luxury","DG4436","women",434,217,0,1,"2026-09-27"
"8056597842310","Dolce&Gabbana","luxury","DG4431","men",415,415,0,0,"2026-09-27"
"8056597843089","Dolce&Gabbana","luxury","DG2296","men",442,221,1,1,"2026-09-27"
"8056597844475","Dolce&Gabbana","luxury","DG4437","women",354,354,0,0,"2026-09-27"
"8056597844482","Dolce&Gabbana","luxury","DG4437","women",354,247.8,0,1,"2026-09-27"
"8056597844659","Dolce&Gabbana","luxury","DG4439","women",354,354,0,0,"2026-09-27"
"8056597845373","Dolce&Gabbana","luxury","DG6184","men",354,247.8,0,1,"2026-09-27"
"8056597845380","Dolce&Gabbana","luxury","DG6184","men",354,354,0,0,"2026-09-27"
"8056597845830","Dolce&Gabbana","luxury","DG6187","women",354,354,0,0,"2026-09-27"
"8056597846073","Ray-Ban","mid","RB4401D","unisex",160,160,0,0,"2026-09-27"
"8056597846172","Ray-Ban","mid","RB3713D","unisex",178,178,0,0,"2026-09-27"
"8056597846363","Ray-Ban","mid","RB4379D","unisex",160,160,0,0,"2026-09-27"
"8056597848961","Versace","premium","VE4446","unisex",384,192,0,1,"2026-09-27"
"8056597849272","Dolce&Gabbana","luxury","DG4433","men",415,207.5,0,1,"2026-09-27"
"8056597849500","Persol","luxury","714SM - Steve McQueen","men",622,311,0,1,"2026-09-27"
"8056597850186","Giorgio Armani","luxury","AR8188","women",452,226,0,1,"2026-09-27"
"8056597850674","Giorgio Armani","luxury","AR8184U","men",543,380.1,1,1,"2026-09-27"
"8056597850742","Tiffany & Co.","luxury","TF3092","women",460,230,0,1,"2026-09-27"
"8056597850803","Tiffany & Co.","luxury","TF4205U","women",489,489,0,0,"2026-09-27"
"8056597850827","Tiffany & Co.","luxury","TF4205U","women",489,244.5,0,1,"2026-09-27"
"8056597850834","Tiffany & Co.","luxury","TF4205U","women",489,342.3,0,1,"2026-09-27"
"8056597850872","Versace","premium","VE4409","women",407,284.9,1,1,"2026-09-27"
"8056597850933","Prada Linea Rossa","luxury","PS 51XS","men",432,302.4,0,1,"2026-09-27"
"8056597850957","Giorgio Armani","luxury","AR8187U","women",802,401,0,1,"2026-09-27"
"8056597850971","Tiffany & Co.","luxury","TF4206U","women",460,460,0,0,"2026-09-27"
"8056597851411","Giorgio Armani","luxury","AR8183","unisex",479,239.5,0,1,"2026-09-27"
"8056597851459","Tiffany & Co.","luxury","TF4209D","women",513,513,1,0,"2026-09-27"
"8056597851909","Giorgio Armani","luxury","AR8182","women",479,239.5,0,1,"2026-09-27"
"8056597851961","Giorgio Armani","luxury","AR8182","women",479,335.3,0,1,"2026-09-27"
"8056597852449","Tiffany & Co.","luxury","TF4208U","women",489,342.3,0,1,"2026-09-27"
"8056597852463","Tiffany & Co.","luxury","TF4208U Steve Mcqueen","women",489,244.5,0,1,"2026-09-27"
"8056597852708","Ray-Ban","mid","RB3715M Scuderia Ferrari Collection","women",240,240,0,0,"2026-09-27"
"8056597852739","Ray-Ban","mid","RB3715M Scuderia Ferrari Collection","men",240,240,0,0,"2026-09-27"
"8056597852777","Burberry","premium","Dionne","women",344,344,0,0,"2026-09-27"
"8056597853132","Versace","premium","VE4449D","women",354,354,0,0,"2026-09-27"
"8056597853248","Tiffany & Co.","luxury","TF4210D","women",430,430,0,0,"2026-09-27"
"8056597853590","Ray-Ban","mid","RB8331M Scuderia Ferrari Collection Polarized+ Lenses","unisex",383,383,1,0,"2026-09-27"
"8056597853606","Ray-Ban","mid","RB8331M Scuderia Ferrari Collection","unisex",313,313,0,0,"2026-09-27"
"8056597854443","Ray-Ban","mid","Kiliane Bio-Based","women",178,178,0,0,"2026-09-27"
"8056597856393","Ray-Ban","mid","Mega Wayfarer Bio-Based","unisex",202,141.4,0,1,"2026-09-27"
"8056597856409","Ray-Ban","mid","Mega Wayfarer Bio-Based","unisex",202,202,0,0,"2026-09-27"
"8056597859585","Dolce&Gabbana","luxury","DG6187","women",354,247.8,0,1,"2026-09-27"
"8056597860628","Dolce&Gabbana","luxury","DG2298B","men",682,682,0,0,"2026-09-27"
"8056597870511","Dolce&Gabbana","luxury","DG4431F","men",415,415,0,0,"2026-09-27"
"8056597870801","Dolce&Gabbana","luxury","DG4438F","women",354,354,0,0,"2026-09-27"
"8056597874724","Prada","luxury","PR 22ZS","women",400,400,0,0,"2026-09-27"
"8056597874762","Prada","luxury","PR 22ZSF","women",400,400,0,0,"2026-09-27"
"8056597874878","Prada","luxury","PR 24ZS","women",429,429,0,0,"2026-09-27"
"8056597874885","Prada","luxury","PR 24ZS","women",429,300.3,0,1,"2026-09-27"
"8056597875226","Prada","luxury","PR 26ZS","women",548,548,0,0,"2026-09-27"
"8056597875264","Prada","luxury","PR 26ZSF","women",548,548,0,0,"2026-09-27"
"8056597875325","Prada","luxury","PR 27ZS","men",517,361.9,0,1,"2026-09-27"
"8056597875349","Prada","luxury","PR 27ZS","men",548,548,0,0,"2026-09-27"
"8056597875431","Prada","luxury","PR 27ZSF","men",548,548,0,0,"2026-09-27"
"8056597875455","Prada","luxury","PR 27ZSF","men",548,383.6,0,1,"2026-09-27"
"8056597875516","Prada","luxury","PR 28ZS","women",517,361.9,0,1,"2026-09-27"
"8056597875554","Prada","luxury","PR 28ZSF","women",548,383.6,0,1,"2026-09-27"
"8056597875837","Dolce&Gabbana","luxury","DG4416","women",336,336,0,0,"2026-09-27"
"8056597877329","Prada","luxury","PR 65ZS","women",429,429,0,0,"2026-09-27"
"8056597877442","Prada","luxury","PR 25ZS","men",578,404.6,0,1,"2026-09-27"
"8056597877909","Prada","luxury","PR 67ZS","unisex",542,542,1,0,"2026-09-27"
"8056597882972","Prada Linea Rossa","luxury","PS 05YS","men",370,370,0,0,"2026-09-27"
"8056597883023","Prada Linea Rossa","luxury","PS 06YS","women",370,370,0,0,"2026-09-27"
"8056597883344","Prada Linea Rossa","luxury","PS 50ZS","men",459,321.3,0,1,"2026-09-27"
"8056597883818","Burberry","premium","Joni","women",352,176,0,1,"2026-09-27"
"8056597883979","Prada Linea Rossa","luxury","PS 55YS","men",459,321.3,0,1,"2026-09-27"
"8056597884266","Prada Linea Rossa","luxury","PS 07YS","men",489,342.3,0,1,"2026-09-27"
"8056597886796","Miu Miu","luxury","MU 10YS","women",518,518,0,0,"2026-09-27"
"8056597886932","Miu Miu","luxury","MU 52YS","women",548,548,0,0,"2026-09-27"
"8056597888813","Ray-Ban","mid","Mega Clubmaster","unisex",255,178.5,1,1,"2026-09-27"
"8056597889612","Polo Ralph Lauren","mid","PH4199U","women",213,213,0,0,"2026-09-27"
"8056597889827","Prada Linea Rossa","luxury","PS 05YSF","men",370,370,0,0,"2026-09-27"
"8056597894807","Versace","premium","VE4452","women",384,268.8,0,1,"2026-09-27"
"8056597896139","Burberry","premium","Meadow","women",352,176,0,1,"2026-09-27"
"8056597897396","Prada Linea Rossa","luxury","PS 05YS","men",423,423,1,0,"2026-09-27"
"8056597897419","Prada Linea Rossa","luxury","PS 05YS","men",412,288.4,0,1,"2026-09-27"
"8056597897433","Prada Linea Rossa","luxury","PS 05YSF","men",423,423,1,0,"2026-09-27"
"8056597897471","Prada Linea Rossa","luxury","PS 06YS","men",423,423,1,0,"2026-09-27"
"8056597898225","Versace","premium","VE4450","women",415,207.5,0,1,"2026-09-27"
"8056597898614","Miu Miu","luxury","MU 54YS","women",667,667,0,0,"2026-09-27"
"8056597899024","Burberry","premium","Helena","women",324,162,0,1,"2026-09-27"
"8056597899048","Prada","luxury","PR 23ZS","women",400,400,0,0,"2026-09-27"
"8056597901871","Ralph Lauren","premium","The Kiera","women",331,231.7,0,1,"2026-09-27"
"8056597901901","Ralph Lauren","premium","RL8218U The Kiera","women",331,165.5,0,1,"2026-09-27"
"8056597901925","Ralph Lauren","premium","The Isabel","women",331,331,0,0,"2026-09-27"
"8056597902052","Ray-Ban","mid","RB4171 Erika Disney's Mickey Mouse","women",241,168.7,1,1,"2026-09-27"
"8056597902298","Ralph Lauren","premium","The Vivienne","women",316,316,0,0,"2026-09-27"
"8056597903417","Ralph Lauren","premium","The Nikki","women",331,331,0,0,"2026-09-27"
"8056597903455","Ralph Lauren","premium","RL8217U The Nikki","women",331,165.5,0,1,"2026-09-27"
"8056597904261","Ralph","budget","RA4142","women",127,88.9,0,1,"2026-09-27"
"8056597904322","Ralph","budget","RA5305U","women",106,106,0,0,"2026-09-27"
"8056597904650","Ralph","budget","RA5304U","women",127,88.9,1,1,"2026-09-27"
"8056597905831","Ralph","budget","RA5138","women",127,127,1,0,"2026-09-27"
"8056597909556","Polo Ralph Lauren","mid","PH4205U","men",200,140,0,1,"2026-09-27"
"8056597910606","Ralph Lauren","premium","The Roadster","men",441,308.7,0,1,"2026-09-27"
"8056597913201","Polo Ralph Lauren","mid","PH4208U","men",173,173,0,0,"2026-09-27"
"8056597916073","Tiffany & Co.","luxury","TF3095","women",578,578,0,0,"2026-09-27"
"8056597916103","Tiffany & Co.","luxury","TF3095","women",578,404.6,0,1,"2026-09-27"
"8056597916127","Tiffany & Co.","luxury","TF3095","women",691,691,0,0,"2026-09-27"
"8056597916134","Tiffany & Co.","luxury","TF4213","women",519,363.3,0,1,"2026-09-27"
"8056597916301","Tiffany & Co.","luxury","TF3096","women",489,489,0,0,"2026-09-27"
"8056597916431","Polo Ralph Lauren","mid","PH4206","men",200,200,0,0,"2026-09-27"
"8056597916585","Tiffany & Co.","luxury","TF4212U","women",519,363.3,0,1,"2026-09-27"
"8056597916653","Tiffany & Co.","luxury","TF4214U","women",519,363.3,0,1,"2026-09-27"
"8056597916660","Tiffany & Co.","luxury","TF4214U","women",489,244.5,0,1,"2026-09-27"
"8056597916790","Tiffany & Co.","luxury","TF4215","women",572,400.4,1,1,"2026-09-27"
"8056597916882","Polo Ralph Lauren","mid","PH4208U","men",215,107.5,1,1,"2026-09-27"
"8056597916899","Tiffany & Co.","luxury","TF4216","women",474,474,0,0,"2026-09-27"
"8056597917063","Tiffany & Co.","luxury","TF4217","women",474,237,0,1,"2026-09-27"
"8056597918831","Ray-Ban","mid","Wayfarer Reverse","unisex",215,215,0,0,"2026-09-27"
"8056597918978","Ray-Ban","mid","Boyfriend Reverse","unisex",231,161.7,0,1,"2026-09-27"
"8056597919197","Tiffany & Co.","luxury","TF4216F","women",474,474,0,0,"2026-09-27"
"8056597919906","Armani Exchange","budget","AX2048S","men",111,111,0,0,"2026-09-27"
"8056597920254","Burberry","premium","BE4407","women",284,284,0,0,"2026-09-27"
"8056597920742","Versace","premium","VE2261","women",491,491,0,0,"2026-09-27"
"8056597921497","Burberry","premium","BE4408","women",324,162,0,1,"2026-09-27"
"8056597921947","Versace","premium","VE4454","women",415,207.5,0,1,"2026-09-27"
"8056597922197","Versace","premium","VE4457","men",392,196,0,1,"2026-09-27"
"8056597922241","Versace","premium","VE4459","unisex",460,322,0,1,"2026-09-27"
"8056597922265","Versace","premium","VE4459","unisex",460,460,0,0,"2026-09-27"
"8056597922340","Versace","premium","VE4458","women",460,230,0,1,"2026-09-27"
"8056597922371","Versace","premium","VE2264","unisex",538,538,0,0,"2026-09-27"
"8056597922388","Versace","premium","VE2264","unisex",538,376.6,0,1,"2026-09-27"
"8056597922562","Burberry","premium","BE4403","men",344,344,0,0,"2026-09-27"
"8056597922593","Burberry","premium","BE4403","men",344,172,0,1,"2026-09-27"
"8056597922791","Persol","luxury","PO3333S - Elio","unisex",393,393,0,0,"2026-09-27"
"8056597923897","Persol","luxury","PO3327S","unisex",486,486,1,0,"2026-09-27"
"8056597923927","Versace","premium","VE4455U","women",334,167,0,1,"2026-09-27"
"8056597923996","Burberry","premium","BE4406U","women",522,522,0,0,"2026-09-27"
"8056597924795","Persol","luxury","PO3336S","unisex",363,363,0,0,"2026-09-27"
"8056597924818","Persol","luxury","PO3336S","unisex",427,427,1,0,"2026-09-27"
"8056597925525","Versace","premium","VE4459F","unisex",460,322,0,1,"2026-09-27"
"8056597925549","Versace","premium","VE4459F","unisex",460,460,0,0,"2026-09-27"
"8056597925600","Armani Exchange","budget","AX4140SF","women",101,101,0,0,"2026-09-27"
"8056597925860","Armani Exchange","budget","AX2047S","men",91,91,0,0,"2026-09-27"
"8056597926249","Dolce&Gabbana","luxury","DG2298B","women",682,682,0,0,"2026-09-27"
"8056597926263","Burberry","premium","BE4402U","men",284,142,0,1,"2026-09-27"
"8056597926478","Dolce&Gabbana","luxury","DG6195","men",646,646,0,0,"2026-09-27"
"8056597926485","Dolce&Gabbana","luxury","DG6195","men",609,304.5,0,1,"2026-09-27"
"8056597926492","Dolce&Gabbana","luxury","DG4454","unisex",478,239,0,1,"2026-09-27"
"8056597929349","Ray-Ban","mid","RB4414M Scuderia Ferrari Collection","unisex",215,215,0,0,"2026-09-27"
"8056597929387","Ray-Ban","mid","RB4414M Scuderia Ferrari Collection Polarized+ Lenses","unisex",285,285,1,0,"2026-09-27"
"8056597930499","Ray-Ban","mid","RB4413M Scuderia Ferrari Collection","unisex",231,231,0,0,"2026-09-27"
"8056597931175","Ray-Ban","mid","RB3726M Scuderia Ferrari Collection Polarized+ Lenses","unisex",334,334,1,0,"2026-09-27"
"8056597931182","Ray-Ban","mid","RB3726M Scuderia Ferrari Collection","unisex",264,264,0,0,"2026-09-27"
"8056597932035","Vogue Eyewear","budget","VO5520S","women",98,98,1,0,"2026-09-27"
"8056597932202","Vogue Eyewear","budget","VO5525S","women",91,45.5,0,1,"2026-09-27"
"8056597933179","Vogue Eyewear","budget","VO5530S","men",100,70,0,1,"2026-09-27"
"8056597933230","Vogue Eyewear","budget","VO5524S","women",91,63.7,0,1,"2026-09-27"
"8056597934183","Vogue Eyewear","budget","VO4284S","women",100,100,0,0,"2026-09-27"
"8056597934190","Vogue Eyewear","budget","VO4284S","women",100,70,0,1,"2026-09-27"
"8056597934435","Burberry","premium","BE4405","women",352,176,0,1,"2026-09-27"
"8056597935173","Dolce&Gabbana","luxury","DG4442","women",363,181.5,0,1,"2026-09-27"
"8056597935296","Persol","luxury","PO3328S","men",486,486,1,0,"2026-09-27"
"8056597935654","Ray-Ban","mid","RB3719","unisex",244,170.8,1,1,"2026-09-27"
"8056597935890","Ray-Ban","mid","RB3809","unisex",207,144.9,0,1,"2026-09-27"
"8056597936026","Ray-Ban","mid","RB3765","unisex",229,160.3,0,1,"2026-09-27"
"8056597936064","Ray-Ban","mid","RB3765","unisex",218,218,0,0,"2026-09-27"
"8056597936088","Ray-Ban","mid","Mega Hawkeye","unisex",255,255,1,0,"2026-09-27"
"8056597936125","Ray-Ban","mid","Mega Hawkeye","unisex",202,202,0,0,"2026-09-27"
"8056597936156","Ray-Ban","mid","Bill One","unisex",244,244,1,0,"2026-09-27"
"8056597936361","Ray-Ban","mid","RB4407","unisex",215,107.5,1,1,"2026-09-27"
"8056597936408","Ray-Ban","mid","RB2204","unisex",244,244,1,0,"2026-09-27"
"8056597936460","Ray-Ban","mid","RB2203","unisex",207,207,0,0,"2026-09-27"
"8056597936590","Dolce&Gabbana","luxury","DG4451F","men",415,415,0,0,"2026-09-27"
"8056597936613","Dolce&Gabbana","luxury","DG4451F","men",415,207.5,0,1,"2026-09-27"
"8056597936620","Ray-Ban","mid","RB3721","unisex",215,215,0,0,"2026-09-27"
"8056597937184","Swarovski","premium","SK6002","women",282,197.4,0,1,"2026-09-27"
"8056597937207","Swarovski","premium","SK6002","women",282,141,0,1,"2026-09-27"
"8056597939164","Ray-Ban","mid","RB4428","unisex",231,231,1,0,"2026-09-27"
"8056597939379","Ray-Ban","mid","Boyfriend Two","unisex",178,89,0,1,"2026-09-27"
"8056597939461","Ray-Ban","mid","Boyfriend Two","unisex",231,231,1,0,"2026-09-27"
"8056597939973","Ray-Ban","mid","RB3721 Polarized+ Lenses","unisex",285,285,1,0,"2026-09-27"
"8056597940429","Giorgio Armani","luxury","AR8195U","women",572,400.4,0,1,"2026-09-27"
"8056597940481","Giorgio Armani","luxury","AR8194U","men",572,400.4,0,1,"2026-09-27"
"8056597940504","Giorgio Armani","luxury","AR8194U","men",540,270,0,1,"2026-09-27"
"8056597940702","Tiffany & Co.","luxury","TF4217","women",474,331.8,0,1,"2026-09-27"
"8056597942119","Giorgio Armani","luxury","AR8193U","women",572,400.4,0,1,"2026-09-27"
"8056597942140","Giorgio Armani","luxury","AR8193U","women",540,270,0,1,"2026-09-27"
"8056597942461","Giorgio Armani","luxury","AR8196","men",423,211.5,0,1,"2026-09-27"
"8056597942485","Versace","premium","VE2262","men",463,231.5,0,1,"2026-09-27"
"8056597942669","Giorgio Armani","luxury","AR8197","men",449,314.3,0,1,"2026-09-27"
"8056597943079","Dolce&Gabbana","luxury","DG4439","women",334,167,0,1,"2026-09-27"
"8056597943338","Giorgio Armani","luxury","AR6150","men",387,387,0,0,"2026-09-27"
"8056597943598","Ray-Ban","mid","RB4418D","unisex",178,178,0,0,"2026-09-27"
"8056597943635","Burberry","premium","BE4407F","women",284,284,0,0,"2026-09-27"
"8056597944885","Dolce&Gabbana","luxury","DG2298B","unisex",644,322,0,1,"2026-09-27"
"8056597945035","Giorgio Armani","luxury","AR6152","women",481,240.5,0,1,"2026-09-27"
"8056597945066","Giorgio Armani","luxury","AR6153","women",481,240.5,0,1,"2026-09-27"
"8056597945073","Giorgio Armani","luxury","AR6153","women",510,357,0,1,"2026-09-27"
"8056597945257","Dolce&Gabbana","luxury","DG4443","women",363,181.5,0,1,"2026-09-27"
"8056597945288","Ray-Ban","mid","RB3724D","unisex",178,178,0,0,"2026-09-27"
"8056597945370","Dolce&Gabbana","luxury","DG4451","men",442,221,1,1,"2026-09-27"
"8056597945387","Burberry","premium","BE4411D","women",314,314,0,0,"2026-09-27"
"8056597946582","Dolce&Gabbana","luxury","DG4447B","women",1121,560.5,0,1,"2026-09-27"
"8056597946643","Dolce&Gabbana","luxury","DG4446B","women",478,239,0,1,"2026-09-27"
"8056597946674","Dolce&Gabbana","luxury","DG4446B","women",507,507,0,0,"2026-09-27"
"8056597946681","Dolce&Gabbana","luxury","DG4446B","women",507,354.9,0,1,"2026-09-27"
"8056597946704","Prada","luxury","PR A08S","women",563,394.1,0,1,"2026-09-27"
"8056597947640","Dolce&Gabbana","luxury","DG4448","women",384,268.8,0,1,"2026-09-27"
"8056597947824","Dolce&Gabbana","luxury","DG4449","women",384,384,0,0,"2026-09-27"
"8056597947855","Dolce&Gabbana","luxury","DG4449","women",384,268.8,0,1,"2026-09-27"
"8056597947916","Dolce&Gabbana","luxury","DG4450","women",384,192,0,1,"2026-09-27"
"8056597947923","Dolce&Gabbana","luxury","DG4450","women",384,268.8,0,1,"2026-09-27"
"8056597948111","Emporio Armani","mid","EA4208","men",248,173.6,1,1,"2026-09-27"
"8056597948166","Emporio Armani","mid","EA4208","men",206,144.2,0,1,"2026-09-27"
"8056597948579","Ray-Ban","mid","RB2204 Transitions®","unisex",308,154,0,1,"2026-09-27"
"8056597948678","Ray-Ban","mid","Erika Classic","women",176,123.2,0,1,"2026-09-27"
"8056597948838","Ray-Ban","mid","Jim","unisex",207,207,0,0,"2026-09-27"
"8056597949620","Versace","premium","VE4461","unisex",460,322,0,1,"2026-09-27"
"8056597949903","Dolce&Gabbana","luxury","DG6189U","women",384,268.8,0,1,"2026-09-27"
"8056597949910","Dolce&Gabbana","luxury","DG6189U","women",384,192,0,1,"2026-09-27"
"8056597949958","Dolce&Gabbana","luxury","DG4452","men",415,290.5,0,1,"2026-09-27"
"8056597949989","Dolce&Gabbana","luxury","DG4452","men",442,221,1,1,"2026-09-27"
"8056597951180","Ray-Ban","mid","New Wayfarer The Little Mermaid","unisex",273,191.1,1,1,"2026-09-27"
"8056597951395","Swarovski","premium","SK6006","women",429,429,0,0,"2026-09-27"
"8056597951593","Emporio Armani","mid","EA4214U","women",251,251,0,0,"2026-09-27"
"8056597951647","Dolce&Gabbana","luxury","DG6190","unisex",384,192,0,1,"2026-09-27"
"8056597952613","Burberry","premium","Carnaby","men",284,284,0,0,"2026-09-27"
"8056597952644","Emporio Armani","mid","EA4216U","men",264,132,0,1,"2026-09-27"
"8056597953597","Giorgio Armani","luxury","AR8203","men",541,378.7,0,1,"2026-09-27"
"8056597953658","Giorgio Armani","luxury","AR8195U","women",540,270,0,1,"2026-09-27"
"8056597954907","Ray-Ban","mid","Jim Titanium Polarized+ Lenses","unisex",536,268,1,1,"2026-09-27"
"8056597955331","Diesel","mid","DL2003","men",186,186,0,0,"2026-09-27"
"8056597955393","Diesel","mid","DL1004","unisex",260,260,0,0,"2026-09-27"
"8056597955553","Diesel","mid","DL1003","unisex",260,260,0,0,"2026-09-27"
"8056597955799","Swarovski","premium","SK7007","women",233,116.5,0,1,"2026-09-27"
"8056597957540","Ray-Ban","mid","Mega Hawkeye","unisex",202,141.4,0,1,"2026-09-27"
"8056597957892","Ray-Ban","mid","Boyfriend Two","unisex",231,231,1,0,"2026-09-27"
"8056597958202","Swarovski","premium","SK6013","women",344,344,1,0,"2026-09-27"
"8056597959322","Ray-Ban","mid","RB4420","unisex",160,80,0,1,"2026-09-27"
"8056597959339","Ray-Ban","mid","RB4420","unisex",160,160,0,0,"2026-09-27"
"8056597959551","Swarovski","premium","SK6004","women",233,233,1,0,"2026-09-27"
"8056597959582","Swarovski","premium","SK6004","women",196,137.2,0,1,"2026-09-27"
"8056597959629","Swarovski","premium","SK6003","women",196,196,0,0,"2026-09-27"
"8056597959636","Swarovski","premium","SK6003","women",196,137.2,0,1,"2026-09-27"
"8056597960069","Swarovski","premium","SK6005","women",196,196,0,0,"2026-09-27"
"8056597960090","Swarovski","premium","SK6005","women",196,137.2,0,1,"2026-09-27"
"8056597960410","Swarovski","premium","SK6010","women",307,153.5,0,1,"2026-09-27"
"8056597960441","Swarovski","premium","SK6011","women",282,282,0,0,"2026-09-27"
"8056597960564","Swarovski","premium","SK7011","women",429,214.5,0,1,"2026-09-27"
"8056597960793","Swarovski","premium","SK7003","women",282,282,0,0,"2026-09-27"
"8056597961738","Swarovski","premium","SK6001","women",282,197.4,0,1,"2026-09-27"
"8056597961752","Swarovski","premium","SK6001","women",282,282,0,0,"2026-09-27"
"8056597961783","Prada","luxury","PR A11S","unisex",545,381.5,0,1,"2026-09-27"
"8056597963732","Swarovski","premium","SK6008","women",258,129,0,1,"2026-09-27"
"8056597964159","Versace","premium","VE4461","unisex",460,460,0,0,"2026-09-27"
"8056597964463","Swarovski","premium","SK7009","women",368,184,0,1,"2026-09-27"
"8056597964999","Emporio Armani","mid","EK4002 Kids","men",94,65.8,0,1,"2026-09-27"
"8056597965507","Ray-Ban","mid","Bill One","unisex",281,196.7,1,1,"2026-09-27"
"8056597966634","Swarovski","premium","SK7011","women",466,466,0,0,"2026-09-27"
"8056597966658","Persol","luxury","PO3235S","unisex",457,457,1,0,"2026-09-27"
"8056597966689","Swarovski","premium","SK6006","women",429,214.5,0,1,"2026-09-27"
"8056597966696","Swarovski","premium","SK6010","women",307,307,0,0,"2026-09-27"
"8056597967198","Burberry","premium","BE4415U","unisex",463,231.5,0,1,"2026-09-27"
"8056597967396","Prada Linea Rossa","luxury","PS 01ZS","men",483,483,1,0,"2026-09-27"
"8056597967402","Prada Linea Rossa","luxury","PS 01ZS","men",451,315.7,0,1,"2026-09-27"
"8056597967525","Prada","luxury","PR A51S","women",563,563,0,0,"2026-09-27"
"8056597967532","Prada","luxury","PR A50S","women",581,406.7,1,1,"2026-09-27"
"8056597967648","Dolce&Gabbana","luxury","DG4458","unisex",392,196,0,1,"2026-09-27"
"8056597967877","Prada","luxury","PR A02S","women",489,342.3,0,1,"2026-09-27"
"8056597967983","Prada","luxury","PR A01S","unisex",518,518,0,0,"2026-09-27"
"8056597967990","Prada","luxury","PR A01S","unisex",518,362.6,0,1,"2026-09-27"
"8056597968072","Prada","luxury","PR A04S","men",578,404.6,0,1,"2026-09-27"
"8056597970044","Swarovski","premium","SK7001","women",331,165.5,0,1,"2026-09-27"
"8056597970358","Prada","luxury","PR A06SF","men",548,548,0,0,"2026-09-27"
"8056597970396","Prada","luxury","PR A06S","men",548,383.6,0,1,"2026-09-27"
"8056597970402","Prada","luxury","PR A06S","men",548,548,0,0,"2026-09-27"
"8056597971072","Prada","luxury","PR A10S","men",493,345.1,1,1,"2026-09-27"
"8056597971348","Prada","luxury","PR A07S","women",563,394.1,0,1,"2026-09-27"
"8056597971553","Prada","luxury","PR A09S","women",563,394.1,0,1,"2026-09-27"
"8056597971607","Prada","luxury","PR A09SF","women",563,563,0,0,"2026-09-27"
"8056597971782","Prada Linea Rossa","luxury","PS 01ZSF","men",483,483,1,0,"2026-09-27"
"8056597971829","Prada","luxury","PR A05S","men",548,383.6,0,1,"2026-09-27"
"8056597972062","Prada","luxury","PR A12S","women",518,362.6,0,1,"2026-09-27"
"8056597972734","Prada","luxury","PR A02SF","women",518,518,0,0,"2026-09-27"
"8056597972796","Burberry","premium","BE4416U","unisex",463,231.5,0,1,"2026-09-27"
"8056597973113","Prada","luxury","PR A54S","men",631,631,1,0,"2026-09-27"
"8056597973298","Ray-Ban","mid","Larry Polarized+ Lenses","unisex",418,209,1,1,"2026-09-27"
"8056597974042","Dolce&Gabbana","luxury","DG4459","unisex",392,196,0,1,"2026-09-27"
"8056597974059","Dolce&Gabbana","luxury","DG4459","unisex",415,290.5,0,1,"2026-09-27"
"8056597975025","Emporio Armani","mid","EA4163","men",194,97,0,1,"2026-09-27"
"8056597975490","Prada","luxury","PR 20YS","men",370,370,0,0,"2026-09-27"
"8056597975506","Emporio Armani","mid","EA4060","women",234,234,1,0,"2026-09-27"
"8056597978774","Burberry","premium","BE4417U","unisex",522,261,0,1,"2026-09-27"
"8056597978835","Miu Miu","luxury","MU 02ZS","women",433,303.1,0,1,"2026-09-27"
"8056597979832","Armani Exchange","budget","AX4127SF","women",91,91,0,0,"2026-09-27"
"8056597980784","Giorgio Armani","luxury","AR6153","women",1171,1171,0,0,"2026-09-27"
"8056597980791","Giorgio Armani","luxury","AR6149","men",1555,1555,0,0,"2026-09-27"
"8056597980913","Versace","premium","VE4462","women",691,345.5,0,1,"2026-09-27"
"8056597982023","Emporio Armani","mid","EK4184 Kids","men",126,126,0,0,"2026-09-27"
"8056597982573","Alain Mikli","luxury","A05501","women",725,725,0,0,"2026-09-27"
"8056597982771","Alain Mikli","luxury","A05504","unisex",770,770,0,0,"2026-09-27"
"8056597982900","Ray-Ban","mid","Ray-Ban Meta (Gen 1) Headliner","unisex",224,224,0,0,"2026-09-27"
"8056597982924","Alain Mikli","luxury","A05503","women",725,725,0,0,"2026-09-27"
"8056597983044","Alain Mikli","luxury","A05502","women",770,770,0,0,"2026-09-27"
"8056597983310","Alain Mikli","luxury","A05505","unisex",663,663,1,0,"2026-09-27"
"8056597983563","Ray-Ban","mid","Ray-Ban Meta (Gen 1) Skyler","unisex",224,224,0,0,"2026-09-27"
"8056597984140","Persol","luxury","PO3345S","unisex",452,452,0,0,"2026-09-27"
"8056597984294","Persol","luxury","PO3350S","unisex",393,393,0,0,"2026-09-27"
"8056597985543","Persol","luxury","PO3343S","unisex",393,393,0,0,"2026-09-27"
"8056597985628","Persol","luxury","Ida","unisex",393,393,0,0,"2026-09-27"
"8056597985666","Persol","luxury","Ida","unisex",457,457,1,0,"2026-09-27"
"8056597985697","Prada","luxury","PR A50S","women",563,394.1,0,1,"2026-09-27"
"8056597988421","Ray-Ban","mid","Ray-Ban Meta (Gen 1) Wayfarer","unisex",247,247,1,0,"2026-09-27"
"8056597989060","Miu Miu","luxury","MU 06ZS","women",518,518,0,0,"2026-09-27"
"8056597989183","Persol","luxury","PO3341S","unisex",393,393,0,0,"2026-09-27"
"8056597989251","Miu Miu","luxury","MU 50ZS","women",545,381.5,0,1,"2026-09-27"
"8056597989275","Miu Miu","luxury","MU 04ZS","women",518,518,0,0,"2026-09-27"
"8056597991728","Miu Miu","luxury","MU 08ZS","women",518,362.6,0,1,"2026-09-27"
"8056597999502","Persol","luxury","PO0649 649 - Original","men",427,427,1,0,"2026-09-27"
"827934352537","Oliver Peoples","luxury","Gregory Peck Sun","unisex",516,516,0,0,"2026-09-27"
"827934360532","Oliver Peoples","luxury","OV1150S Clifton","men",537,537,0,0,"2026-09-27"
"827934386228","Oliver Peoples","luxury","OV1002S Benedict","men",514,514,1,0,"2026-09-27"
"827934404489","Oliver Peoples","luxury","OV5349S Remick","unisex",485,485,0,0,"2026-09-27"
"827934407442","Oliver Peoples","luxury","OV5355SU Roella","women",457,457,1,0,"2026-09-27"
"827934415454","Oliver Peoples","luxury","O'Malley Sun","men",578,578,1,0,"2026-09-27"
"827934418424","Oliver Peoples","luxury","OV5184S OP-505 Sun","men",555,555,0,0,"2026-09-27"
"827934418493","Oliver Peoples","luxury","OV5350S OP-506 Sun","men",555,555,0,0,"2026-09-27"
"827934426283","Oliver Peoples","luxury","OV5372SU Marianela","women",555,555,0,0,"2026-09-27"
"827934427914","Oliver Peoples","luxury","Oliver Sun","men",619,619,1,0,"2026-09-27"
"827934429512","Oliver Peoples","luxury","Forman L.A","unisex",526,526,1,0,"2026-09-27"
"827934429611","Oliver Peoples","luxury","Cary Grant Sun","unisex",578,578,1,0,"2026-09-27"
"827934431591","Oliver Peoples","luxury","OV5414SU Forman L.A","unisex",526,526,1,0,"2026-09-27"
"827934444430","Oliver Peoples","luxury","OV5393SU Oliver Sun","men",619,619,1,0,"2026-09-27"
"827934445086","Oliver Peoples","luxury","OV5419SU Lachman Sun","men",578,578,1,0,"2026-09-27"
"827934449701","Oliver Peoples","luxury","OV1186S Coleridge Sun","unisex",473,473,0,0,"2026-09-27"
"827934450554","Oliver Peoples","luxury","OV5436S Cary Grant 2 Sun","men",584,584,1,0,"2026-09-27"
"827934453302","Oliver Peoples","luxury","OV5444SU Casian","men",473,473,0,0,"2026-09-27"
"827934467330","Oliver Peoples","luxury","OV5004SU Riley Sun","unisex",537,537,1,0,"2026-09-27"
"827934467385","Oliver Peoples","luxury","OV5420SU Zarene","women",490,490,1,0,"2026-09-27"
"827934467873","Oliver Peoples","luxury","OV5471SU Sheldrake 1950","men",524,524,0,0,"2026-09-27"
"827934468412","Oliver Peoples","luxury","OV5382SU Boudreau L.A","unisex",446,446,0,0,"2026-09-27"
"827934470156","Oliver Peoples","luxury","OV5449SU Lynes Sun","men",524,524,0,0,"2026-09-27"
"827934470163","Oliver Peoples","luxury","OV5479SU Jesson","women",490,490,1,0,"2026-09-27"
"827934470392","Oliver Peoples","luxury","OV5478SU Dejeanne","women",490,490,1,0,"2026-09-27"
"827934470460","Oliver Peoples","luxury","OV5454SU Desmon Sun","unisex",578,578,1,0,"2026-09-27"
"827934470644","Oliver Peoples","luxury","OV5036S Sheldrake Sun","men",426,426,0,0,"2026-09-27"
"827934471146","Oliver Peoples","luxury","OV5456SU Gregory Peck 1962","unisex",524,524,0,0,"2026-09-27"
"827934471412","Oliver Peoples","luxury","OV5219SM Fairmont Sun-F","men",514,514,0,0,"2026-09-27"
"827934471719","Oliver Peoples","luxury","OV1307ST Adès","unisex",619,619,1,0,"2026-09-27"
"827934471733","Oliver Peoples","luxury","OV1306ST Altair","unisex",556,556,0,0,"2026-09-27"
"827934471764","Oliver Peoples","luxury","OV1306ST Altair","unisex",616,616,1,0,"2026-09-27"
"827934477179","Oliver Peoples","luxury","OV5393SF Oliver Sun-F","men",555,555,0,0,"2026-09-27"
"827934478503","Oliver Peoples","luxury","Finley 1993 Sun","unisex",555,555,0,0,"2026-09-27"
"827934478527","Oliver Peoples","luxury","OV5491SU Finley 1993 Sun","unisex",619,619,1,0,"2026-09-27"
"827934478572","Oliver Peoples","luxury","OV5491SU Finley 1993 Sun","unisex",555,555,0,0,"2026-09-27"
"827934478763","Oliver Peoples","luxury","OV5490SU Eadie","women",545,545,1,0,"2026-09-27"
"827934478886","Oliver Peoples","luxury","OV5459SU Romare Sun","unisex",578,578,1,0,"2026-09-27"
"827934478954","Oliver Peoples","luxury","OV1309ST Reymont","unisex",601,601,0,0,"2026-09-27"
"827934479333","Oliver Peoples","luxury","OV1311ST G.Ponti-4","unisex",740,740,0,0,"2026-09-27"
"827934479890","Oliver Peoples","luxury","OV5493SU Cassavet","women",559,559,0,0,"2026-09-27"
"827934479913","Oliver Peoples","luxury","OV1309ST Reymont","unisex",595,595,0,0,"2026-09-27"
"827934480056","Oliver Peoples","luxury","OV5498SU Merceaux","unisex",616,616,1,0,"2026-09-27"
"827934481749","Oliver Peoples","luxury","OV5514SU Kasdan","unisex",556,556,0,0,"2026-09-27"
"827934481770","Oliver Peoples","luxury","OP-13 Sun","unisex",619,619,1,0,"2026-09-27"
"827934481794","Oliver Peoples","luxury","OV5504SU OP-13 Sun","unisex",555,555,0,0,"2026-09-27"
"827934481800","Oliver Peoples","luxury","OV5504SU OP-13 Sun","unisex",619,619,1,0,"2026-09-27"
"827934481886","Oliver Peoples","luxury","OV5509SU Rorke","unisex",524,524,0,0,"2026-09-27"
"827934482111","Oliver Peoples","luxury","OV1320ST Dresner","unisex",589,589,0,0,"2026-09-27"
"827934482128","Oliver Peoples","luxury","OV1320ST Dresner","unisex",653,653,1,0,"2026-09-27"
"827934482302","Oliver Peoples","luxury","OV5510SU Davri","unisex",524,524,0,0,"2026-09-27"
"827934498983","Oliver Peoples","luxury","OV5529SU N.02 Sun","unisex",593,593,0,0,"2026-09-27"
"827934499003","Oliver Peoples","luxury","N.02 Sun","unisex",593,593,0,0,"2026-09-27"
"827934499133","Oliver Peoples","luxury","OV5524SU Birell Sun","unisex",511,511,0,0,"2026-09-27"
"827934499171","Oliver Peoples","luxury","Birell Sun","unisex",511,511,0,0,"2026-09-27"
"827934499362","Oliver Peoples","luxury","OV1331S Kierney Sun","unisex",482,482,0,0,"2026-09-27"
"827934499430","Oliver Peoples","luxury","OV5522SU Oliver Sixties Sun","unisex",619,619,1,0,"2026-09-27"
"827934499454","Oliver Peoples","luxury","OV5522SU Oliver Sixties Sun","unisex",559,559,0,0,"2026-09-27"
"827934499522","Oliver Peoples","luxury","OV5521SU Maysen","unisex",619,619,1,0,"2026-09-27"
"827934499546","Oliver Peoples","luxury","OV5521SU Maysen","unisex",559,559,0,0,"2026-09-27"
"827934499560","Oliver Peoples","luxury","OV5526SU Kienna","women",466,466,0,0,"2026-09-27"
"827934499591","Oliver Peoples","luxury","OV1329ST Rynn","unisex",630,630,0,0,"2026-09-27"
"827934499638","Oliver Peoples","luxury","Rynn","unisex",694,694,1,0,"2026-09-27"
"827934499683","Oliver Peoples","luxury","1998C","women",511,511,0,0,"2026-09-27"
"827934500129","Oliver Peoples","luxury","OV5298SU Finley Esq. Sun","unisex",407,407,0,0,"2026-09-27"
"827934501324","Oliver Peoples","luxury","OV5540SU Rosson Sun","unisex",578,578,1,0,"2026-09-27"
"827934501409","Oliver Peoples","luxury","OV5541SU Avelin","women",514,514,0,0,"2026-09-27"
"827934501492","Oliver Peoples","luxury","OV1336ST Rhydian","unisex",630,630,0,0,"2026-09-27"
"827934501515","Oliver Peoples","luxury","OV1335ST Rivetti","unisex",694,694,1,0,"2026-09-27"
"827934501997","Oliver Peoples","luxury","OV5546SU N.06 Sun","unisex",694,694,1,0,"2026-09-27"
"827934502147","Oliver Peoples","luxury","Rivetti","unisex",694,694,1,0,"2026-09-27"
"827934503977","Oliver Peoples","luxury","OV5555SU R-3","unisex",479,479,0,0,"2026-09-27"
"827934503991","Oliver Peoples","luxury","R-3","unisex",532,532,1,0,"2026-09-27"
"827934504004","Oliver Peoples","luxury","R-2","men",532,532,1,0,"2026-09-27"
"827934504028","Oliver Peoples","luxury","OV1343S R-2","men",479,479,0,0,"2026-09-27"
"827934504332","Oliver Peoples","luxury","OV5556S R-4","unisex",413,413,0,0,"2026-09-27"
"827934504974","Oliver Peoples","luxury","OV5562SU Errisson Sun","unisex",619,619,1,0,"2026-09-27"
"827934505001","Oliver Peoples","luxury","OV5562SU Errisson Sun","unisex",555,555,0,0,"2026-09-27"
"827934505070","Oliver Peoples","luxury","OV5564SU Ollice","unisex",619,619,1,0,"2026-09-27"
"827934505100","Oliver Peoples","luxury","OV5564SU Ollice","unisex",555,555,0,0,"2026-09-27"
"827934505308","Oliver Peoples","luxury","Lumar","women",514,514,0,0,"2026-09-27"
"827934505513","Oliver Peoples","luxury","OV1321ST TK-9 Sun Gold Plated","unisex",1644,1644,0,0,"2026-09-27"
"827934505537","Oliver Peoples","luxury","OV1318ST TK-8 Sun Gold Plated","unisex",1644,1644,0,0,"2026-09-27"
"827934505797","Oliver Peoples","luxury","Finley Esq. Sun","unisex",496,496,1,0,"2026-09-27"
"827934505872","Oliver Peoples","luxury","OV1347ST Estra","unisex",694,694,1,0,"2026-09-27"
"827934505896","Oliver Peoples","luxury","Estra","unisex",630,630,0,0,"2026-09-27"
"827934505940","Oliver Peoples","luxury","OV1349ST Avison","men",694,694,1,0,"2026-09-27"
"827934506015","Oliver Peoples","luxury","OV5557SU R-8","unisex",532,532,1,0,"2026-09-27"
"827934506299","Oliver Peoples","luxury","OV5565SU Lumar","women",578,578,1,0,"2026-09-27"
"827934506480","Oliver Peoples","luxury","Hayton 18k","unisex",912,912,1,0,"2026-09-27"
"827934506732","Oliver Peoples","luxury","R-7","unisex",413,413,0,0,"2026-09-27"
"827934507135","Oliver Peoples","luxury","R-10","unisex",479,479,0,0,"2026-09-27"
"827934507289","Oliver Peoples","luxury","OV5580SU Eyles","unisex",514,514,0,0,"2026-09-27"
"827934507296","Oliver Peoples","luxury","OV5581SU Paul Newman Sun","men",619,619,1,0,"2026-09-27"
"827934507302","Oliver Peoples","luxury","Paul Newman Sun","men",619,619,1,0,"2026-09-27"
"827934507326","Oliver Peoples","luxury","Paul Newman Sun","men",555,555,0,0,"2026-09-27"
"827934507425","Oliver Peoples","luxury","OV1358S Aero II","unisex",514,514,0,0,"2026-09-27"
"827934507647","Oliver Peoples","luxury","OV1356S Eylla","women",473,473,0,0,"2026-09-27"
"827934507685","Oliver Peoples","luxury","OV5590SU Maestro","unisex",740,740,0,0,"2026-09-27"
"827934507869","Oliver Peoples","luxury","OV5183S O'Malley Sun","men",514,514,0,0,"2026-09-27"
"827934507951","Oliver Peoples","luxury","TK-13","unisex",795,795,0,0,"2026-09-27"
"827934507975","Oliver Peoples","luxury","OV1353ST TK-13","unisex",795,795,0,0,"2026-09-27"
"827934508170","Oliver Peoples","luxury","R-12","unisex",479,479,0,0,"2026-09-27"
"827934508187","Oliver Peoples","luxury","OV5591SU R-12","unisex",479,479,0,0,"2026-09-27"
"827934508361","Oliver Peoples","luxury","OV5413SU Cary Grant Sun","unisex",514,514,0,0,"2026-09-27"
"827934508521","Oliver Peoples","luxury","Mr. Federer II","men",532,532,1,0,"2026-09-27"
"827934508767","Oliver Peoples","luxury","OV5592S Mr. Federer II","men",479,479,0,0,"2026-09-27"
"827934508781","Oliver Peoples","luxury","OV5589SU R-13","unisex",479,479,0,0,"2026-09-27"
"827934509252","Oliver Peoples","luxury","OV5590SM M∆estro","unisex",2728,2728,0,0,"2026-09-27"
"827934509283","Oliver Peoples","luxury","OV5588SU N.08 Sun","unisex",630,630,0,0,"2026-09-27"
"827934509313","Oliver Peoples","luxury","N.08 Sun","unisex",767,767,0,0,"2026-09-27"
"827934509962","Oliver Peoples","luxury","R-16","men",532,532,1,0,"2026-09-27"
"827934523111","Oliver Peoples","luxury","OV5332SU Ryce Sun","unisex",473,473,0,0,"2026-09-27"
"827934523449","Oliver Peoples","luxury","OV5598SU Emryn","unisex",619,619,1,0,"2026-09-27"
"827934523456","Oliver Peoples","luxury","OV5598SU Emryn","unisex",555,555,0,0,"2026-09-27"
"827934524026","Oliver Peoples","luxury","Mr. Federer","men",532,532,1,0,"2026-09-27"
"827934524217","Oliver Peoples","luxury","OV5393SU Oliver Sun","men",555,555,0,0,"2026-09-27"
"827934524675","Oliver Peoples","luxury","OV5553SU Mr. Federer","men",585,585,0,0,"2026-09-27"
"827934525023","Oliver Peoples","luxury","OV1362S R-15","men",585,585,0,0,"2026-09-27"
"827934525061","Oliver Peoples","luxury","Edition 2","unisex",795,795,0,0,"2026-09-27"
"827934525139","Oliver Peoples","luxury","Edition 1","women",740,740,0,0,"2026-09-27"
"827934525177","Oliver Peoples","luxury","Edition 6","unisex",740,740,0,0,"2026-09-27"
"827934525344","Oliver Peoples","luxury","OV1365ST TK-15","unisex",808,808,0,0,"2026-09-27"
"827934525351","Oliver Peoples","luxury","OV1364ST TK-14","unisex",808,808,0,0,"2026-09-27"
"827934525672","Oliver Peoples","luxury","OV1377S R-17","men",479,479,0,0,"2026-09-27"
"827934526020","Oliver Peoples","luxury","OV5615SU Lerrue","women",578,578,1,0,"2026-09-27"
"827934526037","Oliver Peoples","luxury","OV5613SU Estin","men",619,619,1,0,"2026-09-27"
"827934526044","Oliver Peoples","luxury","OV5613SU Estin","men",555,555,0,0,"2026-09-27"
"827934526129","Oliver Peoples","luxury","OV5624SU R-19","unisex",585,585,0,0,"2026-09-27"
"827934526242","Oliver Peoples","luxury","OV5614SU Laedin","unisex",578,578,1,0,"2026-09-27"
"827934526341","Oliver Peoples","luxury","OV1373S Victory II","unisex",514,514,0,0,"2026-09-27"
"827934527683","Oliver Peoples","luxury","OV1377S R-17","men",616,616,1,0,"2026-09-27"
"827934527690","Oliver Peoples","luxury","OV5624SU R-19","unisex",616,616,1,0,"2026-09-27"
"827934528383","Oliver Peoples","luxury","Brunner","men",630,630,0,0,"2026-09-27"
"827934528482","Oliver Peoples","luxury","Larell","women",619,619,1,0,"2026-09-27"
"827934528505","Oliver Peoples","luxury","Larell","women",555,555,0,0,"2026-09-27"
"827934528789","Oliver Peoples","luxury","1997C","women",589,589,0,0,"2026-09-27"
"827934528888","Oliver Peoples","luxury","Brano","unisex",473,473,0,0,"2026-09-27"
"827934528963","Oliver Peoples","luxury","1983C","women",555,555,0,0,"2026-09-27"
"827934528970","Oliver Peoples","luxury","1969C","women",555,555,0,0,"2026-09-27"
"827934529007","Oliver Peoples","luxury","Sheldrake Sun","men",473,473,0,0,"2026-09-27"
"827934530416","Oliver Peoples","luxury","Edition 10","unisex",692,692,0,0,"2026-09-27"
"827934530447","Oliver Peoples","luxury","Edition 9","unisex",692,692,0,0,"2026-09-27"
"827934530522","Oliver Peoples","luxury","Elietta","women",578,578,1,0,"2026-09-27"
"827934530683","Oliver Peoples","luxury","Arliss","unisex",578,578,0,0,"2026-09-27"
"827934530744","Oliver Peoples","luxury","Edition 7","unisex",692,692,0,0,"2026-09-27"
"888392011671","Oakley","mid","Standard Issue Fuel Cell Cerakote™ Collection","men",236,236,1,0,"2026-09-27"
"888392013705","Oakley","mid","Drop In™","women",186,186,0,0,"2026-09-27"
"888392013767","Oakley","mid","Drop In™","women",186,130.2,0,1,"2026-09-27"
"888392014917","Arnette","budget","Fastball","women",115,115,1,0,"2026-09-27"
"888392082312","Oakley","mid","Canteen","men",239,239,1,0,"2026-09-27"
"888392082336","Oakley","mid","Chainlink™","men",246,246,1,0,"2026-09-27"
"888392097798","Oakley","mid","Catalyst® (Low Bridge Fit)","men",239,239,1,0,"2026-09-27"
"888392102799","Oakley","mid","Flight Deck™ L Snow Goggles","unisex",239,239,0,0,"2026-09-27"
"888392105271","Oakley","mid","Radar® EV Pitch®","unisex",244,244,0,0,"2026-09-27"
"888392141088","Oakley","mid","TwoFace™ Machinist Collection","men",204,204,0,0,"2026-09-27"
"888392149732","Oakley","mid","Flight Deck™ M Snow Goggles","unisex",239,239,0,0,"2026-09-27"
"888392175397","Oakley","mid","Line Miner™ L Snow Goggles","men",176,176,0,0,"2026-09-27"
"888392175519","Oakley","mid","OO7070 Line Miner™ L Snow Goggles","men",176,176,0,0,"2026-09-27"
"888392180520","Oakley","mid","Standard Issue Det Cort Industrial Safety","men",212,212,0,0,"2026-09-27"
"888392181077","Oakley","mid","Standard Issue M Frame® 2.0 Industrial","men",175,175,0,0,"2026-09-27"
"888392182937","Oakley","mid","Tombstone™ Spoil Industrial - Safety Glass","men",212,212,0,0,"2026-09-27"
"888392187628","Oakley","mid","EVZero™ Path® (Low Bridge Fit)","men",214,214,0,0,"2026-09-27"
"888392214621","Oakley","mid","Holbrook™ Steel Collection","men",237,237,1,0,"2026-09-27"
"888392228857","Oakley","mid","Standard Issue Det Cord™ USA Flag Collection - ANSI Z87.1 Stamped","men",212,212,0,0,"2026-09-27"
"888392229373","Oakley","mid","Standard Issue Speed Jacket™","men",321,321,1,0,"2026-09-27"
"888392235787","Oakley","mid","Standard Issue Fuel Cell Multicam® Alpine Collection","men",183,183,0,0,"2026-09-27"
"888392253026","Oakley","mid","Hold Out","women",186,130.2,0,1,"2026-09-27"
"888392253040","Oakley","mid","Hold Out","women",239,239,1,0,"2026-09-27"
"888392260109","Oakley","mid","Holbrook™","men",237,237,1,0,"2026-09-27"
"888392260475","Oakley","mid","Holbrook™ (Low Bridge Fit)","men",237,237,1,0,"2026-09-27"
"888392269775","Oakley","mid","Holbrook™ Metal","men",234,163.8,0,1,"2026-09-27"
"888392269805","Oakley","mid","Holbrook™ Metal","men",297,297,1,0,"2026-09-27"
"888392271334","Oakley","mid","Gauge 8","men",297,297,1,0,"2026-09-27"
"888392276414","Oakley","mid","Drop Point™","men",249,249,1,0,"2026-09-27"
"888392276445","Oakley","mid","Double Edge","men",175,175,0,0,"2026-09-27"
"888392279743","Oakley","mid","Feedback","women",286,286,1,0,"2026-09-27"
"888392279804","Oakley","mid","Crosshair","men",286,286,1,0,"2026-09-27"
"888392279958","Oakley","mid","Flak® 2.0 XL","unisex",267,267,1,0,"2026-09-27"
"888392279965","Oakley","mid","Flak® 2.0 XL","unisex",214,214,0,0,"2026-09-27"
"888392280015","Oakley","mid","Radar® EV Path®","unisex",297,297,1,0,"2026-09-27"
"888392280022","Oakley","mid","Radar® EV Path®","men",244,244,0,0,"2026-09-27"
"888392280091","Oakley","mid","Flak® 2.0 (Low Bridge Fit)","men",214,214,0,0,"2026-09-27"
"888392280121","Oakley","mid","RadarLock® Path® (Low Bridge Fit)","men",257,257,0,0,"2026-09-27"
"888392294111","Oakley","mid","Turbine Rotor","men",267,267,1,0,"2026-09-27"
"888392294845","Oakley","mid","Holbrook™ Mix","men",233,233,0,0,"2026-09-27"
"888392294869","Oakley","mid","Holbrook™ Mix","men",286,286,1,0,"2026-09-27"
"888392295088","Oakley","mid","EVZero™ Swift (Low Bridge Fit)","men",214,214,0,0,"2026-09-27"
"888392295095","Oakley","mid","EVZero™ Swift (Low Bridge Fit)","men",257,257,0,0,"2026-09-27"
"888392297051","Oakley","mid","Holbrook™ Jade Fade Collection","men",184,184,0,0,"2026-09-27"
"888392297181","Oakley","mid","Standard Issue Drop Point™ Multicam® Black Collection","men",196,196,0,0,"2026-09-27"
"888392318657","Arnette","budget","Fastball 2.0","unisex",103,103,1,0,"2026-09-27"
"888392320346","Oakley","mid","Holbrook™ Metal","men",234,234,0,0,"2026-09-27"
"888392320605","Oakley","mid","Flak® 2.0 XL","unisex",267,186.9,1,1,"2026-09-27"
"888392320957","Oakley","mid","Flak® 2.0 (Low Bridge Fit)","men",267,267,1,0,"2026-09-27"
"888392325914","Oakley","mid","Split Time","women",193,193,0,0,"2026-09-27"
"888392326904","Oakley","mid","Flak® 2.0 XL Black Camo Collection","unisex",214,214,0,0,"2026-09-27"
"888392326911","Oakley","mid","Holbrook™ Black Camo Collection","men",184,184,0,0,"2026-09-27"
"888392327024","Oakley","mid","Frogskins™","unisex",160,160,0,0,"2026-09-27"
"888392333360","Oakley","mid","Batwolf®","men",196,196,0,0,"2026-09-27"
"888392336491","Oakley","mid","Holbrook™ XL","men",237,237,1,0,"2026-09-27"
"888392349644","Oakley","mid","Frogskins™ (Low Bridge Fit)","men",160,160,0,0,"2026-09-27"
"888392350473","Oakley","mid","TwoFace™","men",204,204,0,0,"2026-09-27"
"888392356017","Oakley","mid","Flak® 2.0 XL Team Colors","unisex",214,214,0,0,"2026-09-27"
"888392356048","Oakley","mid","Radar® EV Path® Team Colors","women",244,244,0,0,"2026-09-27"
"888392356055","Oakley","mid","Radar® EV Path® Team Colors","men",244,244,0,0,"2026-09-27"
"888392356475","Oakley","mid","Standard Issue Drop Point™ American Heritage - Uncle Sam","men",196,196,0,0,"2026-09-27"
"888392356659","Oakley","mid","Radar® EV Pitch® Team Colors","unisex",244,244,0,0,"2026-09-27"
"888392374516","Oakley","mid","Holbrook™ Prizmatic Collection","men",237,237,1,0,"2026-09-27"
"888392374660","Oakley","mid","Split Shot","men",233,233,0,0,"2026-09-27"
"888392374677","Oakley","mid","Split Shot","men",286,200.2,1,1,"2026-09-27"
"888392374707","Oakley","mid","Split Shot","men",286,286,1,0,"2026-09-27"
"888392376978","Oakley","mid","Latch™ Beta","men",186,186,0,0,"2026-09-27"
"888392390875","Arnette","budget","Stripe","unisex",82,82,0,0,"2026-09-27"
"888392392183","Oakley","mid","Standard Issue Ballistic Det Cord™ Desert Collection","men",212,212,0,0,"2026-09-27"
"888392402349","Oakley","mid","Pitchman™ R","men",223,223,0,0,"2026-09-27"
"888392404756","Oakley","mid","Sutro","unisex",203,203,0,0,"2026-09-27"
"888392404862","Oakley","mid","Sutro (Low Bridge Fit)","men",203,203,0,0,"2026-09-27"
"888392406903","Oakley","mid","Latch™ (Low Bridge Fit)","men",249,249,1,0,"2026-09-27"
"888392407542","Oakley","mid","OO7099 Fall Line L Snow Goggles","unisex",239,239,0,0,"2026-09-27"
"888392408365","Oakley","mid","Eye Jacket™ Redux","women",186,186,0,0,"2026-09-27"
"888392408402","Oakley","mid","Eye Jacket™ Redux","men",249,249,1,0,"2026-09-27"
"888392411624","Oakley","mid","Latch™ Square (Low Bridge Fit)","men",249,249,1,0,"2026-09-27"
"888392425607","Oakley","mid","Split Time","women",267,267,1,0,"2026-09-27"
"888392428370","Oakley","mid","Mainlink™","men",267,267,1,0,"2026-09-27"
"888392434951","Oakley","mid","Radar® EV Path®","women",244,244,0,0,"2026-09-27"
"888392435019","Oakley","mid","Jawbreaker™","men",268,268,0,0,"2026-09-27"
"888392438720","Oakley","mid","EVZero™ Path® (Low Bridge Fit)","men",267,267,1,0,"2026-09-27"
"888392443793","Oakley","mid","O-Frame® 2.0 PRO XL Snow Goggles","unisex",125,125,0,0,"2026-09-27"
"888392447258","Oakley","mid","Line Miner™ L Snow Goggles","unisex",144,144,0,0,"2026-09-27"
"888392447265","Oakley","mid","Line Miner™ M Snow Goggles","unisex",144,144,0,0,"2026-09-27"
"888392454799","Oakley","mid","EVZero™ Blades","unisex",214,214,0,0,"2026-09-27"
"888392454843","Oakley","mid","EVZero™ Blades (Low Bridge Fit)","men",214,214,0,0,"2026-09-27"
"888392454874","Oakley","mid","EVZero™ Blades (Low Bridge Fit)","men",257,257,0,0,"2026-09-27"
"888392454935","Oakley","mid","Sylas","men",160,160,0,0,"2026-09-27"
"888392455017","Oakley","mid","Gibston","men",213,213,1,0,"2026-09-27"
"888392458841","Oakley","mid","Split Shot Woodgrain Collection","men",286,286,1,0,"2026-09-27"
"888392458889","Oakley","mid","Holbrook™ Woodgrain Collection","men",237,237,1,0,"2026-09-27"
"888392458926","Oakley","mid","Holbrook™ XL Woodgrain Collection","men",237,237,1,0,"2026-09-27"
"888392459237","Oakley","mid","Flight Tracker L Snow Goggles","unisex",163,163,0,0,"2026-09-27"
"888392459411","Oakley","mid","Flight Path L Factory Pilot Snow Goggles","men",261,261,0,0,"2026-09-27"
"888392459893","Oakley","mid","Clifden","unisex",244,244,0,0,"2026-09-27"
"888392459930","Oakley","mid","Clifden","women",297,297,1,0,"2026-09-27"
"888392460011","Oakley","mid","Flight Tracker M Factory Pilot Snow Goggles","men",206,206,0,0,"2026-09-27"
"888392464057","Oakley","mid","Deadbolt™","men",412,288.4,1,1,"2026-09-27"
"888392468123","Oakley","mid","Fall Line L Factory Pilot Snow Goggles","men",250,250,0,0,"2026-09-27"
"888392468161","Oakley","mid","Line Miner™ L Factory Pilot Snow Goggles","men",187,187,0,0,"2026-09-27"
"888392468185","Oakley","mid","Line Miner™ M Factory Pilot Snow Goggles","unisex",187,187,0,0,"2026-09-27"
"888392468222","Oakley","mid","Flight Deck™ L Factory Pilot Snow Goggles","unisex",250,250,0,0,"2026-09-27"
"888392468246","Oakley","mid","Flight Deck™ M Factory Pilot Snow Goggles","unisex",250,250,0,0,"2026-09-27"
"888392469182","Oakley","mid","Fall Line M Snow Goggles","unisex",239,239,0,0,"2026-09-27"
"888392474124","Oakley","mid","OO9102 Cleveland Browns Holbrook™","men",183,128.1,0,1,"2026-09-27"
"888392474230","Oakley","mid","OO9433 Chicago Bears Low Key","women",193,96.5,0,1,"2026-09-27"
"888392474247","Oakley","mid","OO9433 Dallas Cowboys Low Key","women",193,96.5,0,1,"2026-09-27"
"888392474254","Oakley","mid","OO9433 New England Patriots Low Key","women",193,96.5,0,1,"2026-09-27"
"888392474261","Oakley","mid","OO9433 New York Giants Low Key","women",193,96.5,0,1,"2026-09-27"
"888392474278","Oakley","mid","OO9433 New York Jets Low Key","women",193,96.5,0,1,"2026-09-27"
"888392474285","Oakley","mid","OO9433 Philadelphia Eagles Low Key","women",193,96.5,0,1,"2026-09-27"
"888392474292","Oakley","mid","OO9433 Pittsburgh Steelers Low Key","women",193,96.5,0,1,"2026-09-27"
"888392474346","Oakley","mid","OO9102 Indianapolis Colts Holbrook™","men",183,128.1,0,1,"2026-09-27"
"888392474742","Oakley","mid","OO9102 Minnesota Vikings Holbrook™","men",183,128.1,0,1,"2026-09-27"
"888392474780","Oakley","mid","OO9102 New York Jets Holbrook™","men",183,128.1,0,1,"2026-09-27"
"888392474858","Oakley","mid","OO9102 Tennessee Titans Holbrook™","men",183,128.1,0,1,"2026-09-27"
"888392477583","Oakley","mid","O-Frame® 2.0 PRO MTB Goggles","women",67,67,0,0,"2026-09-27"
"888392489104","Oakley","mid","Whisker","men",233,233,0,0,"2026-09-27"
"888392489128","Oakley","mid","Whisker","men",286,286,1,0,"2026-09-27"
"888392489173","Oakley","mid","Ejector","men",286,286,1,0,"2026-09-27"
"888392489180","Oakley","mid","Ejector","men",233,233,0,0,"2026-09-27"
"888392489289","Oakley","mid","Sutro S","unisex",203,203,0,0,"2026-09-27"
"888392489371","Oakley","mid","Sutro™ Lite","unisex",214,214,0,0,"2026-09-27"
"888392489449","Oakley","mid","Feedback","women",223,111.5,0,1,"2026-09-27"
"888392489579","Oakley","mid","Sutro Lite (Low Bridge Fit)","men",214,214,0,0,"2026-09-27"
"888392490582","Oakley","mid","Wheel House","men",233,116.5,0,1,"2026-09-27"
"888392490988","Oakley","mid","Sylas (Low Bridge Fit)","men",213,213,1,0,"2026-09-27"
"888392499240","Oakley","mid","TwoFace™","men",267,267,1,0,"2026-09-27"
"888392499837","Oakley","mid","Clifden","men",297,297,1,0,"2026-09-27"
"888392530530","Oakley","mid","Sutro™ Lite Sweep","unisex",214,214,0,0,"2026-09-27"
"888392538697","Oakley","mid","Atlanta Falcons Holbrook™","men",205,143.5,0,1,"2026-09-27"
"888392538703","Oakley","mid","OO9102 Baltimore Ravens Holbrook™","men",205,143.5,0,1,"2026-09-27"
"888392538727","Oakley","mid","OO9102 Carolina Panthers Holbrook™","men",205,143.5,0,1,"2026-09-27"
"888392538734","Oakley","mid","OO9102 Chicago Bears Holbrook™","men",205,143.5,0,1,"2026-09-27"
"888392538765","Oakley","mid","Dallas Cowboys Holbrook™","men",205,143.5,0,1,"2026-09-27"
"888392538819","Oakley","mid","Indianapolis Colts Holbrook™","men",205,143.5,0,1,"2026-09-27"
"888392538826","Oakley","mid","OO9102 Jacksonville Jaguars Holbrook™","men",205,143.5,0,1,"2026-09-27"
"888392538840","Oakley","mid","Los Angeles Chargers Holbrook™","men",205,143.5,0,1,"2026-09-27"
"888392538864","Oakley","mid","Las Vegas Raiders Holbrook™","men",205,143.5,0,1,"2026-09-27"
"888392538871","Oakley","mid","OO9102 Miami Dolphins Holbrook™","men",205,143.5,0,1,"2026-09-27"
"888392538888","Oakley","mid","Minnesota Vikings Holbrook™","men",205,143.5,0,1,"2026-09-27"
"888392538901","Oakley","mid","New Orleans Saints Holbrook™","men",205,143.5,0,1,"2026-09-27"
"888392538918","Oakley","mid","New York Giants Holbrook™","men",205,143.5,0,1,"2026-09-27"
"888392538925","Oakley","mid","New York Jets Holbrook™","men",205,143.5,0,1,"2026-09-27"
"888392538956","Oakley","mid","OO9102 Seattle Seahawks Holbrook™","men",205,143.5,0,1,"2026-09-27"
"888392538970","Oakley","mid","Tampa Bay Buccaneers Holbrook™","men",205,143.5,0,1,"2026-09-27"
"888392538987","Oakley","mid","Tennessee Titans Holbrook™","men",205,143.5,0,1,"2026-09-27"
"888392538994","Oakley","mid","Washington Football Team Holbrook™","men",182,127.4,0,1,"2026-09-27"
"888392539601","Oakley","mid","OO9406 Pittsburgh Steelers Sutro","men",203,142.1,0,1,"2026-09-27"
"888392539618","Oakley","mid","OO9406 Seattle Seahawks Sutro","men",203,142.1,0,1,"2026-09-27"
"888392539724","Oakley","mid","OO9433 Kansas City Chiefs Low Key","women",193,96.5,0,1,"2026-09-27"
"888392539748","Oakley","mid","OO9433 Las Vegas Raiders Low Key","women",193,96.5,0,1,"2026-09-27"
"888392539755","Oakley","mid","OO9433 Seattle Seahawks Low Key","women",193,96.5,0,1,"2026-09-27"
"888392545619","Oakley","mid","Turbine Rotor","men",214,214,0,0,"2026-09-27"
"888392546616","Oakley","mid","M2 Frame® XL","men",184,184,0,0,"2026-09-27"
"888392552303","Oakley","mid","Holbrook™ TI","unisex",346,346,1,0,"2026-09-27"
"888392552365","Oakley","mid","SI M Frame® 2.0 PPE Industrial","unisex",154,154,0,0,"2026-09-27"
"888392553874","Oakley","mid","Target Line L Snow Goggles","men",125,125,0,0,"2026-09-27"
"888392553928","Oakley","mid","Target Line M Snow Goggles","men",125,125,0,0,"2026-09-27"
"888392554116","Oakley","mid","Target Line L Snow Goggles","men",93,65.1,0,1,"2026-09-27"
"888392554123","Oakley","mid","Target Line M Snow Goggles","men",125,87.5,0,1,"2026-09-27"
"888392555007","Oakley","mid","Manorburn","unisex",150,150,0,0,"2026-09-27"
"888392555168","Oakley","mid","Spindrift","women",196,196,0,0,"2026-09-27"
"888392555205","Oakley","mid","Turbine","men",267,267,1,0,"2026-09-27"
"888392556110","Oakley","mid","OO9433 Baltimore Ravens Low Key","women",193,96.5,0,1,"2026-09-27"
"888392556707","Arnette","budget","Shyguy","unisex",103,103,1,0,"2026-09-27"
"888392557537","Oakley","mid","Standard Issue HNBL PPE Industrial Safety","men",223,223,0,0,"2026-09-27"
"888392557629","Oakley","mid","Encoder","unisex",293,146.5,0,1,"2026-09-27"
"888392558091","Oakley","mid","Wire Tap 2.0","men",244,244,0,0,"2026-09-27"
"888392558121","Oakley","mid","Wire Tap 2.0","men",297,297,1,0,"2026-09-27"
"888392558343","Oakley","mid","RadarLock® Path® (Low Bridge Fit)","women",310,310,1,0,"2026-09-27"
"888392559623","Oakley","mid","O-Frame® 2.0 PRO S Snow Goggles","men",68,68,0,0,"2026-09-27"
"888392559661","Oakley","mid","O-Frame® 2.0 PRO L Snow Goggles","men",68,68,0,0,"2026-09-27"
"888392559692","Oakley","mid","O-Frame® 2.0 PRO M Snow Goggles","unisex",68,68,0,0,"2026-09-27"
"888392561947","Oakley","mid","Contrail","men",286,143,1,1,"2026-09-27"
"888392562012","Oakley","mid","Ojector","men",237,237,1,0,"2026-09-27"
"888392562234","Oakley","mid","Sutro™ Lite (Low Bridge Fit)","unisex",214,214,0,0,"2026-09-27"
"888392564078","Oakley","mid","Latch™ (Low Bridge Fit) High Resolution Collection","unisex",196,196,0,0,"2026-09-27"
"888392564160","Arnette","budget","AN4269 Daemon - Exclusive","men",94,47,0,1,"2026-09-27"
"888392566478","Oakley","mid","Atlanta Falcons Gascan®","men",165,115.5,0,1,"2026-09-27"
"888392566553","Oakley","mid","Cleveland Browns Gascan®","men",165,115.5,0,1,"2026-09-27"
"888392566652","Oakley","mid","Indianapolis Colts Gascan®","men",165,115.5,0,1,"2026-09-27"
"888392566676","Oakley","mid","Jacksonville Jaguars Gascan®","men",165,115.5,0,1,"2026-09-27"
"888392566775","Oakley","mid","New Orleans Saints Gascan®","men",165,115.5,0,1,"2026-09-27"
"888392566799","Oakley","mid","New York Jets Gascan®","men",165,115.5,0,1,"2026-09-27"
"888392566898","Oakley","mid","Washington Football Team Gascan®","men",160,112,0,1,"2026-09-27"
"888392568922","Oakley","mid","Holbrook™ Kokoro Collection","men",187,130.9,0,1,"2026-09-27"
"888392568939","Oakley","mid","Frogskins™ Kokoro Collection","men",164,114.8,0,1,"2026-09-27"
"888392570109","Arnette","budget","Cortex","unisex",77,77,0,0,"2026-09-27"
"888392570468","Arnette","budget","Uka-Uka","unisex",98,98,1,0,"2026-09-27"
"888392570994","Oakley","mid","Flight Path L Snow Goggles","men",218,218,0,0,"2026-09-27"
"888392571748","Oakley","mid","Target Line S Snow Goggles","men",125,125,0,0,"2026-09-27"
"888392574008","Oakley","mid","Flight Path L Snow Goggles","men",250,250,0,0,"2026-09-27"
"888392574015","Oakley","mid","Flight Path L Snow Goggles","men",236,118,0,1,"2026-09-27"
"888392576897","Oakley","mid","Spindrift","women",249,174.3,1,1,"2026-09-27"
"888392577184","Oakley","mid","Radar® EV Path® High Resolution Collection","unisex",297,297,1,0,"2026-09-27"
"888392578563","Arnette","budget","AN4293 Gto","unisex",99,49.5,0,1,"2026-09-27"
"888392578570","Arnette","budget","Gto","unisex",99,49.5,0,1,"2026-09-27"
"888392578655","Arnette","budget","AN4294 TYPE Z","men",99,49.5,0,1,"2026-09-27"
"888392581211","Oakley","mid","Leffingwell","men",237,237,1,0,"2026-09-27"
"888392584472","Arnette","budget","Bandra","unisex",110,110,1,0,"2026-09-27"
"888392584854","Arnette","budget","Snap II","women",77,77,0,0,"2026-09-27"
"888392585530","Oakley","mid","Frogskins™ Lite","unisex",162,162,0,0,"2026-09-27"
"888392585547","Oakley","mid","Frogskins™ (Low Bridge Fit)","women",150,150,0,0,"2026-09-27"
"888392586032","Oakley","mid","OO9463 Baltimore Ravens Sutro Lite","unisex",214,149.8,0,1,"2026-09-27"
"888392586049","Oakley","mid","OO9463 Chicago Bears Sutro Lite","unisex",214,149.8,0,1,"2026-09-27"
"888392586100","Oakley","mid","OO9463 New Orleans Saints Sutro Lite","unisex",214,149.8,0,1,"2026-09-27"
"888392586124","Oakley","mid","Philadelphia Eagles Sutro Lite","unisex",214,149.8,0,1,"2026-09-27"
"888392586131","Oakley","mid","OO9463 Pittsburgh Steelers Sutro Lite","unisex",214,149.8,0,1,"2026-09-27"
"888392586155","Oakley","mid","Seattle Seahawks Sutro Lite","unisex",214,149.8,0,1,"2026-09-27"
"888392588920","Oakley","mid","She's Unstoppable","women",257,257,1,0,"2026-09-27"
"888392589101","Oakley","mid","Sutro TI","men",293,293,0,0,"2026-09-27"
"888392590848","Oakley","mid","Sutro (Low Bridge Fit)","women",235,235,0,0,"2026-09-27"
"888392591067","Oakley","mid","Kaast","men",265,132.5,0,1,"2026-09-27"
"888392593405","Oakley","mid","Holbrook™","men",237,165.9,1,1,"2026-09-27"
"888392593436","Oakley","mid","Hydra","men",196,196,0,0,"2026-09-27"
"888392593603","Oakley","mid","Oakley Kato","unisex",348,348,0,0,"2026-09-27"
"888392594150","Oakley","mid","Latch™","men",249,249,1,0,"2026-09-27"
"888392596291","Oakley","mid","Holbrook™ Gaming Collection","men",184,184,0,0,"2026-09-27"
"888392596383","Oakley","mid","Holbrook™ (Low Bridge Fit) Gaming Collection","men",184,184,0,0,"2026-09-27"
"888392596567","Oakley","mid","Castel","men",237,165.9,1,1,"2026-09-27"
"888392597052","Oakley","mid","Flight Tracker M Snow Goggles","unisex",195,195,0,0,"2026-09-27"
"888392597076","Oakley","mid","Fall Line L Snow Goggles","unisex",239,239,0,0,"2026-09-27"
"888392597588","Oakley","mid","Sutro TI Patrick Mahomes II Collection","men",314,314,0,0,"2026-09-27"
"888392598004","Oakley","mid","Flight Tracker L Snow Goggles","unisex",195,136.5,0,1,"2026-09-27"
"888392599643","Oakley","mid","Target Line L Snow Goggles","women",114,114,0,0,"2026-09-27"
"888392601605","Oakley","mid","Heliostat","men",213,213,1,0,"2026-09-27"
"888392601629","Oakley","mid","Encoder Strike","men",293,293,0,0,"2026-09-27"
"888392601759","Oakley","mid","BXTR Metal","men",233,233,0,0,"2026-09-27"
"888392601834","Oakley","mid","HSTN Metal","unisex",233,233,0,0,"2026-09-27"
"888392601865","Oakley","mid","HSTN","men",249,249,1,0,"2026-09-27"
"888392602756","Oakley","mid","Corridor","men",244,170.8,0,1,"2026-09-27"
"888392602923","Oakley","mid","Actuator","men",249,174.3,1,1,"2026-09-27"
"888392602954","Oakley","mid","Actuator","men",196,98,0,1,"2026-09-27"
"888392603111","Oakley","mid","HSTN (Low Bridge Fit)","unisex",196,196,0,0,"2026-09-27"
"888392603616","Oakley","mid","Corridor (Low Bridge Fit)","men",244,244,0,0,"2026-09-27"
"888392604286","Arnette","budget","Thekidd","men",111,77.7,0,1,"2026-09-27"
"888392605146","Oakley","mid","Actuator (Low Bridge Fit)","men",249,249,1,0,"2026-09-27"
"888392605245","Oakley","mid","Kylian Mbappé Signature Series HSTN","men",217,217,0,0,"2026-09-27"
"888392608819","Oakley","mid","Thurso","men",233,233,0,0,"2026-09-27"
"888392608826","Oakley","mid","Thurso","men",286,286,1,0,"2026-09-27"
"888392608840","Oakley","mid","Thurso","men",233,163.1,0,1,"2026-09-27"
"888392608871","Oakley","mid","Thurso Re-Discover Collection","men",233,233,0,0,"2026-09-27"
"888392608895","Oakley","mid","Sutro™ Lite Sweep Re-Discover Collection","men",214,214,0,0,"2026-09-27"
"888392609090","Oakley","mid","Thurso (Low Bridge Fit)","men",233,233,0,0,"2026-09-27"
"888392609106","Oakley","mid","Thurso (Low Bridge Fit)","men",286,286,1,0,"2026-09-27"
"888392609991","Oakley","mid","Frogskins™ Range","men",196,137.2,0,1,"2026-09-27"
"888392610973","Oakley","mid","Helux Gaming Collection","men",184,184,0,0,"2026-09-27"
"888392612014","Oakley","mid","Sielo","women",257,257,1,0,"2026-09-27"
"888392612052","Oakley","mid","Sielo","women",214,214,0,0,"2026-09-27"
"888392614209","Oakley","mid","Sutro Lite Sweep Team USA","men",235,164.5,0,1,"2026-09-27"
"888392614223","Oakley","mid","Frogskins™ Range (Low Bridge Fit)","unisex",196,196,0,0,"2026-09-27"
"888392614797","Oakley","mid","Latch™ Gaming Collection","men",196,196,0,0,"2026-09-27"
"888392614902","Arnette","budget","Middlemist","men",121,121,1,0,"2026-09-27"
"888392615022","Oakley","mid","RadarLock® Path (Low Bridge Fit)","men",247,247,0,0,"2026-09-27"
"888392618818","Oakley","mid","Latch™ Introspect Collection","men",249,249,1,0,"2026-09-27"
"888392618849","Oakley","mid","BXTR Metal Introspect Collection","men",233,233,0,0,"2026-09-27"
"888392619167","Oakley","mid","Sphaera™","unisex",297,297,1,0,"2026-09-27"
"888392619181","Oakley","mid","Sphaera™","unisex",244,244,0,0,"2026-09-27"
"888392619600","Oakley","mid","Latch™ Panel","unisex",233,233,0,0,"2026-09-27"
"888392620286","Oakley","mid","BiSphaera™","unisex",214,214,0,0,"2026-09-27"
"888392620354","Oakley","mid","BiSphaera™","unisex",267,267,1,0,"2026-09-27"
"888392621214","Arnette","budget","Frambuesa","men",121,121,1,0,"2026-09-27"
"888392621252","Arnette","budget","Floresta","men",121,121,1,0,"2026-09-27"
"888392623140","Oakley","mid","Frogskins™ Range","men",196,196,0,0,"2026-09-27"
"888392623317","Oakley","mid","Kylian Mbappé Signature Series HSTN","men",270,270,1,0,"2026-09-27"
"888392624871","Oakley","mid","Futurity Sun","unisex",249,249,1,0,"2026-09-27"
"888392624888","Oakley","mid","Exchange Sun","unisex",214,214,0,0,"2026-09-27"
"888392624901","Oakley","mid","Exchange Sun","unisex",267,267,1,0,"2026-09-27"
"888392636393","Oakley","mid","Oakley X Fortnite™ Hydra","men",217,217,0,0,"2026-09-27"
"888392636409","Oakley","mid","Oakley X Fortnite™ Helux","men",205,205,0,0,"2026-09-27"
"888392636935","Oakley","mid","BXTR","unisex",196,196,0,0,"2026-09-27"
"888392640222","Oakley","mid","Actuator SQ","unisex",249,249,1,0,"2026-09-27"
"888392640604","Oakley","mid","Line Miner™ Pro L Snow Goggles","unisex",317,317,0,0,"2026-09-27"
"888392640697","Oakley","mid","Line Miner™ Pro M Snow Goggles","unisex",317,317,0,0,"2026-09-27"
"888392641199","Oakley","mid","Actuator SQ Duality Collection","unisex",186,186,0,0,"2026-09-27"
"888392641243","Oakley","mid","Corridor SQ","men",244,244,0,0,"2026-09-27"
"888392641250","Oakley","mid","Corridor SQ Duality Collection","men",244,244,0,0,"2026-09-27"
"888392641830","Oakley","mid","Gibston XL","men",160,160,0,0,"2026-09-27"
"888392642516","Oakley","mid","QNTM Kato™","unisex",348,348,0,0,"2026-09-27"
"888392642622","Oakley","mid","Sielo SQ","women",267,267,1,0,"2026-09-27"
"888392642677","Oakley","mid","Sielo SQ","women",204,204,0,0,"2026-09-27"
"888392642721","Oakley","mid","Mikaela Shiffrin Signature Series Sielo SQ","women",235,235,0,0,"2026-09-27"
"888392643018","Oakley","mid","Helux","men",174,174,0,0,"2026-09-27"
"888392646842","Oakley","mid","Oakley X Fortnite™ Midas Sutro","men",224,224,0,0,"2026-09-27"
"888392646859","Oakley","mid","Oakley X Fortnite™ Brite Bomber Frogskins™ Range","men",217,217,0,0,"2026-09-27"
"888392647078","Arnette","budget","Catfish","unisex",110,110,1,0,"2026-09-27"
"888392647689","Oakley","mid","Oakley X Fortnite™ Battle Bus HSTN Metal","unisex",254,254,0,0,"2026-09-27"
"888392648020","Oakley","mid","RSLV","unisex",244,244,0,0,"2026-09-27"
"888392648051","Oakley","mid","RSLV","unisex",276,276,0,0,"2026-09-27"
"888392648471","Oakley","mid","Enigma Ink","unisex",276,276,1,0,"2026-09-27"
"888392648488","Oakley","mid","Enigma Ink","unisex",223,223,0,0,"2026-09-27"
"888392648709","Oakley","mid","Sutro™ TI Sweep","unisex",371,371,0,0,"2026-09-27"
"888392660442","Oakley","mid","Belleville","unisex",192,192,0,0,"2026-09-27"
"888392660497","Oakley","mid","Chaminade","unisex",192,192,0,0,"2026-09-27"
"888392660534","Oakley","mid","De La Salle","unisex",192,192,0,0,"2026-09-27"
"888392660558","Oakley","mid","De Soto","unisex",192,192,0,0,"2026-09-27"
"888392660701","Oakley","mid","Line Miner™ L Snow Goggles","women",176,176,0,0,"2026-09-27"
"888392660718","Oakley","mid","Line Miner™ M Snow Goggles","unisex",176,176,0,0,"2026-09-27"
"888392662057","Oakley","mid","Sutro™ Lite Players Collection","men",225,225,0,0,"2026-09-27"
"888392663283","Oakley","mid","Sphaera™ Pacific Trail Collection","unisex",244,244,0,0,"2026-09-27"
"888392663849","Oakley","mid","Sutro Seek Collection","men",203,203,0,0,"2026-09-27"
"888392663887","Oakley","mid","Lateralis Seek Collection","men",249,249,1,0,"2026-09-27"
"888392664228","Oakley","mid","Latch™ Night Mission Collection","men",249,249,1,0,"2026-09-27"
"888392664310","Oakley","mid","Velo Kato™","unisex",338,338,0,0,"2026-09-27"
"888392664570","Oakley","mid","Masseter","men",213,213,1,0,"2026-09-27"
"888392664600","Oakley","mid","Holbrook™ XXL","unisex",237,237,1,0,"2026-09-27"
"888392664747","Oakley","mid","Sphaera™ Troy Lee Designs Series","unisex",265,265,0,0,"2026-09-27"
"888392664754","Oakley","mid","Holbrook™ Troy Lee Designs Series","men",258,258,1,0,"2026-09-27"
"888392665195","Oakley","mid","Holbrook™ XXL (Low Bridge Fit)","unisex",237,237,1,0,"2026-09-27"
"888392665225","Oakley","mid","Sphaera™ Slash","unisex",297,297,1,0,"2026-09-27"
"888392665485","Oakley","mid","Sutro™ Lite Team USA","men",235,235,0,0,"2026-09-27"
"888392665492","Oakley","mid","Frogskins™ Range Team USA","men",217,217,0,0,"2026-09-27"
"888392665621","Oakley","mid","HSTN (Low Bridge Fit) Seek Collection","unisex",186,186,0,0,"2026-09-27"
"888392665782","Oakley","mid","Sutro (Low Bridge Fit) Seek Collection","men",203,203,0,0,"2026-09-27"
"888392665928","Oakley","mid","Sutro™ Lite S","unisex",214,214,0,0,"2026-09-27"
"888392665966","Oakley","mid","Flak® 2.0 XXL","men",214,214,0,0,"2026-09-27"
"888392666123","Oakley","mid","Eye Jacket™ Redux Forge Collection","men",196,196,0,0,"2026-09-27"
"888392666147","Oakley","mid","Eye Jacket™ Redux Night Mission Collection","men",196,196,0,0,"2026-09-27"
"888392666215","Oakley","mid","Mathieu Van Der Poel Signature Series Sutro™ Lite Sweep","men",235,235,0,0,"2026-09-27"
"888392666239","Oakley","mid","Frogskins™ Hybrid Fabio Quartararo Signature Series","men",205,205,0,0,"2026-09-27"
"888392666307","Oakley","mid","Oakley Ellipse","unisex",348,348,0,0,"2026-09-27"
"888392666352","Oakley","mid","Plantaris Seek Collection","men",283,283,0,0,"2026-09-27"
"888392666369","Oakley","mid","Plantaris Latitude Collection","men",293,293,0,0,"2026-09-27"
"888392666741","Oakley","mid","Alexia Putellas Signature Series Masseter","men",171,171,0,0,"2026-09-27"
"888392667045","Oakley","mid","Radar® Plate​","unisex",297,297,1,0,"2026-09-27"
"888392667069","Oakley","mid","Radar® Plate​","unisex",244,244,0,0,"2026-09-27"
"888392668752","Oakley","mid","Frogskins™ S","men",213,213,1,0,"2026-09-27"
"888392668813","Oakley","mid","Holbrook™ S","men",184,184,0,0,"2026-09-27"
"888392668837","Oakley","mid","Radar® EV S Path","men",297,297,1,0,"2026-09-27"
"888392668875","Oakley","mid","Radar® EV S Path","men",244,244,0,0,"2026-09-27"
"888392668936","Oakley","mid","Flak® 2.0 S","unisex",267,267,1,0,"2026-09-27"
"888392668950","Oakley","mid","Flak® 2.0 S","unisex",214,214,0,0,"2026-09-27"
"888392669049","Oakley","mid","Sutro™ Lite Court Collection","men",225,225,0,0,"2026-09-27"
"888392669063","Oakley","mid","Holbrook™ Court Collection","men",195,195,0,0,"2026-09-27"
"888392669452","Arnette","budget","Taggit","men",110,110,1,0,"2026-09-27"
"888392671837","Oakley","mid","Lateralis","men",196,196,0,0,"2026-09-27"
"888392672131","Oakley","mid","Frogskins™ Range XL","unisex",249,249,1,0,"2026-09-27"
"888392672308","Oakley","mid","Frogskins™ Range XL (Low Bridge Fit)","unisex",249,249,1,0,"2026-09-27"
"888392672445","Oakley","mid","Cybr Zero","unisex",204,204,0,0,"2026-09-27"
"888392672469","Oakley","mid","Cybr Zero","unisex",257,257,0,0,"2026-09-27"
"888392672575","Oakley","mid","Cybr Dyno","unisex",214,214,0,0,"2026-09-27"
"888392672629","Oakley","mid","Cybr Dyno","unisex",257,257,0,0,"2026-09-27"
"888392672803","Oakley","mid","Paracord","unisex",196,196,0,0,"2026-09-27"
"888392673213","Oakley","mid","Shackle","unisex",186,186,0,0,"2026-09-27"
"888392673961","Oakley","mid","Flight Deck™ Pro L Snow Goggles","unisex",376,376,0,0,"2026-09-27"
"888392674142","Oakley","mid","Flight Deck™ Pro M Snow Goggles","unisex",376,376,0,0,"2026-09-27"
"888392674852","Oakley","mid","Tourniquet","men",150,150,0,0,"2026-09-27"
"888392674951","Oakley","mid","Tailend TI","men",425,425,0,0,"2026-09-27"
"888392675019","Oakley","mid","Masseter Polaris Collection","men",213,213,1,0,"2026-09-27"
"888392675026","Oakley","mid","Lateralis Polaris Collection","men",249,249,1,0,"2026-09-27"
"888392675040","Oakley","mid","Plantaris Polaris Collection","men",336,336,1,0,"2026-09-27"
"888392675057","Oakley","mid","Belleville Polaris Collection","unisex",192,192,0,0,"2026-09-27"
"888392675071","Oakley","mid","De Soto Polaris Collection","unisex",182,182,0,0,"2026-09-27"
"888392675170","Oakley","mid","Flex Scape","unisex",395,395,0,0,"2026-09-27"
"888392675439","Oakley","mid","Masseter Alloy Collection","men",150,150,0,0,"2026-09-27"
"888392675552","Oakley","mid","Bisphaera™ Polaris Collection","unisex",204,204,0,0,"2026-09-27"
"888392675569","Oakley","mid","Bisphaera™ Court Collection","unisex",193,193,0,0,"2026-09-27"
"888392675583","Oakley","mid","Sphaera™ Slash","unisex",244,244,0,0,"2026-09-27"
"888392675828","Arnette","budget","Stripe-M","men",82,82,0,0,"2026-09-27"
"888392676016","Oakley","mid","Permian","unisex",192,192,0,0,"2026-09-27"
"888392676313","Oakley","mid","O-Frame® 2.0 PRO MTB Goggles","men",67,67,0,0,"2026-09-27"
"888392676368","Oakley","mid","Airbrake® MTB Goggles","unisex",211,211,0,0,"2026-09-27"
"888392676450","Arnette","budget","Hampere","men",100,100,0,0,"2026-09-27"
"888392676610","Oakley","mid","Kylian Mbappé Signature Series Lateralis","men",217,217,0,0,"2026-09-27"
"888392676665","Oakley","mid","Damian Lillard Signature Series Enigma Ink","unisex",244,244,0,0,"2026-09-27"
"888392676764","Oakley","mid","Stunt Wing","unisex",348,348,0,0,"2026-09-27"
"888392676979","Oakley","mid","Chaminade Patrick Mahomes II Collection","unisex",213,213,0,0,"2026-09-27"
"888392676986","Oakley","mid","Sutro™ Lite Sweep Patrick Mahomes II Collection","men",235,235,0,0,"2026-09-27"
"888392677006","Oakley","mid","Massillon","unisex",456,456,1,0,"2026-09-27"
"888392677020","Oakley","mid","Massillon","unisex",393,393,0,0,"2026-09-27"
"888392677044","Oakley","mid","De La Salle Polaris Collection","unisex",192,192,0,0,"2026-09-27"
"888392677051","Oakley","mid","Sielo SQ Polaris Collection","women",267,267,1,0,"2026-09-27"
"888392677068","Oakley","mid","BXTR Polaris Collection","unisex",196,196,0,0,"2026-09-27"
"888392677075","Oakley","mid","RSLV Polaris Collection","unisex",244,244,0,0,"2026-09-27"
"888392677082","Oakley","mid","Sutro™ Lite Sweep Polaris Collection","men",214,214,0,0,"2026-09-27"
"888392677099","Oakley","mid","Holbrook™ Polaris Collection","men",237,237,1,0,"2026-09-27"
"888392677150","Oakley","mid","Stunt Devil","unisex",244,244,0,0,"2026-09-27"
"888392677174","Oakley","mid","Stunt Devil","unisex",276,276,0,0,"2026-09-27"
"888392677310","Oakley","mid","Stunt Devil S","unisex",234,234,0,0,"2026-09-27"
"888392677327","Oakley","mid","Stunt Devil S","unisex",276,276,0,0,"2026-09-27"
"888392677617","Oakley","mid","Oakley X Fortnite™ Peely BXTR","unisex",217,217,0,0,"2026-09-27"
"888392677624","Oakley","mid","Oakley X Fortnite™ Red Knight Latch™ Panel","unisex",254,254,0,0,"2026-09-27"
"888392677631","Oakley","mid","Oakley X Fortnite™ Frogskins™","men",181,181,0,0,"2026-09-27"
"888392677648","Oakley","mid","Oakley X Fortnite™ Frogskins™ S","men",181,181,0,0,"2026-09-27"
"888392677655","Oakley","mid","Oakley X Fortnite™ CTL Frogskins™ Hybrid","men",205,205,0,0,"2026-09-27"
"888392677662","Oakley","mid","Highland","unisex",192,192,0,0,"2026-09-27"
"888392677723","Oakley","mid","Holbrook™ (Low Bridge Fit) Polaris Collection","men",237,237,1,0,"2026-09-27"
"888392677730","Oakley","mid","Holbrook™ (Low Bridge Fit) Court Collection","men",184,184,0,0,"2026-09-27"
"888392677778","Oakley","mid","Sutro Alloy Collection","men",203,203,0,0,"2026-09-27"
"888392677808","Oakley","mid","Sutro (Low Bridge Fit) Alloy Collection","men",203,203,0,0,"2026-09-27"
"888392677822","Oakley","mid","Sutro™ Lite (Low Bridge Fit) Polaris Collection","men",214,214,0,0,"2026-09-27"
"888392677839","Oakley","mid","Sutro™ Lite (Low Bridge Fit) Court Collection","men",193,193,0,0,"2026-09-27"
"888392677846","Oakley","mid","Sutro Lite (Low Bridge Fit) Court Collection","men",214,214,0,0,"2026-09-27"
"888392677860","Oakley","mid","BXTR Metal Alloy Collection","men",233,233,0,0,"2026-09-27"
"888392677877","Oakley","mid","Latch™ Panel Alloy Collection","unisex",233,233,0,0,"2026-09-27"
"888392678003","Arnette","budget","Walvis","men",87,87,1,0,"2026-09-27"
"888392678119","Oakley","mid","Frogskins™ Range Alloy Collection","men",249,249,1,0,"2026-09-27"
"888392678126","Oakley","mid","Frogskins™ Range (Low Bridge Fit) Alloy Collection","unisex",249,249,1,0,"2026-09-27"
"888392678133","Oakley","mid","Ellipse Polaris Collection","unisex",348,348,0,0,"2026-09-27"
"888392679246","Oakley","mid","Arizona Cardinals Sutro Lite","men",235,235,0,0,"2026-09-27"
"888392679253","Oakley","mid","Atlanta Falcons Sutro Lite","men",235,235,0,0,"2026-09-27"
"888392679260","Oakley","mid","Baltimore Ravens Sutro Lite","men",235,235,0,0,"2026-09-27"
"888392679277","Oakley","mid","Buffalo Bills Sutro Lite","men",235,235,0,0,"2026-09-27"
"888392679284","Oakley","mid","Carolina Panthers Sutro Lite","men",235,235,0,0,"2026-09-27"
"888392679291","Oakley","mid","Chicago Bears Sutro Lite","men",235,235,0,0,"2026-09-27"
"888392679307","Oakley","mid","Cincinnati Bengals Sutro Lite","men",235,235,0,0,"2026-09-27"
"888392679314","Oakley","mid","Cleveland Browns Sutro Lite","men",235,235,0,0,"2026-09-27"
"888392679321","Oakley","mid","Dallas Cowboys Sutro™ Lite","men",235,235,0,0,"2026-09-27"
"888392679338","Oakley","mid","Denver Broncos Sutro Lite","men",235,235,0,0,"2026-09-27"
"888392679345","Oakley","mid","Detroit Lions Sutro Lite","men",235,235,0,0,"2026-09-27"
"888392679352","Oakley","mid","Green Bay Packers Sutro Lite","men",235,235,0,0,"2026-09-27"
"888392679369","Oakley","mid","Houston Texans Sutro™ Lite","men",235,235,0,0,"2026-09-27"
"888392679376","Oakley","mid","Indianapolis Colts Sutro™ Lite","men",235,235,0,0,"2026-09-27"
"888392679383","Oakley","mid","Jacksonville Jaguars Sutro Lite","men",235,235,0,0,"2026-09-27"
"888392679390","Oakley","mid","Kansas City Chiefs Sutro™ Lite","men",235,235,0,0,"2026-09-27"
"888392679406","Oakley","mid","Los Angeles Chargers Sutro Lite","men",235,235,0,0,"2026-09-27"
"888392679413","Oakley","mid","Los Angeles Rams Sutro™ Lite","men",235,235,0,0,"2026-09-27"
"888392679420","Oakley","mid","Las Vegas Raiders Sutro Lite","men",235,235,0,0,"2026-09-27"
"888392679437","Oakley","mid","Miami Dolphins Sutro Lite","men",235,235,0,0,"2026-09-27"
"888392679451","Oakley","mid","Minnesota Vikings Sutro™ Lite","men",235,235,0,0,"2026-09-27"
"888392679468","Oakley","mid","New England Patriots Sutro Lite","men",235,235,0,0,"2026-09-27"
"888392679475","Oakley","mid","New Orleans Saints Sutro Lite","men",235,235,0,0,"2026-09-27"
"888392679482","Oakley","mid","New York Giants Sutro™ Lite","men",235,235,0,0,"2026-09-27"
"888392679499","Oakley","mid","New York Jets Sutro™ Lite","men",235,235,0,0,"2026-09-27"
"888392679505","Oakley","mid","Philadelphia Eagles Sutro Lite","men",235,235,0,0,"2026-09-27"
"888392679512","Oakley","mid","Pittsburgh Steelers Sutro Lite","men",235,235,0,0,"2026-09-27"
"888392679529","Oakley","mid","Seattle Seahawks Sutro Lite","men",235,235,0,0,"2026-09-27"
"888392679536","Oakley","mid","San Francisco 49ers Sutro Lite","men",235,235,0,0,"2026-09-27"
"888392679543","Oakley","mid","Tampa Bay Buccaneers Sutro Lite","men",235,235,0,0,"2026-09-27"
"888392679550","Oakley","mid","Tennessee Titans Sutro Lite","men",235,235,0,0,"2026-09-27"
"888392679567","Oakley","mid","Washington Football Team Sutro™ Lite","men",235,235,0,0,"2026-09-27"
"888392680365","Arnette","budget","Bounce","men",89,89,0,0,"2026-09-27"
"888392680501","Oakley","mid","Instagator","men",150,150,0,0,"2026-09-27"
"888392680624","Oakley","mid","Flow Scape™ L Snow Goggles Aura Collection","unisex",417,417,0,0,"2026-09-27"
"888392680631","Oakley","mid","Flow Scape™ M Snow Goggles Aura Collection","unisex",417,417,0,0,"2026-09-27"
"888392680839","Oakley","mid","Justin Jefferson Signature Series De Soto","unisex",213,213,0,0,"2026-09-27"
"888392682499","Oakley","mid","Flak® 2.0 XXL","men",267,267,1,0,"2026-09-27"
"888392682604","Oakley","mid","Mont Scape™ M Snow Goggles","unisex",262,262,0,0,"2026-09-27"
"888392682819","Oakley","mid","Permian Aura Collection","unisex",206,206,0,0,"2026-09-27"
"888392682888","Oakley","mid","Oakley Meta HSTN","unisex",479,479,0,0,"2026-09-27"
"888392682901","Oakley","mid","Oakley Meta HSTN","unisex",399,399,0,0,"2026-09-27"
"888392683540","Oakley","mid","Cybr Zero Aura Collection","unisex",225,225,0,0,"2026-09-27"
"888392683748","Arnette","budget","AN3095","men",100,100,0,0,"2026-09-27"
"888392684103","Oakley","mid","Oakley X Aston Martin Aramco F1® Team HSTN Metal","unisex",254,254,0,0,"2026-09-27"
"888392684134","Oakley","mid","Flak® 2.0 XXL On The Green Collection","men",204,204,0,0,"2026-09-27"
"888392684141","Oakley","mid","Masseter On The Green Collection","men",150,150,0,0,"2026-09-27"
"888392684158","Oakley","mid","Bisphaera™ On The Green Collection","unisex",204,204,0,0,"2026-09-27"
"888392684165","Oakley","mid","Holbrook™ On The Green Collection","men",174,174,0,0,"2026-09-27"
"888392684349","Oakley","mid","Flak® 2.0 XL On The Green Collection","men",214,214,0,0,"2026-09-27"
"888392684837","Oakley","mid","Masseter Limitless Collection","men",213,213,1,0,"2026-09-27"
"888392685384","Oakley","mid","Thurso Limitless Collection","men",286,286,1,0,"2026-09-27"
"888392685513","Oakley","mid","Mont Scape™ L Snow Goggles","unisex",262,262,0,0,"2026-09-27"
"888392685575","Oakley","mid","Holbrook™ Limitless Collection","men",237,237,1,0,"2026-09-27"
"888392685636","Oakley","mid","Neo Jacket®","men",244,244,0,0,"2026-09-27"
"888392685667","Oakley","mid","Neo Jacket®","men",297,297,1,0,"2026-09-27"
"888392685698","Oakley","mid","2026 Tour De France™ Sutro™ Lite Sweep","men",235,235,0,0,"2026-09-27"
"888392685773","Oakley","mid","Mont Scape™ L Colby Stevenson Signature Series Snow Goggles","unisex",283,283,0,0,"2026-09-27"
"888392686275","Oakley","mid","BXTR Metal Limitless Collection","men",233,233,0,0,"2026-09-27"
"888392686466","Oakley","mid","Flow Scape™ M Mikaela Shiffrin Signature Series Snow Goggles","unisex",427,427,0,0,"2026-09-27"
"888392686503","Oakley","mid","Flight Deck™ Pro M Mikaela Shiffrin Signature Series Snow Goggles","unisex",397,397,0,0,"2026-09-27"
"888392686558","Oakley","mid","Mont Scape™ L Sage Kotsenburg Signature Series Snow Goggles","unisex",283,283,0,0,"2026-09-27"
"888392686565","Oakley","mid","Mont Scape™ L Rene Rinnekangas Signature Series Snow Goggles","unisex",283,283,0,0,"2026-09-27"
"888392686589","Oakley","mid","Mont Scape™ M  Mia Brookes Signature Series Snow Goggles","unisex",283,283,0,0,"2026-09-27"
"888392686619","Oakley","mid","Neoforma","unisex",150,150,0,0,"2026-09-27"
"888392686688","Oakley","mid","Terraforma","unisex",150,150,0,0,"2026-09-27"
"888392686855","Oakley","mid","Eye Jacket™ Redux Latitude Collection","men",249,249,1,0,"2026-09-27"
"888392687203","Oakley","mid","Plantaris","men",304,304,0,0,"2026-09-27"
"888392687326","Oakley","mid","Plantaris SQ","unisex",293,293,0,0,"2026-09-27"
"888392687388","Oakley","mid","HSTN SQ","unisex",196,196,0,0,"2026-09-27"
"888392687425","Oakley","mid","HSTN SQ MotoGP™ Collection","unisex",207,207,0,0,"2026-09-27"
"888392687470","Oakley","mid","Highland Jaylen Brown Signature Series","unisex",213,213,0,0,"2026-09-27"
"888392687678","Oakley","mid","Sutro (Low Bridge Fit) Neon Pop Collection","men",203,203,0,0,"2026-09-27"
"888392687814","Oakley","mid","Sutro On The Green Collection","men",203,203,0,0,"2026-09-27"
"888392687821","Oakley","mid","Sutro™ Lite On The Green Collection","men",214,214,0,0,"2026-09-27"
"888392688088","Oakley","mid","Bisphaera™ Speed","unisex",214,214,0,0,"2026-09-27"
"888392688132","Oakley","mid","Bisphaera™ Speed","unisex",267,267,1,0,"2026-09-27"
"888392688323","Oakley","mid","Sphaera™ Strike","unisex",244,244,0,0,"2026-09-27"
"888392688347","Oakley","mid","Sphaera™ Strike","unisex",297,297,1,0,"2026-09-27"
"888392688552","Oakley","mid","Airbrake® Lite MX Goggles","unisex",110,110,0,0,"2026-09-27"
"888392688637","Oakley","mid","Suture Jacket®","unisex",256,256,1,0,"2026-09-27"
"888392688651","Oakley","mid","Suture Jacket®","unisex",203,203,0,0,"2026-09-27"
"888392689016","Oakley","mid","Sphaera™ Slash Gridiron Collection","unisex",308,308,1,0,"2026-09-27"
"888392690159","Oakley","mid","Kylian Mbappé Signature Series Permian","unisex",213,213,0,0,"2026-09-27"
"888392690401","Oakley","mid","Oakley Meta Vanguard","women",499,499,0,0,"2026-09-27"
"888392690418","Oakley","mid","Oakley Meta Vanguard","men",499,499,0,0,"2026-09-27"
"888392693341","Oakley","mid","Eye Jacket™ Redux Seek Collection","men",249,249,1,0,"2026-09-27"
"888392693358","Oakley","mid","Briza","men",213,213,1,0,"2026-09-27"
"888392693938","Oakley","mid","Portal Jacket®","unisex",213,213,1,0,"2026-09-27"
"888392694324","Oakley","mid","Cage Jacket®","unisex",237,237,1,0,"2026-09-27"
"888392696274","Arnette","budget","AN3096","men",100,100,0,0,"2026-09-27"
"888392696342","Oakley","mid","Gabriel Medina Signature Series Neoforma","unisex",181,181,0,0,"2026-09-27"
"888392696359","Oakley","mid","Mikaela Shiffrin Signature Series Terraforma","unisex",181,181,0,0,"2026-09-27"
"888392697134","Oakley","mid","Holbrook™ Basecamp Collection","men",184,184,0,0,"2026-09-27"
"888392697332","Oakley","mid","Dallas Cowboys Briza","men",181,181,0,0,"2026-09-27"
"888392697424","Oakley","mid","Las Vegas Raiders Briza","men",181,181,0,0,"2026-09-27"
"888392697493","Oakley","mid","Philadelphia Eagles Briza","men",181,181,0,0,"2026-09-27"
"888392697509","Oakley","mid","Pittsburgh Steelers Briza","men",181,181,0,0,"2026-09-27"
"888392697523","Oakley","mid","San Francisco 49ers Briza","men",181,181,0,0,"2026-09-27"
"888392697851","Oakley","mid","Terraforma Obscura Collection","unisex",213,213,1,0,"2026-09-27"
"888392697868","Oakley","mid","Terraforma Basecamp Collection","unisex",150,150,0,0,"2026-09-27"
"888392698100","Oakley","mid","Neoforma Basecamp Collection","unisex",160,160,0,0,"2026-09-27"
"888392698476","Oakley","mid","Justin Jefferson Signature Series Highland","unisex",213,213,0,0,"2026-09-27"
"888392698483","Oakley","mid","Justin Jefferson Signature Series Stunt Devil","unisex",265,265,0,0,"2026-09-27"
"888392698490","Oakley","mid","Justin Jefferson Signature Series Stunt Devil S","unisex",265,265,0,0,"2026-09-27"
"888392699046","Oakley","mid","Radar® EV Heater","unisex",297,297,1,0,"2026-09-27"
"888392699053","Oakley","mid","Radar® EV Heater","unisex",244,244,0,0,"2026-09-27"
"888392699640","Oakley","mid","Eye Jacket™ Redux Basecamp Collection","men",196,196,0,0,"2026-09-27"
"888392701176","Oakley","mid","Sielo SQ Obscura Collection","women",204,204,0,0,"2026-09-27"
"888392701190","Oakley","mid","Plantaris SQ Obscura Collection","unisex",346,346,1,0,"2026-09-27"
"888392701893","Oakley","mid","Oakley X Fortnite™ Renegade Rider Briza","men",171,171,0,0,"2026-09-27"
"888392701923","Oakley","mid","Damian Lillard Signature Series Permian","unisex",203,203,0,0,"2026-09-27"
"888392701930","Oakley","mid","Oakley X Fortnite™ Fishstick Resistor Sweep (Youth Fit)","unisex",143,143,0,0,"2026-09-27"
"888392701947","Oakley","mid","Oakley X Aston Martin Aramco F1® Team HSTN SQ","unisex",217,217,0,0,"2026-09-27"
"888392704054","Oakley","mid","Permian Patrick Mahomes II Collection","unisex",213,213,0,0,"2026-09-27"
"888392706089","Oakley","mid","Plantaris Basecamp Collection","men",293,293,0,0,"2026-09-27"
"888392713315","Oakley","mid","HSTN SQ 2.0","unisex",249,249,1,0,"2026-09-27"
"889214007148","Tom Ford","luxury","FT0669","men",550,550,0,0,"2026-09-27"
"889214007551","Tom Ford","luxury","FT0678","men",480,480,0,0,"2026-09-27"
"889214028426","Tom Ford","luxury","FT0698","men",310,310,0,0,"2026-09-27"
"889214028501","Tom Ford","luxury","FT0698","men",500,500,1,0,"2026-09-27"
"889214029638","Tom Ford","luxury","FT0711","men",525,525,0,0,"2026-09-27"
"889214095947","Tom Ford","luxury","FT0751","men",480,480,0,0,"2026-09-27"
"889214095985","Tom Ford","luxury","FT0751-N","men",480,480,0,0,"2026-09-27"
"889214121233","Tom Ford","luxury","FT0790","women",530,371,0,1,"2026-09-27"
"889214122414","Tom Ford","luxury","FT0777-N","men",490,490,0,0,"2026-09-27"
"889214218735","Tom Ford","luxury","FT0832","men",480,480,0,0,"2026-09-27"
"889214219022","Tom Ford","luxury","FT0836","unisex",585,585,0,0,"2026-09-27"
"889214219510","Tom Ford","luxury","FT0847","women",490,490,0,0,"2026-09-27"
"889214219534","Tom Ford","luxury","FT0847","women",490,343,0,1,"2026-09-27"
"889214219725","Tom Ford","luxury","FT0832-N","men",480,480,0,0,"2026-09-27"
"889214244369","Tom Ford","luxury","FT0870","women",335,335,0,0,"2026-09-27"
"889214244451","Tom Ford","luxury","FT0871","women",490,490,0,0,"2026-09-27"
"889214292711","Tom Ford","luxury","FT0921","women",495,495,0,0,"2026-09-27"
"889214292872","Tom Ford","luxury","FT0907","men",490,490,0,0,"2026-09-27"
"889214297693","Tom Ford","luxury","FT0952","women",500,500,1,0,"2026-09-27"
"889214318084","Tom Ford","luxury","FT0930-N","men",550,550,1,0,"2026-09-27"
"889214318213","Tom Ford","luxury","FT0933","men",490,490,0,0,"2026-09-27"
"889214318459","Tom Ford","luxury","FT0939","women",490,490,0,0,"2026-09-27"
"889214368386","Tom Ford","luxury","FT0711-N","men",525,525,0,0,"2026-09-27"
"889214384799","Tom Ford","luxury","FT0999","men",480,336,0,1,"2026-09-27"
"889214385161","Tom Ford","luxury","FT1008","women",480,480,0,0,"2026-09-27"
"889214385185","Tom Ford","luxury","FT1008","women",465,232.5,0,1,"2026-09-27"
"889214402493","Tom Ford","luxury","Jaden","men",600,600,0,0,"2026-09-27"
"889214402547","Tom Ford","luxury","FT1044","men",595,595,0,0,"2026-09-27"
"889214403315","Tom Ford","luxury","Rosco","men",535,535,0,0,"2026-09-27"
"889214403407","Tom Ford","luxury","Bruce","men",530,530,0,0,"2026-09-27"
"889214403421","Tom Ford","luxury","Bruce","men",600,600,1,0,"2026-09-27"
"889214403940","Tom Ford","luxury","Winona","women",480,480,0,0,"2026-09-27"
"889214403995","Tom Ford","luxury","Juliette","women",430,430,0,0,"2026-09-27"
"889214417329","Tom Ford","luxury","FT1047-P","men",1880,940,0,1,"2026-09-27"
"889214469229","Tom Ford","luxury","Kaya","women",490,490,0,0,"2026-09-27"
"889214477859","Tom Ford","luxury","Damian-02","men",490,490,0,0,"2026-09-27"
"889214479600","Tom Ford","luxury","FT1101","men",585,585,0,0,"2026-09-27"
"889214479747","Tom Ford","luxury","Lionel-02","men",550,550,0,0,"2026-09-27"
"889214479952","Tom Ford","luxury","Leigh-02","women",530,530,0,0,"2026-09-27"
"889214480231","Tom Ford","luxury","FT1124","unisex",1150,805,0,1,"2026-09-27"
"889214503473","Tom Ford","luxury","FT1132-K","unisex",490,490,0,0,"2026-09-27"
"889214520418","Tom Ford","luxury","Redford TR","men",490,490,0,0,"2026-09-27"
"889214520449","Tom Ford","luxury","Ilias","men",530,530,0,0,"2026-09-27"
"889214520456","Tom Ford","luxury","Ilias","men",600,600,0,0,"2026-09-27"
"889214530356","Tom Ford","luxury","FT1162-K","men",370,370,0,0,"2026-09-27"
"889214548924","Tom Ford","luxury","Kemp","men",370,370,0,0,"2026-09-27"
"889214548993","Tom Ford","luxury","FT1179","men",440,440,1,0,"2026-09-27"
"889214549020","Tom Ford","luxury","FT1179","men",370,370,0,0,"2026-09-27"
"889214549242","Tom Ford","luxury","Brigitta","women",530,530,0,0,"2026-09-27"
"889214549372","Tom Ford","luxury","FT1191","women",490,490,0,0,"2026-09-27"
"889214550156","Tom Ford","luxury","Fletcher","men",550,550,1,0,"2026-09-27"
"889214551757","Tom Ford","luxury","Fausto","men",560,560,0,0,"2026-09-27"
"889214552075","Tom Ford","luxury","Achilles","men",530,530,0,0,"2026-09-27"
"889214558367","Tom Ford","luxury","Calder","men",440,440,1,0,"2026-09-27"
"889214558374","Tom Ford","luxury","Calder","men",370,370,0,0,"2026-09-27"
"889214558503","Tom Ford","luxury","Lelio","men",490,490,0,0,"2026-09-27"
"889214558565","Tom Ford","luxury","Guillaume_Tr","men",490,490,0,0,"2026-09-27"
"889214558602","Tom Ford","luxury","Vladimir","men",370,370,0,0,"2026-09-27"
"889214558619","Tom Ford","luxury","Vladimir","men",405,405,0,0,"2026-09-27"
"889214558718","Tom Ford","luxury","Haylay","women",370,370,0,0,"2026-09-27"
"889214558824","Tom Ford","luxury","Venetia_Tr","women",565,565,0,0,"2026-09-27"
"889214596789","Tom Ford","luxury","FT1280","men",530,530,0,0,"2026-09-27"
"889214597236","Tom Ford","luxury","Annabelle-02","women",490,490,0,0,"2026-09-27"
"889214625595","Tom Ford","luxury","Joey-02","men",490,490,0,0,"2026-09-27"
"889214625625","Tom Ford","luxury","Joey-02","men",370,370,0,0,"2026-09-27"
"889214635198","Tom Ford","luxury","Jake-02","unisex",585,585,0,0,"2026-09-27"
"889214635945","Tom Ford","luxury","Prescott-02","men",370,370,0,0,"2026-09-27"
"889214636096","Tom Ford","luxury","Andy-02","men",560,560,1,0,"2026-09-27"
"889214636195","Tom Ford","luxury","William-02","men",490,490,0,0,"2026-09-27"
"889214636249","Tom Ford","luxury","Cyrus-02","men",525,525,0,0,"2026-09-27"
"889214636362","Tom Ford","luxury","Rupert-02","men",600,600,0,0,"2026-09-27"
"889214642363","Tom Ford","luxury","Penn-02","unisex",490,490,0,0,"2026-09-27"
"889214643339","Tom Ford","luxury","Iggy","women",370,370,0,0,"2026-09-27"
"889214649553","Tom Ford","luxury","Leona-02","women",530,530,0,0,"2026-09-27"
"889652007137","Saint Laurent","luxury","SL 1 K","unisex",495,346.5,0,1,"2026-09-27"
"889652007144","Saint Laurent","luxury","SL 1 K","unisex",495,495,0,0,"2026-09-27"
"889652047584","Gucci","luxury","GG0010S","men",525,525,1,0,"2026-09-27"
"889652048123","Gucci","luxury","GG0022S","women",370,370,0,0,"2026-09-27"
"889652051208","Gucci","luxury","GG0061S","women",560,392,0,1,"2026-09-27"
"889652051291","Gucci","luxury","GG0062S","women",560,560,0,0,"2026-09-27"
"889652051789","Gucci","luxury","GG0076S","women",500,350,0,1,"2026-09-27"
"889652059693","Saint Laurent","luxury","SL M3","women",535,535,0,0,"2026-09-27"
"889652090467","Gucci","luxury","GG0225S","women",605,605,0,0,"2026-09-27"
"889652091266","Gucci","luxury","GG0208S","women",590,590,0,0,"2026-09-27"
"889652127811","Gucci","luxury","GG0062S","women",620,620,1,0,"2026-09-27"
"889652137544","Saint Laurent","luxury","SL 213 Lily","women",495,495,0,0,"2026-09-27"
"889652137599","Saint Laurent","luxury","SL 214 Kate","women",520,520,0,0,"2026-09-27"
"889652137933","Saint Laurent","luxury","SL 28 Metal","men",650,650,0,0,"2026-09-27"
"889652138718","Saint Laurent","luxury","SL 232 Betty","women",550,550,0,0,"2026-09-27"
"889652155562","Gucci","luxury","GG0340S","men",465,465,0,0,"2026-09-27"
"889652155623","Gucci","luxury","GG0341S","men",525,525,1,0,"2026-09-27"
"889652155777","Gucci","luxury","GG0327S","women",475,475,0,0,"2026-09-27"
"889652188621","Saint Laurent","luxury","SL M40","women",535,535,0,0,"2026-09-27"
"889652203638","Gucci","luxury","GG0459S","women",460,460,0,0,"2026-09-27"
"889652205076","Saint Laurent","luxury","SL 276 Mica","women",495,495,0,0,"2026-09-27"
"889652205151","Saint Laurent","luxury","SL 276","unisex",495,495,0,0,"2026-09-27"
"889652205809","Balenciaga","luxury","BB0003S","unisex",575,575,0,0,"2026-09-27"
"889652215013","Balenciaga","luxury","BB0041S","unisex",575,575,0,0,"2026-09-27"
"889652235790","Gucci","luxury","GG0529S","men",490,490,0,0,"2026-09-27"
"889652236483","Gucci","luxury","GG0528S","men",545,545,1,0,"2026-09-27"
"889652255415","Gucci","luxury","GG0603S","men",680,680,0,0,"2026-09-27"
"889652267005","Bottega Veneta","luxury","BV1005S","women",570,570,0,0,"2026-09-27"
"889652267111","Bottega Veneta","luxury","BV1012S","men",495,495,0,0,"2026-09-27"
"889652276991","Gucci","luxury","GG0647S","women",605,302.5,0,1,"2026-09-27"
"889652278988","Gucci","luxury","GG0636SK","women",305,305,0,0,"2026-09-27"
"889652282800","Bottega Veneta","luxury","BV1035S","women",570,570,0,0,"2026-09-27"
"889652285238","Saint Laurent","luxury","SL364","unisex",595,595,0,0,"2026-09-27"
"889652294056","Balenciaga","luxury","BB0096S","women",560,560,0,0,"2026-09-27"
"889652294278","Balenciaga","luxury","BB0095S","women",560,560,0,0,"2026-09-27"
"889652294285","Balenciaga","luxury","BB0095S","women",560,392,0,1,"2026-09-27"
"889652294841","Gucci","luxury","GG0748S","men",305,305,0,0,"2026-09-27"
"889652296029","Gucci","luxury","GG0632SA","women",305,305,0,0,"2026-09-27"
"889652300283","Balenciaga","luxury","BB0102SA","women",520,520,0,0,"2026-09-27"
"889652320625","Balenciaga","luxury","BB0132S","women",520,520,0,0,"2026-09-27"
"889652323503","Gucci","luxury","GG0879S","women",560,560,0,0,"2026-09-27"
"889652324661","Gucci","luxury","GG0876S","women",490,490,0,0,"2026-09-27"
"889652326047","Gucci","luxury","GG0926S","men",385,385,0,0,"2026-09-27"
"889652327990","Saint Laurent","luxury","SL 422","unisex",610,610,0,0,"2026-09-27"
"889652328010","Saint Laurent","luxury","SL 423","women",495,495,0,0,"2026-09-27"
"889652333151","Chloé","luxury","CC0004S","women",175,175,0,0,"2026-09-27"
"889652335513","Bottega Veneta","luxury","BV1101S","women",495,495,0,0,"2026-09-27"
"889652336459","Saint Laurent","luxury","SL 312 M-001","women",565,565,0,0,"2026-09-27"
"889652338743","Saint Laurent","luxury","SL 312 M-006","women",565,565,0,0,"2026-09-27"
"889652341217","Gucci","luxury","GG0956S","women",535,535,0,0,"2026-09-27"
"889652342344","Balenciaga","luxury","BB0157S","men",575,575,0,0,"2026-09-27"
"889652346014","Saint Laurent","luxury","SL 461 Betty","women",520,520,0,0,"2026-09-27"
"889652353074","Gucci","luxury","GG1042S","men",500,500,0,0,"2026-09-27"
"889652353807","Saint Laurent","luxury","SL 465","women",550,275,0,1,"2026-09-27"
"889652354149","Saint Laurent","luxury","SL 475","women",420,420,0,0,"2026-09-27"
"889652356174","Gucci","luxury","GG0998S","women",430,430,0,0,"2026-09-27"
"889652359724","Saint Laurent","luxury","SL M94","women",580,580,0,0,"2026-09-27"
"889652359892","Saint Laurent","luxury","SL 497-002","women",535,267.5,0,1,"2026-09-27"
"889652362632","Balenciaga","luxury","BB0192S","unisex",590,295,0,1,"2026-09-27"
"889652363592","Balenciaga","luxury","BB0106S","women",475,237.5,0,1,"2026-09-27"
"889652366081","Saint Laurent","luxury","SL 309 Rimless","unisex",580,580,0,0,"2026-09-27"
"889652366128","Chloé","luxury","CH0072S","women",540,540,0,0,"2026-09-27"
"889652371436","Chloé","luxury","CH0105S","women",500,500,0,0,"2026-09-27"
"889652375137","Gucci","luxury","GG1071S","women",460,460,0,0,"2026-09-27"
"889652375151","Gucci","luxury","GG1072S","women",460,460,0,0,"2026-09-27"
"889652376790","Saint Laurent","luxury","SL 507","unisex",520,520,0,0,"2026-09-27"
"889652378435","Saint Laurent","luxury","SL 312 M","women",565,565,0,0,"2026-09-27"
"889652378497","Gucci","luxury","GG1084S","men",545,545,0,0,"2026-09-27"
"889652379203","Gucci","luxury","GG1163S","men",500,500,0,0,"2026-09-27"
"889652379647","Gucci","luxury","GG1023S","women",500,500,0,0,"2026-09-27"
"889652379876","Gucci","luxury","GG1096S","men",680,340,0,1,"2026-09-27"
"889652380124","Gucci","luxury","GG1110S","men",605,302.5,0,1,"2026-09-27"
"889652380377","Gucci","luxury","GG1072SA","women",460,230,0,1,"2026-09-27"
"889652384412","Saint Laurent","luxury","SL 28","unisex",550,550,0,0,"2026-09-27"
"889652384900","Gucci","luxury","GG0001SN","men",385,385,0,0,"2026-09-27"
"889652385266","Gucci","luxury","GG0141SN","women",465,465,0,0,"2026-09-27"
"889652385358","Gucci","luxury","GG0035SN","women",460,322,0,1,"2026-09-27"
"889652385365","Gucci","luxury","GG0035SN","women",460,460,0,0,"2026-09-27"
"889652385372","Gucci","luxury","GG0036SN","women",465,465,0,0,"2026-09-27"
"889652386317","Gucci","luxury","GG0381SN","men",510,510,1,0,"2026-09-27"
"889652386362","Gucci","luxury","GG0034SN","women",465,465,0,0,"2026-09-27"
"889652387338","Saint Laurent","luxury","SL 534","unisex",505,353.5,0,1,"2026-09-27"
"889652391267","Balenciaga","luxury","BB0229S","men",605,605,0,0,"2026-09-27"
"889652391274","Balenciaga","luxury","BB0229S","men",605,423.5,0,1,"2026-09-27"
"889652393681","Gucci","luxury","GG1189S","unisex",635,635,1,0,"2026-09-27"
"889652393735","Gucci","luxury","GG1189S","unisex",575,575,0,0,"2026-09-27"
"889652393865","Gucci","luxury","GG1188S","unisex",635,635,1,0,"2026-09-27"
"889652393872","Gucci","luxury","GG1188S","unisex",575,575,0,0,"2026-09-27"
"889652394350","Gucci","luxury","GG1223S","men",575,575,0,0,"2026-09-27"
"889652394398","Gucci","luxury","GG1220S","men",665,665,0,0,"2026-09-27"
"889652394435","Gucci","luxury","GG1221S","men",665,665,0,0,"2026-09-27"
"889652403649","Chloé","luxury","CH0031S","women",500,500,0,0,"2026-09-27"
"889652404110","Saint Laurent","luxury","SL 552","women",435,435,0,0,"2026-09-27"
"889652404189","Saint Laurent","luxury","SL M105/F","women",535,535,0,0,"2026-09-27"
"889652404370","Saint Laurent","luxury","SL M105/F","women",535,267.5,0,1,"2026-09-27"
"889652408408","Saint Laurent","luxury","SL 557 Shade","women",495,495,0,0,"2026-09-27"
"889652408613","Saint Laurent","luxury","SL 560","unisex",520,520,0,0,"2026-09-27"
"889652409870","Chloé","luxury","CH0143S","women",565,565,0,0,"2026-09-27"
"889652410098","Balenciaga","luxury","BB0251S","unisex",810,405,0,1,"2026-09-27"
"889652410456","Saint Laurent","luxury","SL 567","women",520,520,0,0,"2026-09-27"
"889652411811","Gucci","luxury","GG1262S","men",665,665,0,0,"2026-09-27"
"889652412061","Gucci","luxury","GG1314S","women",430,301,0,1,"2026-09-27"
"889652412108","Gucci","luxury","GG1314S","women",430,430,0,0,"2026-09-27"
"889652412542","Gucci","luxury","GG1325S","women",490,490,0,0,"2026-09-27"
"889652412689","Gucci","luxury","GG1278S","unisex",710,710,0,0,"2026-09-27"
"889652412948","Gucci","luxury","GG1338SK","women",305,305,0,0,"2026-09-27"
"889652413051","Gucci","luxury","GG1337S","women",305,305,0,0,"2026-09-27"
"889652413808","Gucci","luxury","GG1289S","men",575,575,0,0,"2026-09-27"
"889652414850","Gucci","luxury","GG1327S","women",1390,695,0,1,"2026-09-27"
"889652415222","Gucci","luxury","GG1335S","women",560,280,0,1,"2026-09-27"
"889652415376","Gucci","luxury","GG1300S","women",590,590,0,0,"2026-09-27"
"889652416588","Balenciaga","luxury","BB0256S","women",780,390,0,1,"2026-09-27"
"889652416625","Balenciaga","luxury","BB0258S","women",535,267.5,0,1,"2026-09-27"
"889652416700","Balenciaga","luxury","BB0260S","women",535,535,0,0,"2026-09-27"
"889652418216","Saint Laurent","luxury","SL 570","women",550,550,0,0,"2026-09-27"
"889652418483","Saint Laurent","luxury","SL 569 Y","women",580,290,0,1,"2026-09-27"
"889652420387","Saint Laurent","luxury","SL572","unisex",595,595,0,0,"2026-09-27"
"889652420394","Saint Laurent","luxury","SL 572","unisex",595,595,0,0,"2026-09-27"
"889652421209","Saint Laurent","luxury","SLM115","unisex",535,535,0,0,"2026-09-27"
"889652421230","Saint Laurent","luxury","SL M115","women",535,535,0,0,"2026-09-27"
"889652422282","Chloé","luxury","CH0149S","women",470,235,0,1,"2026-09-27"
"889652423753","Chloé","luxury","CH0173S","women",500,500,0,0,"2026-09-27"
"889652428581","Gucci","luxury","GG1263S","men",490,245,0,1,"2026-09-27"
"889652429380","Saint Laurent","luxury","SL 592","unisex",535,267.5,0,1,"2026-09-27"
"889652429410","Saint Laurent","luxury","SL 593","women",435,217.5,0,1,"2026-09-27"
"889652430256","Saint Laurent","luxury","Sl M119 Blaze","women",960,960,0,0,"2026-09-27"
"889652431109","Bottega Veneta","luxury","BV1212S","women",480,480,0,0,"2026-09-27"
"889652437583","Balenciaga","luxury","BB0287S","women",590,295,0,1,"2026-09-27"
"889652437767","Gucci","luxury","GG1402S","women",385,385,0,0,"2026-09-27"
"889652438146","Gucci","luxury","GG1444S","men",445,445,0,0,"2026-09-27"
"889652438177","Gucci","luxury","GG1444S","men",445,311.5,0,1,"2026-09-27"
"889652438481","Gucci","luxury","GG1460S","men",490,490,0,0,"2026-09-27"
"889652438498","Gucci","luxury","GG1460S","men",490,343,0,1,"2026-09-27"
"889652438986","Gucci","luxury","GG1449S","women",545,545,0,0,"2026-09-27"
"889652439099","Gucci","luxury","GG1421S","women",500,500,0,0,"2026-09-27"
"889652439808","Gucci","luxury","GG1426S","men",530,530,0,0,"2026-09-27"
"889652439839","Gucci","luxury","GG1426S","men",530,371,0,1,"2026-09-27"
"889652440330","Gucci","luxury","GG1427S","men",430,430,0,0,"2026-09-27"
"889652441429","Gucci","luxury","GG1434S","women",620,620,0,0,"2026-09-27"
"889652442068","Gucci","luxury","GG1487S-001","unisex",870,435,0,1,"2026-09-27"
"889652442365","Saint Laurent","luxury","SL605-002","unisex",725,362.5,0,1,"2026-09-27"
"889652442372","Saint Laurent","luxury","SL605-003","unisex",725,362.5,0,1,"2026-09-27"
"889652442723","Balenciaga","luxury","BB0289S","unisex",725,362.5,0,1,"2026-09-27"
"889652443133","Balenciaga","luxury","BB0301S","unisex",605,302.5,0,1,"2026-09-27"
"889652444000","Balenciaga","luxury","BB0292S","unisex",765,765,0,0,"2026-09-27"
"889652444826","Saint Laurent","luxury","SL 613","women",495,247.5,0,1,"2026-09-27"
"889652444888","Saint Laurent","luxury","SL 628","men",595,297.5,0,1,"2026-09-27"
"889652445038","Saint Laurent","luxury","SL 214 Kate","women",520,364,0,1,"2026-09-27"
"889652445519","Saint Laurent","luxury","SL 617","men",595,595,0,0,"2026-09-27"
"889652447858","Bottega Veneta","luxury","BV1253S","men",425,425,0,0,"2026-09-27"
"889652448213","Bottega Veneta","luxury","BV1249S","women",540,540,0,0,"2026-09-27"
"889652450179","Chloé","luxury","CH0190S","women",470,329,0,1,"2026-09-27"
"889652450551","Chloé","luxury","CH0210S","women",765,382.5,0,1,"2026-09-27"
"889652451855","Chloé","luxury","CH0202S","women",605,302.5,0,1,"2026-09-27"
"889652451930","Chloé","luxury","CH0204S","women",500,500,0,0,"2026-09-27"
"889652453149","Saint Laurent","luxury","SL 633","women",520,520,0,0,"2026-09-27"
"889652453477","Saint Laurent","luxury","SL 639","women",550,275,0,1,"2026-09-27"
"889652453545","Saint Laurent","luxury","SL 641","women",350,350,0,0,"2026-09-27"
"889652454498","Saint Laurent","luxury","SL M130","women",520,520,0,0,"2026-09-27"
"889652456010","Bottega Veneta","luxury","BV1273S","women",760,760,0,0,"2026-09-27"
"889652466989","Gucci","luxury","GG1547S","women",545,545,0,0,"2026-09-27"
"889652467061","Gucci","luxury","GG1528S","women",605,605,0,0,"2026-09-27"
"889652467740","Gucci","luxury","GG1587S","women",415,415,0,0,"2026-09-27"
"889652468228","Gucci","luxury","GG1535S","women",370,370,0,0,"2026-09-27"
"889652468983","Gucci","luxury","GG1579S","women",305,305,0,0,"2026-09-27"
"889652469232","Gucci","luxury","Gg1604S","women",650,650,0,0,"2026-09-27"
"889652469416","Gucci","luxury","GG1593S","women",545,545,0,0,"2026-09-27"
"889652470399","Gucci","luxury","GG1509S","men",560,560,0,0,"2026-09-27"
"889652470559","Gucci","luxury","GG1517S","men",680,680,0,0,"2026-09-27"
"889652470771","Gucci","luxury","GG1494S","men",530,530,0,0,"2026-09-27"
"889652470825","Gucci","luxury","GG1493S","men",530,530,0,0,"2026-09-27"
"889652471211","Balenciaga","luxury","BB0321S","women",560,560,0,0,"2026-09-27"
"889652471693","Balenciaga","luxury","BB0324SK","women",560,560,0,0,"2026-09-27"
"889652475127","Saint Laurent","luxury","SL 614 Mask","women",595,297.5,0,1,"2026-09-27"
"889652483023","Chloé","luxury","CH0240S","women",500,500,0,0,"2026-09-27"
"889652483139","Chloé","luxury","CH0226S","women",415,415,0,0,"2026-09-27"
"889652484983","Saint Laurent","luxury","SL 657","women",495,495,0,0,"2026-09-27"
"889652485560","Bottega Veneta","luxury","BV1276S","women",600,600,0,0,"2026-09-27"
"889652485973","Bottega Veneta","luxury","BV1282S","women",570,570,0,0,"2026-09-27"
"889652486512","Bottega Veneta","luxury","BV1296SA","women",525,525,0,0,"2026-09-27"
"889652490571","Saint Laurent","luxury","SL 692","women",565,565,0,0,"2026-09-27"
"889652491325","Bottega Veneta","luxury","BV1303S","women",615,615,0,0,"2026-09-27"
"889652491493","Bottega Veneta","luxury","BV1305S","unisex",655,655,0,0,"2026-09-27"
"889652492407","Saint Laurent","luxury","SL M136","women",535,535,0,0,"2026-09-27"
"889652494821","Gucci","luxury","GG1660S","women",445,445,0,0,"2026-09-27"
"889652494876","Gucci","luxury","GG1661S","women",445,445,0,0,"2026-09-27"
"889652497914","Gucci","luxury","GG1689S","women",545,545,0,0,"2026-09-27"
"889652497990","Gucci","luxury","GG1664S","women",545,545,0,0,"2026-09-27"
"889652498140","Gucci","luxury","GG1668S","men",530,530,0,0,"2026-09-27"
"889652498492","Gucci","luxury","GG1703S","men",680,680,0,0,"2026-09-27"
"889652498768","Gucci","luxury","GG1680S","women",530,530,0,0,"2026-09-27"
"889652498843","Gucci","luxury","GG1681S","women",430,430,0,0,"2026-09-27"
"889652498973","Gucci","luxury","GG1691S","women",530,530,0,0,"2026-09-27"
"889652499918","Gucci","luxury","GG1676S","men",605,605,0,0,"2026-09-27"
"889652501802","Gucci","luxury","GG1684SA","women",430,430,0,0,"2026-09-27"
"889652502007","Gucci","luxury","GG1713SA","women",740,740,0,0,"2026-09-27"
"889652502250","Balenciaga","luxury","BB0007S","unisex",415,415,0,0,"2026-09-27"
"889652502687","Gucci","luxury","GG1714S","women",305,305,0,0,"2026-09-27"
"889652502731","Gucci","luxury","GG1716S","men",305,305,0,0,"2026-09-27"
"889652506463","Gucci","luxury","GG1771S","women",680,680,0,0,"2026-09-27"
"889652506623","Saint Laurent","luxury","Sl M137 Amelia","women",590,590,0,0,"2026-09-27"
"889652507323","Balenciaga","luxury","BB0357SA","unisex",590,590,0,0,"2026-09-27"
"889652507392","Balenciaga","luxury","BB0359S","women",695,695,0,0,"2026-09-27"
"889652507729","Balenciaga","luxury","BB0367S","women",430,430,0,0,"2026-09-27"
"889652508009","Balenciaga","luxury","BB0374SK","unisex",560,560,0,0,"2026-09-27"
"889652512631","Bottega Veneta","luxury","BV1330S","women",655,655,0,0,"2026-09-27"
"889652513393","Bottega Veneta","luxury","BV1322S","women",600,600,0,0,"2026-09-27"
"889652513805","Bottega Veneta","luxury","BV1327S","unisex",540,540,0,0,"2026-09-27"
"889652514239","Bottega Veneta","luxury","BV1005S","women",600,600,0,0,"2026-09-27"
"889652514819","Chloé","luxury","CH0258S","women",445,445,0,0,"2026-09-27"
"889652514895","Chloé","luxury","CH0260S","women",540,540,0,0,"2026-09-27"
"889652514963","Chloé","luxury","CH0262S","women",500,500,0,0,"2026-09-27"
"889652515892","Bottega Veneta","luxury","BV1342S","unisex",775,775,0,0,"2026-09-27"
"889652517124","Saint Laurent","luxury","SL M140","women",580,580,0,0,"2026-09-27"
"889652520681","Saint Laurent","luxury","SL 732 Vadim","men",550,550,0,0,"2026-09-27"
"889652521015","Saint Laurent","luxury","SL 740","women",535,535,0,0,"2026-09-27"
"889652521152","Saint Laurent","luxury","SL 746","unisex",520,520,0,0,"2026-09-27"
"889652521312","Saint Laurent","luxury","SL 750","men",650,650,0,0,"2026-09-27"
"889652521428","Saint Laurent","luxury","SL M143","women",535,535,0,0,"2026-09-27"
"889652523385","Chloé","luxury","CH0278S","women",500,500,0,0,"2026-09-27"
"889652523484","Chloé","luxury","CH0280S","women",415,415,0,0,"2026-09-27"
"889652525730","Gucci","luxury","GG1829SK","women",445,445,0,0,"2026-09-27"
"889652526348","Gucci","luxury","GG1818SK","women",370,370,0,0,"2026-09-27"
"889652527260","Gucci","luxury","GG1824S","women",420,420,0,0,"2026-09-27"
"889652527468","Gucci","luxury","GG1815S","women",370,370,0,0,"2026-09-27"
"889652528298","Gucci","luxury","GG1802S","women",680,680,0,0,"2026-09-27"
"889652528335","Gucci","luxury","GG1802S","women",575,575,0,0,"2026-09-27"
"889652528496","Gucci","luxury","GG1808S","men",635,635,0,0,"2026-09-27"
"889652528502","Gucci","luxury","GG1808S","men",575,575,0,0,"2026-09-27"
"889652528588","Gucci","luxury","GG1857S","men",305,305,0,0,"2026-09-27"
"889652528755","Gucci","luxury","GG1842S","women",590,590,0,0,"2026-09-27"
"889652529332","Gucci","luxury","GG1888S","men",650,650,0,0,"2026-09-27"
"889652529578","Gucci","luxury","GG1854S","men",610,610,0,0,"2026-09-27"
"889652530222","Gucci","luxury","GG1835S","women",460,460,0,0,"2026-09-27"
"889652531083","Gucci","luxury","GG1861S","women",530,530,1,0,"2026-09-27"
"889652532424","Balenciaga","luxury","BB0395S","women",560,560,0,0,"2026-09-27"
"889652533025","Balenciaga","luxury","BB0384S","unisex",710,710,0,0,"2026-09-27"
"889652533926","Saint Laurent","luxury","SL 753","unisex",550,550,0,0,"2026-09-27"
"889652538587","Gucci","luxury","GG1338S","women",360,360,1,0,"2026-09-27"
"889652544144","Chloé","luxury","CH0301S","women",485,485,0,0,"2026-09-27"
"889652545295","Bottega Veneta","luxury","BV1357S","women",540,540,0,0,"2026-09-27"
"889652546551","Bottega Veneta","luxury","BV1386S_6J","unisex",655,655,0,0,"2026-09-27"
"889652548364","Chloé","luxury","CH0283S","women",540,540,0,0,"2026-09-27"
"889652548449","Chloé","luxury","CH0286S","women",500,500,0,0,"2026-09-27"
"889652554501","Saint Laurent","luxury","SL759","women",525,525,0,0,"2026-09-27"
"889652554587","Saint Laurent","luxury","SL 775","women",390,390,0,0,"2026-09-27"
"889652554891","Saint Laurent","luxury","SL M103","women",495,495,0,0,"2026-09-27"
"889652555416","Saint Laurent","luxury","SL 766","unisex",565,565,0,0,"2026-09-27"
"889652555874","Saint Laurent","luxury","SL M146","women",495,495,0,0,"2026-09-27"
"889652555980","Saint Laurent","luxury","SLM94Rim","women",605,605,0,0,"2026-09-27"
"889652556390","Saint Laurent","luxury","SL M148","women",535,535,0,0,"2026-09-27"
"889652556895","Saint Laurent","luxury","SL790","unisex",565,565,0,0,"2026-09-27"
"889652557816","Bottega Veneta","luxury","BV1387S","women",655,655,0,0,"2026-09-27"
"889652557922","Bottega Veneta","luxury","BV1390S","women",760,760,0,0,"2026-09-27"
"889652558219","Gucci","luxury","GG1922S","women",710,710,0,0,"2026-09-27"
"889652558387","Saint Laurent","luxury","SL 796","men",535,535,0,0,"2026-09-27"
"889652561035","Saint Laurent","luxury","SL 809","unisex",520,520,0,0,"2026-09-27"
"889652567143","Gucci","luxury","GG1944S","women",515,515,0,0,"2026-09-27"
"889652567549","Gucci","luxury","GG1991S","men",430,430,0,0,"2026-09-27"
"889652567600","Gucci","luxury","GG1950S","women",590,590,0,0,"2026-09-27"
"889652568355","Gucci","luxury","GG1979SK","women",545,545,0,0,"2026-09-27"
"889652568621","Gucci","luxury","GG1960S","men",575,575,0,0,"2026-09-27"
"889652569475","Gucci","luxury","GG1936S","women",710,710,0,0,"2026-09-27"
"889652569734","Balenciaga","luxury","BB0443S","women",560,560,0,0,"2026-09-27"
"889652570662","Gucci","luxury","GG1981S","men",575,575,0,0,"2026-09-27"
"889652571324","Gucci","luxury","GG1985S","men",305,305,0,0,"2026-09-27"
"889652584959","Saint Laurent","luxury","SL815Romy","women",495,495,0,0,"2026-09-27"
"889652585062","Saint Laurent","luxury","SL 558","men",495,495,0,0,"2026-09-27"
"889652585291","Saint Laurent","luxury","SL820Victoire","women",595,595,0,0,"2026-09-27"
"889652585345","Saint Laurent","luxury","SL816","women",495,495,0,0,"2026-09-27"
"889652587912","Balenciaga","luxury","BB0434SK","women",520,520,0,0,"2026-09-27"
"889652588988","Balenciaga","luxury","BB0458S","unisex",650,650,0,0,"2026-09-27"
"889652591063","Bottega Veneta","luxury","BV1406S","unisex",510,510,0,0,"2026-09-27"
"889652591179","Bottega Veneta","luxury","BV1411S","men",570,570,0,0,"2026-09-27"
"889652591346","Bottega Veneta","luxury","BV1419S","unisex",760,760,0,0,"2026-09-27"
"889652593890","Bottega Veneta","luxury","BV1415SK","women",480,480,0,0,"2026-09-27"
"889652599762","Chloé","luxury","CH0331S","women",485,485,0,0,"2026-09-27"
"889652601304","Chloé","luxury","CH0327S","women",525,525,0,0,"2026-09-27"
"889652601557","Chloé","luxury","CH0326S","women",500,500,0,0,"2026-09-27"
"889652601694","Chloé","luxury","CH0329S","women",565,565,0,0,"2026-09-27"
"889652601717","Chloé","luxury","CH0333S","women",485,485,0,0,"2026-09-27"
"889652602707","Chloé","luxury","CH0323SK","women",485,485,0,0,"2026-09-27"
"889652604817","Saint Laurent","luxury","SL822","women",390,390,0,0,"2026-09-27"
"889652605159","Saint Laurent","luxury","SL830","women",535,535,0,0,"2026-09-27"
"889652605234","Saint Laurent","luxury","SL832","women",565,565,0,0,"2026-09-27"
"889652605579","Saint Laurent","luxury","SL83","unisex",550,550,0,0,"2026-09-27"
"889652606118","Saint Laurent","luxury","SLM152","unisex",580,580,0,0,"2026-09-27"
"889652614861","Saint Laurent","luxury","SL97","women",535,535,0,0,"2026-09-27"
"889652618470","Bottega Veneta","luxury","BV1418S","women",760,760,0,0,"2026-09-27"
"889652625102","Gucci","luxury","Gg2077S","men",415,415,0,0,"2026-09-27"
"889652625898","Gucci","luxury","Gg2039S","women",575,575,0,0,"2026-09-27"
"889652626383","Gucci","luxury","Gg2053S","women",590,590,0,0,"2026-09-27"
"889652627502","Gucci","luxury","Gg2089S","men",545,545,0,0,"2026-09-27"
"889652628745","Balenciaga","luxury","BB0484S","women",620,620,0,0,"2026-09-27"
"889652629025","Gucci","luxury","Gg2115S","women",515,515,0,0,"2026-09-27"
"889652630908","Chloé","luxury","CH0348S","women",550,550,0,0,"2026-09-27"
"889652631721","Gucci","luxury","Gg2044Sa","women",515,515,0,0,"2026-09-27"
"889652633565","Gucci","luxury","Gg2105Sa","women",305,305,0,0,"2026-09-27"
"889652634593","Gucci","luxury","Gg2153S","women",515,515,0,0,"2026-09-27"
"889652634883","Gucci","luxury","GG2154S","men",695,695,0,0,"2026-09-27"
"889652636863","Bottega Veneta","luxury","Bv1470S","unisex",570,570,0,0,"2026-09-27"
"889652647593","Chloé","luxury","Ch0382S","women",500,500,0,0,"2026-09-27"
"889652650357","Saint Laurent","luxury","Sl 862","unisex",535,535,0,0,"2026-09-27"
"889652650470","Saint Laurent","luxury","SL 864","unisex",535,535,0,0,"2026-09-27"
"889652650869","Saint Laurent","luxury","Sl 872 Erin","unisex",420,420,0,0,"2026-09-27"
"889652651002","Saint Laurent","luxury","Sl 875","men",520,520,0,0,"2026-09-27"
"889652651194","Saint Laurent","luxury","Sl 879","men",565,565,0,0,"2026-09-27"
"889652651439","Saint Laurent","luxury","Sl 889 Sulpice Thin","women",420,420,0,0,"2026-09-27"
"889652651774","Saint Laurent","luxury","Sl M160","women",495,495,0,0,"2026-09-27"
"889652651828","Saint Laurent","luxury","SL M161","unisex",495,495,0,0,"2026-09-27"
"889652651972","Saint Laurent","luxury","Sl M172","women",520,520,0,0,"2026-09-27"
"889652667515","Gucci","luxury","GG2178S","women",400,400,0,0,"2026-09-27"
"889652675367","Saint Laurent","luxury","SL 904","men",305,305,0,0,"2026-09-27"
"889652699547","Gucci","luxury","GG0748S","men",430,430,1,0,"2026-09-27"
"97963041683","Costa","premium","Brine","men",285,285,1,0,"2026-09-27"
"97963455091","Costa","premium","Permit","men",296,296,1,0,"2026-09-27"
"97963475051","Costa","premium","Fathom","men",201,201,1,0,"2026-09-27"
"97963477161","Costa","premium","Fantail","men",296,296,1,0,"2026-09-27"
"97963492829","Costa","premium","Cat Cay","men",188,188,1,0,"2026-09-27"
"97963493772","Costa","premium","Saltbreak","men",296,296,1,0,"2026-09-27"
"97963495509","Costa","premium","Fathom","men",285,285,1,0,"2026-09-27"
"97963495707","Costa","premium","Fisch","men",296,296,1,0,"2026-09-27"
"97963497756","Costa","premium","Tuna Alley","men",296,296,1,0,"2026-09-27"
"97963515399","Costa","premium","Blackfin","men",233,233,1,0,"2026-09-27"
"97963515535","Costa","premium","Brine","men",222,222,1,0,"2026-09-27"
"97963517003","Costa","premium","Tuna Alley","men",233,233,1,0,"2026-09-27"
"97963517218","Costa","premium","Fantail","men",233,233,1,0,"2026-09-27"
"97963525435","Costa","premium","Jose","men",246,246,1,0,"2026-09-27"
"97963526692","Costa","premium","Loreto","women",333,333,1,0,"2026-09-27"
"97963554800","Costa","premium","Gannet","women",212,212,1,0,"2026-09-27"
"97963554916","Costa","premium","Gulf Shore","men",222,222,1,0,"2026-09-27"
"97963555722","Costa","premium","Reefton","men",233,233,1,0,"2026-09-27"
"97963555821","Costa","premium","Reefton","men",296,296,1,0,"2026-09-27"
"97963556545","Costa","premium","Whitetip","men",201,201,1,0,"2026-09-27"
"97963652346","Costa","premium","Rincon","men",296,296,1,0,"2026-09-27"
"97963652377","Costa","premium","Half Moon","men",296,296,1,0,"2026-09-27"
"97963665858","Costa","premium","Piper","men",282,282,1,0,"2026-09-27"
"97963776516","Costa","premium","May","women",285,285,1,0,"2026-09-27"
"97963809245","Costa","premium","Turret","men",282,282,1,0,"2026-09-27"
"97963813150","Costa","premium","Rinconcito","men",233,233,1,0,"2026-09-27"
"97963818933","Costa","premium","Rinconcito","men",296,296,1,0,"2026-09-27"
"97963826747","Costa","premium","6S9027 Ocearch® Vela","men",269,134.5,1,1,"2026-09-27"
"97963826839","Costa","premium","Ocearch® Vela","men",224,112,1,1,"2026-09-27"
"97963837767","Costa","premium","Diego","men",321,321,1,0,"2026-09-27"
"97963838306","Costa","premium","Sullivan","unisex",285,285,1,0,"2026-09-27"
"97963838566","Costa","premium","Tybee","men",285,285,1,0,"2026-09-27"
"97963844031","Costa","premium","Ferg","men",321,224.7,1,1,"2026-09-27"
"97963887304","Costa","premium","Blackfin PRO","men",309,309,1,0,"2026-09-27"
"97963887434","Costa","premium","Fantail PRO","men",309,309,1,0,"2026-09-27"
"97963898225","Costa","premium","Spearo XL","men",309,309,1,0,"2026-09-27"
"97963898270","Costa","premium","Spearo XL","men",225,225,1,0,"2026-09-27"
"97963905206","Costa","premium","Rincon","men",212,212,1,0,"2026-09-27"
"97963911047","Costa","premium","Paunch","men",272,272,1,0,"2026-09-27"
"97963911078","Costa","premium","Paunch","men",249,249,1,0,"2026-09-27"
"97963911238","Costa","premium","Reefton PRO","men",309,309,1,0,"2026-09-27"
"97963939584","Costa","premium","Caleta","women",248,173.6,1,1,"2026-09-27"
"97963939614","Costa","premium","Jose PRO","men",309,309,1,0,"2026-09-27"
"97963939706","Costa","premium","Palmas","women",272,190.4,1,1,"2026-09-27"
"97963939744","Costa","premium","Palmas","women",209,209,1,0,"2026-09-27"
"97963939812","Costa","premium","Irie","unisex",249,174.3,1,1,"2026-09-27"
"97963939843","Costa","premium","Paunch XL","men",272,272,1,0,"2026-09-27"
"97963939881","Costa","premium","Paunch XL","men",249,249,1,0,"2026-09-27"
"97963940405","Costa","premium","Corbina PRO","men",286,286,1,0,"2026-09-27"
"97963956987","Costa","premium","Mainsail","men",222,222,1,0,"2026-09-27"
"97963957045","Costa","premium","Aleta","women",285,285,1,0,"2026-09-27"
"97963957052","Costa","premium","Aleta","women",201,201,1,0,"2026-09-27"
"97963967082","Costa","premium","King Tide 6","men",382,382,1,0,"2026-09-27"
"97963967464","Costa","premium","Seadrift","women",177,123.9,1,1,"2026-09-27"
"97963967495","Costa","premium","Spearo XL","men",286,200.2,1,1,"2026-09-27"
"97963967662","Costa","premium","Kailano","men",262,262,1,0,"2026-09-27"
"97963978989","Costa","premium","Ulu","unisex",262,262,1,0,"2026-09-27"
"97963979085","Costa","premium","Keramas","men",262,262,1,0,"2026-09-27"
"97963979320","Costa","premium","Finlet","men",248,248,1,0,"2026-09-27"
"97963979900","Costa","premium","Nusa","women",262,262,1,0,"2026-09-27"
"97963980241","Costa","premium","Grand Catalina","men",309,309,1,0,"2026-09-27"
"97963980296","Costa","premium","Grand Catalina","men",225,225,1,0,"2026-09-27"
"97963980371","Costa","premium","Taxman","men",225,225,1,0,"2026-09-27"
"97963980845","Costa","premium","Whitetip PRO","men",309,309,1,0,"2026-09-27"
"97963988506","Costa","premium","Tuna Alley PRO","men",309,309,1,0,"2026-09-27"
"97963988568","Costa","premium","Ferg XL","men",321,321,1,0,"2026-09-27"
"97963989237","Costa","premium","Clipperton","unisex",225,225,1,0,"2026-09-27"
"97963989305","Costa","premium","Broadbill II","men",285,285,1,0,"2026-09-27"
"97963989367","Costa","premium","Broadbill II","men",222,222,1,0,"2026-09-27"
"97963989411","Costa","premium","Rincon II","men",285,285,1,0,"2026-09-27"
"97963989480","Costa","premium","Rincon II","men",222,222,1,0,"2026-09-27"
"97963989534","Costa","premium","Panga II","women",262,262,1,0,"2026-09-27"
"97963989565","Costa","premium","Panga II","women",201,201,1,0,"2026-09-27"
"97963989640","Costa","premium","Suenos","unisex",188,188,1,0,"2026-09-27"
"97963990240","Costa","premium","Clemente","women",188,188,1,0,"2026-09-27"
"97963990585","Costa","premium","Corrientes","unisex",201,201,1,0,"2026-09-27"
"97963991476","Costa","premium","Los Alijos","men",285,285,1,0,"2026-09-27"
"97963991490","Costa","premium","Los Alijos","men",201,201,1,0,"2026-09-27"
"97963993951","Costa","premium","Corrientes","men",285,285,1,0,"2026-09-27"
